DeployID,TagID,RecapID,RecapID_Clean,Size (mm),RiffleID,Site,SurveyID,Date,DetectionType,Notes
50300,209000133204,NA,NA,64,GA1,Gravel Augmentation,Deploy 2023,4/25/2023,Trimble,NA
50301,231000039712,NA,NA,32,GA1,Gravel Augmentation,Deploy 2023,4/25/2023,Trimble,NA
50302,209000133209,NA,NA,128,GA1,Gravel Augmentation,Deploy 2023,4/25/2023,Trimble,NA
50303,209000133181,NA,NA,90,GA1,Gravel Augmentation,Deploy 2023,4/25/2023,Trimble,NA
50304,226001370216,NA,NA,16,GA1,Gravel Augmentation,Deploy 2023,4/25/2023,Trimble,NA
50305,230000298006,NA,NA,256,GA1,Gravel Augmentation,Deploy 2023,4/25/2023,Trimble,NA
50306,209000133155,NA,NA,90,GA1,Gravel Augmentation,Deploy 2023,4/25/2023,Trimble,NA
50307,231000039751,NA,NA,32,GA1,Gravel Augmentation,Deploy 2023,4/25/2023,Trimble,NA
50308,209000133126,NA,NA,128,GA1,Gravel Augmentation,Deploy 2023,4/25/2023,Trimble,NA
50309,209000133194,NA,NA,64,GA1,Gravel Augmentation,Deploy 2023,4/25/2023,Trimble,NA
50310,209000133134,NA,NA,64,GA2,Gravel Augmentation,Deploy 2023,4/25/2023,Trimble,NA
50311,226001370200,NA,NA,16,GA2,Gravel Augmentation,Deploy 2023,4/25/2023,Trimble,NA
50312,209000133192,NA,NA,128,GA2,Gravel Augmentation,Deploy 2023,4/25/2023,Trimble,NA
50313,231000039706,NA,NA,32,GA2,Gravel Augmentation,Deploy 2023,4/25/2023,Trimble,NA
50314,209000133185,NA,NA,64,GA3,Gravel Augmentation,Deploy 2023,4/25/2023,Trimble,NA
50315,226001370294,NA,NA,32,GA3,Gravel Augmentation,Deploy 2023,4/25/2023,Trimble,NA
50316,209000133175,NA,NA,128,GA3,Gravel Augmentation,Deploy 2023,4/25/2023,Trimble,NA
50317,209000133130,NA,NA,64,GA4,Gravel Augmentation,Deploy 2023,4/25/2023,Trimble,NA
50318,226001370293,NA,NA,16,GA4,Gravel Augmentation,Deploy 2023,4/25/2023,Trimble,NA
50319,209000133137,NA,NA,90,GA4,Gravel Augmentation,Deploy 2023,4/25/2023,Trimble,NA
50320,209000133179,NA,NA,64,GA4,Gravel Augmentation,Deploy 2023,4/25/2023,Trimble,NA
50321,209000133147,NA,NA,64,GA5,Gravel Augmentation,Deploy 2023,4/25/2023,Trimble,NA
50322,230000298016,NA,NA,256,GA5,Gravel Augmentation,Deploy 2023,4/25/2023,Trimble,NA
50323,226001370275,NA,NA,32,GA5,Gravel Augmentation,Deploy 2023,4/25/2023,Trimble,NA
50324,209000133187,NA,NA,90,GA5,Gravel Augmentation,Deploy 2023,4/25/2023,Trimble,NA
50325,209000133183,NA,NA,64,GA6,Gravel Augmentation,Deploy 2023,4/25/2023,Trimble,NA
50326,209000133110,NA,NA,128,GA6,Gravel Augmentation,Deploy 2023,4/25/2023,Trimble,NA
50327,226001370330,NA,NA,16,GA6,Gravel Augmentation,Deploy 2023,4/25/2023,Trimble,NA
50328,209000133191,NA,NA,64,GA6,Gravel Augmentation,Deploy 2023,4/25/2023,Trimble,NA
50329,209000133151,NA,NA,64,GA6,Gravel Augmentation,Deploy 2023,4/25/2023,Trimble,NA
50330,226001370205,NA,NA,32,Overflow 1C,Gravel Augmentation,Deploy 2023,4/25/2023,Trimble,NA
50331,226001370222,NA,NA,16,Overflow 1C,Gravel Augmentation,Deploy 2023,4/25/2023,Trimble,NA
50332,226001370230,NA,NA,32,Overflow 1C,Gravel Augmentation,Deploy 2023,4/25/2023,Trimble,NA
50333,226001370203,NA,NA,16,Overflow 1C,Gravel Augmentation,Deploy 2023,4/25/2023,Trimble,NA
50334,226001370236,NA,NA,32,Overflow 1C,Gravel Augmentation,Deploy 2023,4/25/2023,Trimble,NA
50335,226001370259,NA,NA,16,Overflow 1A,Gravel Augmentation,Deploy 2023,4/25/2023,Trimble,NA
50336,226001370291,NA,NA,32,Overflow 1A,Gravel Augmentation,Deploy 2023,4/25/2023,Trimble,NA
50337,226001370397,NA,NA,16,Overflow 1A,Gravel Augmentation,Deploy 2023,4/25/2023,Trimble,NA
50338,231000039741,NA,NA,32,Overflow 1A,Gravel Augmentation,Deploy 2023,4/25/2023,Trimble,NA
50339,226001370204,NA,NA,16,Overflow 1A,Gravel Augmentation,Deploy 2023,4/25/2023,Trimble,NA
NA,209000133113,NA,NA,90,Gravel Augmentation,Gravel Augmentation,Deploy 2023,4/25/2023,Trimble,NA
NA,209000133124,NA,NA,45,Gravel Augmentation,Gravel Augmentation,Deploy 2023,4/25/2023,Trimble,NA
NA,209000133128,NA,NA,45,Gravel Augmentation,Gravel Augmentation,Deploy 2023,4/25/2023,Trimble,NA
NA,209000133132,NA,NA,128,Gravel Augmentation,Gravel Augmentation,Deploy 2023,4/25/2023,Trimble,NA
NA,209000133170,NA,NA,64,Gravel Augmentation,Gravel Augmentation,Deploy 2023,4/25/2023,Trimble,NA
NA,209000133177,NA,NA,64,Gravel Augmentation,Gravel Augmentation,Deploy 2023,4/25/2023,Trimble,NA
NA,209000133201,NA,NA,64,Gravel Augmentation,Gravel Augmentation,Deploy 2023,4/25/2023,Trimble,NA
NA,209000133207,NA,NA,90,Gravel Augmentation,Gravel Augmentation,Deploy 2023,4/25/2023,Trimble,NA
NA,226001370211,NA,NA,32,Gravel Augmentation,Gravel Augmentation,Deploy 2023,4/25/2023,Trimble,NA
NA,226001370221,NA,NA,16,Gravel Augmentation,Gravel Augmentation,Deploy 2023,4/25/2023,Trimble,NA
NA,226001370241,NA,NA,16,Gravel Augmentation,Gravel Augmentation,Deploy 2023,4/25/2023,Trimble,NA
NA,226001370242,NA,NA,16,Gravel Augmentation,Gravel Augmentation,Deploy 2023,4/25/2023,Trimble,NA
NA,226001370246,NA,NA,16,Gravel Augmentation,Gravel Augmentation,Deploy 2023,4/25/2023,Trimble,NA
NA,226001370248,NA,NA,32,Gravel Augmentation,Gravel Augmentation,Deploy 2023,4/25/2023,Trimble,NA
NA,226001370255,NA,NA,16,Gravel Augmentation,Gravel Augmentation,Deploy 2023,4/25/2023,Trimble,NA
NA,226001370260,NA,NA,32,Gravel Augmentation,Gravel Augmentation,Deploy 2023,4/25/2023,Trimble,NA
NA,226001370283,NA,NA,32,Gravel Augmentation,Gravel Augmentation,Deploy 2023,4/25/2023,Trimble,NA
NA,226001370370,NA,NA,16,Gravel Augmentation,Gravel Augmentation,Deploy 2023,4/25/2023,Trimble,NA
NA,230000111516,NA,NA,128,Gravel Augmentation,Gravel Augmentation,Deploy 2023,4/25/2023,Trimble,NA
NA,230000111674,NA,NA,256,Gravel Augmentation,Gravel Augmentation,Deploy 2023,4/25/2023,Trimble,NA
NA,230000111689,NA,NA,90,Gravel Augmentation,Gravel Augmentation,Deploy 2023,4/25/2023,Trimble,NA
NA,230000111737,NA,NA,128,Gravel Augmentation,Gravel Augmentation,Deploy 2023,4/25/2023,Trimble,NA
NA,230000298009,NA,NA,256,Gravel Augmentation,Gravel Augmentation,Deploy 2023,4/25/2023,Trimble,NA
NA,230000298010,NA,NA,256,Gravel Augmentation,Gravel Augmentation,Deploy 2023,4/25/2023,Trimble,NA
NA,230000298015,NA,NA,256,Gravel Augmentation,Gravel Augmentation,Deploy 2023,4/25/2023,Trimble,NA
NA,230000298018,NA,NA,256,Gravel Augmentation,Gravel Augmentation,Deploy 2023,4/25/2023,Trimble,NA
NA,230000298019,NA,NA,256,Gravel Augmentation,Gravel Augmentation,Deploy 2023,4/25/2023,Trimble,NA
NA,231000039792,NA,NA,32,Gravel Augmentation,Gravel Augmentation,Deploy 2023,4/25/2023,Trimble,NA
50300,209000133204,50600*,50600,NA,GA1,Gravel Augmentation,Relocate 2023,9/27/2023,Trimble,NA
50301,231000039712,50601b*,50601,NA,GA1,Gravel Augmentation,Relocate 2023,9/27/2023,Trimble,NA
50302,209000133209,50602*,50602,NA,GA1,Gravel Augmentation,Relocate 2023,9/27/2023,Trimble,NA
50303,209000133181,50603*,50603,NA,GA1,Gravel Augmentation,Relocate 2023,9/27/2023,Trimble,NA
50304,226001370216,50604bh,50604,NA,GA1,Gravel Augmentation,Relocate 2023,9/27/2023,Trimble,NA
50305,230000298006,50605*,50605,NA,GA1,Gravel Augmentation,Relocate 2023,9/27/2023,Trimble,NA
50306,209000133155,50606*,50606,NA,GA1,Gravel Augmentation,Relocate 2023,9/27/2023,Trimble,NA
50307,231000039751,50607h*,50607,NA,GA1,Gravel Augmentation,Relocate 2023,9/27/2023,Trimble,NA
50308,209000133126,50608*,50608,NA,GA1,Gravel Augmentation,Relocate 2023,9/27/2023,Trimble,NA
50309,209000133194,50609*,50609,NA,GA1,Gravel Augmentation,Relocate 2023,9/27/2023,Trimble,NA
50310,209000133134,50610b*~,50610,NA,GA2,Gravel Augmentation,Relocate 2023,9/27/2023,Trimble,NA
50311,226001370200,NA,NA,NA,GA2,Gravel Augmentation,Relocate 2023,9/27/2023,Trimble,NA
50312,209000133192,50612h*,50612,NA,GA2,Gravel Augmentation,Relocate 2023,9/27/2023,Trimble,NA
50313,231000039706,NA,NA,NA,GA2,Gravel Augmentation,Relocate 2023,9/27/2023,Trimble,NA
50314,209000133185,50614b*~,50614,NA,GA3,Gravel Augmentation,Relocate 2023,9/27/2023,Trimble,NA
50315,226001370294,NA,NA,NA,GA3,Gravel Augmentation,Relocate 2023,9/27/2023,Trimble,NA
50316,209000133175,50616b*~,50616,NA,GA3,Gravel Augmentation,Relocate 2023,9/27/2023,Trimble,NA
50317,209000133130,50617b*,50617,NA,GA4,Gravel Augmentation,Relocate 2023,9/27/2023,Trimble,NA
50318,226001370293,NA,NA,NA,GA4,Gravel Augmentation,Relocate 2023,9/27/2023,Trimble,NA
50319,209000133137,50619h*,50619,NA,GA4,Gravel Augmentation,Relocate 2023,9/27/2023,Trimble,NA
50320,209000133179,50620h*,50620,NA,GA4,Gravel Augmentation,Relocate 2023,9/27/2023,Trimble,NA
50321,209000133147,50621h*,50621,NA,GA5,Gravel Augmentation,Relocate 2023,9/27/2023,Trimble,NA
50322,230000298016,50622*,50622,NA,GA5,Gravel Augmentation,Relocate 2023,9/27/2023,Trimble,NA
50323,226001370275,NA,NA,NA,GA5,Gravel Augmentation,Relocate 2023,9/27/2023,Trimble,NA
50324,209000133187,NA,NA,NA,GA5,Gravel Augmentation,Relocate 2023,9/27/2023,Trimble,NA
50325,209000133183,NA,NA,NA,GA6,Gravel Augmentation,Relocate 2023,9/27/2023,Trimble,NA
50326,209000133110,50626h*,50626,NA,GA6,Gravel Augmentation,Relocate 2023,9/27/2023,Trimble,NA
50327,226001370330,NA,NA,NA,GA6,Gravel Augmentation,Relocate 2023,9/27/2023,Trimble,NA
50328,209000133191,50628h*,50628,NA,GA6,Gravel Augmentation,Relocate 2023,9/27/2023,Trimble,NA
50329,209000133151,50629bh*,50629,NA,GA6,Gravel Augmentation,Relocate 2023,9/27/2023,Trimble,NA
50330,226001370205,50630b*,50630,NA,Overflow 1C,Gravel Augmentation,Relocate 2023,9/27/2023,Trimble,NA
50331,226001370222,50631b,50631,NA,Overflow 1C,Gravel Augmentation,Relocate 2023,9/27/2023,Trimble,NA
50332,226001370230,50632b*,50632,NA,Overflow 1C,Gravel Augmentation,Relocate 2023,9/27/2023,Trimble,NA
50333,226001370203,NA,NA,NA,Overflow 1C,Gravel Augmentation,Relocate 2023,9/27/2023,Trimble,NA
50334,226001370236,50634b*,50634,NA,Overflow 1C,Gravel Augmentation,Relocate 2023,9/27/2023,Trimble,NA
50335,226001370259,NA,NA,NA,Overflow 1A,Gravel Augmentation,Relocate 2023,9/27/2023,Trimble,NA
50336,226001370291,50636*,50636,NA,Overflow 1A,Gravel Augmentation,Relocate 2023,9/27/2023,Trimble,NA
50337,226001370397,NA,NA,NA,Overflow 1A,Gravel Augmentation,Relocate 2023,9/27/2023,Trimble,NA
50338,231000039741,NA,NA,NA,Overflow 1A,Gravel Augmentation,Relocate 2023,9/27/2023,Trimble,NA
50339,226001370204,50639b*,50639,NA,Overflow 1A,Gravel Augmentation,Relocate 2023,9/27/2023,Trimble,NA
50311,226001370200,NA,NA,NA,GA2,Gravel Augmentation,Relocate 2024,9/24/2024,Trimble,NA
50313,231000039706,NA,NA,NA,GA2,Gravel Augmentation,Relocate 2024,9/24/2024,Trimble,NA
50315,226001370294,NA,NA,NA,GA3,Gravel Augmentation,Relocate 2024,9/24/2024,Trimble,NA
50318,226001370293,NA,NA,NA,GA4,Gravel Augmentation,Relocate 2024,9/24/2024,Trimble,NA
50323,226001370275,NA,NA,NA,GA5,Gravel Augmentation,Relocate 2024,9/24/2024,Trimble,NA
50324,209000133187,50924*,50924,NA,GA5,Gravel Augmentation,Relocate 2024,9/24/2024,Trimble,NA
50325,209000133183,50925,50925,NA,GA6,Gravel Augmentation,Relocate 2024,9/24/2024,Mobile,"from M34, survey = 146503"
50333,226001370203,NA,NA,NA,Overflow 1C,Gravel Augmentation,Relocate 2024,9/24/2024,Trimble,NA
50335,226001370259,50935,50935,NA,Overflow 1A,Gravel Augmentation,Relocate 2024,9/24/2024,Mobile,M34 Detection Only
50337,226001370397,NA,NA,NA,Overflow 1A,Gravel Augmentation,Relocate 2024,9/24/2024,Trimble,NA
50338,231000039741,NA,NA,NA,Overflow 1A,Gravel Augmentation,Relocate 2024,9/24/2024,Trimble,NA
50350,209000133132,NA,NA,NA,GA7,Gravel Augmentation,Relocate 2024,9/24/2024,Trimble,NA
50351,231000039766,50951b~*,50951,NA,GA7,Gravel Augmentation,Relocate 2024,9/24/2024,Trimble,NA
50352,230000111608,50952h*,50952,NA,GA7,Gravel Augmentation,Relocate 2024,9/24/2024,Trimble,NA
50353,226001370221,NA,NA,NA,GA7,Gravel Augmentation,Relocate 2024,9/24/2024,Trimble,NA
50354,209000132730,50954*,50954,NA,GA9,Gravel Augmentation,Relocate 2024,9/24/2024,Trimble,NA
50355,226001370249,NA,NA,NA,GA9,Gravel Augmentation,Relocate 2024,9/24/2024,Trimble,NA
50356,230000111711,50956*,50956,NA,GA9,Gravel Augmentation,Relocate 2024,9/24/2024,Trimble,NA
50357,226001370262,NA,NA,NA,GA9,Gravel Augmentation,Relocate 2024,9/24/2024,Trimble,NA
50358,226001370234,NA,NA,NA,GA8,Gravel Augmentation,Relocate 2024,9/24/2024,Trimble,NA
50359,230000111611,50959b*,50959,NA,GA8,Gravel Augmentation,Relocate 2024,9/24/2024,Trimble,NA
50360,226001370207,NA,NA,NA,GA8,Gravel Augmentation,Relocate 2024,9/24/2024,Trimble,NA
50361,228000607522,NA,NA,NA,GA8,Gravel Augmentation,Relocate 2024,9/24/2024,Trimble,NA
50362,228000607519,50962h*,50962,NA,GA11,Gravel Augmentation,Relocate 2024,9/24/2024,Trimble,NA
50363,226001370214,NA,NA,NA,GA11,Gravel Augmentation,Relocate 2024,9/24/2024,Trimble,NA
50364,230000111502,50964*,50964,NA,GA11,Gravel Augmentation,Relocate 2024,9/24/2024,Trimble,NA
50365,226001370296,NA,NA,NA,GA11,Gravel Augmentation,Relocate 2024,9/24/2024,Trimble,NA
50366,228000607500,50966b*,50966,NA,GA10,Gravel Augmentation,Relocate 2024,9/24/2024,Trimble,NA
50367,209000132759,50967*,50967,NA,GA10,Gravel Augmentation,Relocate 2024,9/24/2024,Trimble,NA
50368,231000039704,NA,NA,NA,GA10,Gravel Augmentation,Relocate 2024,9/24/2024,Trimble,NA
50369,228000607525,NA,NA,NA,GA12,Gravel Augmentation,Relocate 2024,9/24/2024,Trimble,NA
50370,226001370269,NA,NA,NA,GA12,Gravel Augmentation,Relocate 2024,9/24/2024,Trimble,NA
50371,230000111553,50971*,50971,NA,GA12,Gravel Augmentation,Relocate 2024,9/24/2024,Trimble,NA
50372,226001370325,NA,NA,NA,GA12,Gravel Augmentation,Relocate 2024,9/24/2024,Trimble,NA
50600,209000133204,50900*,50900,NA,GA1,Gravel Augmentation,Relocate 2024,9/24/2024,Trimble,NA
50601,231000039712,50901*,50901,NA,GA1,Gravel Augmentation,Relocate 2024,9/24/2024,Trimble,NA
50602,209000133209,50902,50902,NA,GA1,Gravel Augmentation,Relocate 2024,9/24/2024,Trimble,NA
50603,209000133181,50903*,50903,NA,GA1,Gravel Augmentation,Relocate 2024,9/24/2024,Trimble,NA
50604,226001370216,NA,NA,NA,GA1,Gravel Augmentation,Relocate 2024,9/24/2024,Trimble,NA
50605,230000298006,50905*,50905,NA,GA1,Gravel Augmentation,Relocate 2024,9/24/2024,Trimble,NA
50606,209000133155,50906*,50906,NA,GA1,Gravel Augmentation,Relocate 2024,9/24/2024,Trimble,NA
50607,231000039751,NA,NA,NA,GA1,Gravel Augmentation,Relocate 2024,9/24/2024,Trimble,NA
50608,209000133126,50908*,50908,NA,GA1,Gravel Augmentation,Relocate 2024,9/24/2024,Trimble,NA
50609,209000133194,50909*,50909,NA,GA1,Gravel Augmentation,Relocate 2024,9/24/2024,Trimble,NA
50610,209000133134,50910b~,50910,NA,GA2,Gravel Augmentation,Relocate 2024,9/24/2024,Trimble,NA
50612,209000133192,50912*,50912,NA,GA2,Gravel Augmentation,Relocate 2024,9/24/2024,Trimble,NA
50614,209000133185,NA,NA,NA,GA3,Gravel Augmentation,Relocate 2024,9/24/2024,Trimble,NA
50616,209000133175,NA,NA,NA,GA3,Gravel Augmentation,Relocate 2024,9/24/2024,Trimble,NA
50617,209000133130,NA,NA,NA,GA4,Gravel Augmentation,Relocate 2024,9/24/2024,Trimble,NA
50619,209000133137,50919*,50919,NA,GA4,Gravel Augmentation,Relocate 2024,9/24/2024,Trimble,NA
50620,209000133179,50920*,50920,NA,GA4,Gravel Augmentation,Relocate 2024,9/24/2024,Trimble,NA
50621,209000133147,50921b~*,50921,NA,GA5,Gravel Augmentation,Relocate 2024,9/24/2024,Trimble,NA
50622,230000298016,50922*,50922,NA,GA5,Gravel Augmentation,Relocate 2024,9/24/2024,Trimble,NA
50626,209000133110,50926h,50926,NA,GA6,Gravel Augmentation,Relocate 2024,9/24/2024,Trimble,NA
50627,226001370330,NA,NA,NA,GA6,Gravel Augmentation,Relocate 2024,9/24/2024,Trimble,NA
50628,209000133191,50928b*,50928,NA,GA6,Gravel Augmentation,Relocate 2024,9/24/2024,Trimble,NA
50629,209000133151,50929b*,50929,NA,GA6,Gravel Augmentation,Relocate 2024,9/24/2024,Trimble,NA
50630,226001370205,NA,NA,NA,Overflow 1C,Gravel Augmentation,Relocate 2024,9/24/2024,Trimble,NA
50631,226001370222,NA,NA,NA,Overflow 1C,Gravel Augmentation,Relocate 2024,9/24/2024,Trimble,NA
50632,226001370230,NA,NA,NA,Overflow 1C,Gravel Augmentation,Relocate 2024,9/24/2024,Trimble,NA
50634,226001370236,NA,NA,NA,Overflow 1C,Gravel Augmentation,Relocate 2024,9/24/2024,Trimble,NA
50636,226001370291,NA,NA,NA,Overflow 1A,Gravel Augmentation,Relocate 2024,9/24/2024,Trimble,NA
50639,226001370204,50939b*,50939,NA,Overflow 1A,Gravel Augmentation,Relocate 2024,9/24/2024,Trimble,NA
50350,209000133132,NA,NA,23,GA7,Gravel Augmentation,Deploy 2024_04,4/25/2024,Trimble,NA
50351,231000039766,NA,NA,14,GA7,Gravel Augmentation,Deploy 2024_04,4/25/2024,Trimble,NA
50352,230000111608,NA,NA,32,GA7,Gravel Augmentation,Deploy 2024_04,4/25/2024,Trimble,NA
50353,226001370221,NA,NA,12,GA7,Gravel Augmentation,Deploy 2024_04,4/25/2024,Trimble,NA
50354,209000132730,NA,NA,23,GA9,Gravel Augmentation,Deploy 2024_04,4/25/2024,Trimble,NA
50355,226001370249,NA,NA,12,GA9,Gravel Augmentation,Deploy 2024_04,4/25/2024,Trimble,NA
50356,230000111711,NA,NA,32,GA9,Gravel Augmentation,Deploy 2024_04,4/25/2024,Trimble,NA
50357,226001370262,NA,NA,12,GA9,Gravel Augmentation,Deploy 2024_04,4/25/2024,Trimble,NA
50358,226001370234,NA,NA,12,GA8,Gravel Augmentation,Deploy 2024_04,4/25/2024,Trimble,NA
50359,230000111611,NA,NA,32,GA8,Gravel Augmentation,Deploy 2024_04,4/25/2024,Trimble,NA
50360,226001370207,NA,NA,12,GA8,Gravel Augmentation,Deploy 2024_04,4/25/2024,Trimble,NA
50361,228000607522,NA,NA,23,GA8,Gravel Augmentation,Deploy 2024_04,4/25/2024,Trimble,NA
50362,228000607519,NA,NA,23,GA11,Gravel Augmentation,Deploy 2024_04,4/25/2024,Trimble,Corrected with Eric. OldID on FieldSheet: 50394
50363,226001370214,NA,NA,12,GA11,Gravel Augmentation,Deploy 2024_04,4/25/2024,Trimble,Corrected with Eric. OldID on FieldSheet:50395
50364,230000111502,NA,NA,32,GA11,Gravel Augmentation,Deploy 2024_04,4/25/2024,Trimble,Corrected with Eric. OldID on FieldSheet: 50396
50365,226001370296,NA,NA,12,GA11,Gravel Augmentation,Deploy 2024_04,4/25/2024,Trimble,Corrected with Eric. OldID on FieldSheet: 50397
50366,228000607500,NA,NA,23,GA10,Gravel Augmentation,Deploy 2024_04,4/25/2024,Trimble,Corrected with Eric. OldID on FieldSheet: 50399
50367,209000132759,NA,NA,23,GA10,Gravel Augmentation,Deploy 2024_04,4/25/2024,Trimble,Corrected with Eric. OldID on FieldSheet: 50400
50368,231000039704,NA,NA,14,GA10,Gravel Augmentation,Deploy 2024_04,4/25/2024,Trimble,Corrected with Eric. OldID on FieldSheet: 50401
50369,228000607525,NA,NA,23,GA12,Gravel Augmentation,Deploy 2024_04,4/25/2024,Trimble,Corrected with Eric. OldID on FieldSheet: 50402
50370,226001370269,NA,NA,12,GA12,Gravel Augmentation,Deploy 2024_04,4/25/2024,Trimble,Corrected with Eric. OldID on FieldSheet:50403
50371,230000111553,NA,NA,32,GA12,Gravel Augmentation,Deploy 2024_04,4/25/2024,Trimble,Corrected with Eric. OldID on FieldSheet: 50404
50372,226001370325,NA,NA,12,GA12,Gravel Augmentation,Deploy 2024_04,4/25/2024,Trimble,Corrected with Eric. OldID on FieldSheet: 50405
NA,209000133113,NA,NA,23,,Gravel Augmentation,Deploy 2024_04,NA,Trimble,NA
NA,226001370201,NA,NA,12,,Gravel Augmentation,Deploy 2024_04,NA,Trimble,NA
NA,226001370208,NA,NA,12,,Gravel Augmentation,Deploy 2024_04,NA,Trimble,NA
NA,226001370225,NA,NA,12,,Gravel Augmentation,Deploy 2024_04,NA,Trimble,NA
NA,226001370227,NA,NA,12,,Gravel Augmentation,Deploy 2024_04,NA,Trimble,NA
NA,226001370241,NA,NA,12,,Gravel Augmentation,Deploy 2024_04,NA,Trimble,NA
NA,226001370247,NA,NA,12,,Gravel Augmentation,Deploy 2024_04,NA,Trimble,NA
NA,226001370273,NA,NA,12,,Gravel Augmentation,Deploy 2024_04,NA,Trimble,NA
NA,226001370276,NA,NA,12,,Gravel Augmentation,Deploy 2024_04,NA,Trimble,NA
NA,228000607518,NA,NA,23,,Gravel Augmentation,Deploy 2024_04,NA,Trimble,NA
NA,228000607523,NA,NA,23,,Gravel Augmentation,Deploy 2024_04,NA,Trimble,NA
NA,228000607542,NA,NA,23,,Gravel Augmentation,Deploy 2024_04,NA,Trimble,NA
NA,228000607553,NA,NA,23,,Gravel Augmentation,Deploy 2024_04,NA,Trimble,NA
NA,228000607555,NA,NA,23,,Gravel Augmentation,Deploy 2024_04,NA,Trimble,NA
NA,228000607574,NA,NA,23,,Gravel Augmentation,Deploy 2024_04,NA,Trimble,NA
NA,230000111526,NA,NA,32,,Gravel Augmentation,Deploy 2024_04,NA,Trimble,NA
NA,230000111620,NA,NA,32,,Gravel Augmentation,Deploy 2024_04,NA,Trimble,NA
NA,230000111655,NA,NA,32,,Gravel Augmentation,Deploy 2024_04,NA,Trimble,NA
NA,231000039792,NA,NA,14,,Gravel Augmentation,Deploy 2024_04,NA,Trimble,NA
51087,209000132715,NA,NA,23,0,Riffle 0,Deploy 2024_10,10/16/2024,Trimble,NA
51031,209000132717,NA,NA,23,0,Riffle 0,Deploy 2024_10,10/16/2024,Trimble,NA
51069,209000132718,NA,NA,23,0,Riffle 0,Deploy 2024_10,10/16/2024,Trimble,NA
51023,209000132719,NA,NA,23,0,Riffle 0,Deploy 2024_10,10/16/2024,Trimble,NA
51047,209000132724,NA,NA,23,0,Riffle 0,Deploy 2024_10,10/16/2024,Trimble,NA
51049,209000132728,NA,NA,23,0,Riffle 0,Deploy 2024_10,10/16/2024,Trimble,NA
51060,209000132746,NA,NA,23,0,Riffle 0,Deploy 2024_10,10/16/2024,Trimble,NA
51094,209000132755,NA,NA,23,0,Riffle 0,Deploy 2024_10,10/16/2024,Trimble,NA
51025,209000132778,NA,NA,23,0,Riffle 0,Deploy 2024_10,10/16/2024,Trimble,NA
51071,209000132788,NA,NA,23,0,Riffle 0,Deploy 2024_10,10/16/2024,Trimble,NA
51005,209000132794,NA,NA,23,0,Riffle 0,Deploy 2024_10,10/16/2024,Trimble,NA
51003,209000132800,NA,NA,23,0,Riffle 0,Deploy 2024_10,10/16/2024,Trimble,NA
51063,209000133124,NA,NA,23,0,Riffle 0,Deploy 2024_10,10/16/2024,Trimble,NA
51045,209000133128,NA,NA,23,0,Riffle 0,Deploy 2024_10,10/16/2024,Trimble,NA
51080,209000133163,NA,NA,23,0,Riffle 0,Deploy 2024_10,10/16/2024,Trimble,NA
51009,209000133171,NA,NA,23,0,Riffle 0,Deploy 2024_10,10/16/2024,Trimble,NA
51033,209000133200,NA,NA,23,0,Riffle 0,Deploy 2024_10,10/16/2024,Trimble,NA
51021,209000133207,NA,NA,23,0,Riffle 0,Deploy 2024_10,10/16/2024,Trimble,NA
51084,226001370209,NA,NA,12,0,Riffle 0,Deploy 2024_10,10/16/2024,Trimble,NA
51098,226001370227,NA,NA,14,0,Riffle 0,Deploy 2024_10,10/16/2024,Trimble,NA
51082,226001370231,NA,NA,12,0,Riffle 0,Deploy 2024_10,10/16/2024,Trimble,NA
51024,226001370238,NA,NA,12,0,Riffle 0,Deploy 2024_10,10/16/2024,Trimble,NA
51050,226001370239,NA,NA,12,0,Riffle 0,Deploy 2024_10,10/16/2024,Trimble,NA
51018,226001370245,NA,NA,12,0,Riffle 0,Deploy 2024_10,10/16/2024,Trimble,NA
51046,226001370251,NA,NA,12,0,Riffle 0,Deploy 2024_10,10/16/2024,Trimble,NA
51061,226001370255,NA,NA,12,0,Riffle 0,Deploy 2024_10,10/16/2024,Trimble,NA
51059,226001370274,NA,NA,12,0,Riffle 0,Deploy 2024_10,10/16/2024,Trimble,NA
51077,226001370279,NA,NA,12,0,Riffle 0,Deploy 2024_10,10/16/2024,Trimble,NA
51016,226001370287,NA,NA,12,0,Riffle 0,Deploy 2024_10,10/16/2024,Trimble,NA
51086,226001370288,NA,NA,12,0,Riffle 0,Deploy 2024_10,10/16/2024,Trimble,NA
51022,226001370290,NA,NA,12,0,Riffle 0,Deploy 2024_10,10/16/2024,Trimble,NA
51011,226001370295,NA,NA,12,0,Riffle 0,Deploy 2024_10,10/16/2024,Trimble,NA
51013,226001370301,NA,NA,12,0,Riffle 0,Deploy 2024_10,10/16/2024,Trimble,NA
51028,226001370302,NA,NA,12,0,Riffle 0,Deploy 2024_10,10/16/2024,Trimble,NA
51054,226001370305,NA,NA,12,0,Riffle 0,Deploy 2024_10,10/16/2024,Trimble,NA
51040,226001370307,NA,NA,12,0,Riffle 0,Deploy 2024_10,10/16/2024,Trimble,NA
51095,226001370320,NA,NA,12,0,Riffle 0,Deploy 2024_10,10/16/2024,Trimble,NA
51078,226001370323,NA,NA,12,0,Riffle 0,Deploy 2024_10,10/16/2024,Trimble,NA
51053,226001370328,NA,NA,12,0,Riffle 0,Deploy 2024_10,10/16/2024,Trimble,NA
51036,226001370336,NA,NA,12,0,Riffle 0,Deploy 2024_10,10/16/2024,Trimble,NA
51072,226001370347,NA,NA,12,0,Riffle 0,Deploy 2024_10,10/16/2024,Trimble,NA
51075,226001370354,NA,NA,12,0,Riffle 0,Deploy 2024_10,10/16/2024,Trimble,NA
51020,226001370357,NA,NA,12,0,Riffle 0,Deploy 2024_10,10/16/2024,Trimble,NA
51056,226001370358,NA,NA,12,0,Riffle 0,Deploy 2024_10,10/16/2024,Trimble,NA
51048,226001370362,NA,NA,12,0,Riffle 0,Deploy 2024_10,10/16/2024,Trimble,NA
51093,226001370369,NA,NA,12,0,Riffle 0,Deploy 2024_10,10/16/2024,Trimble,NA
51038,226001370371,NA,NA,12,0,Riffle 0,Deploy 2024_10,10/16/2024,Trimble,NA
51015,226001370381,NA,NA,12,0,Riffle 0,Deploy 2024_10,10/16/2024,Trimble,NA
51032,226001370384,NA,NA,12,0,Riffle 0,Deploy 2024_10,10/16/2024,Trimble,NA
51026,226001370393,NA,NA,12,0,Riffle 0,Deploy 2024_10,10/16/2024,Trimble,NA
51041,226001370399,NA,NA,12,0,Riffle 0,Deploy 2024_10,10/16/2024,Trimble,NA
51043,228000607501,NA,NA,23,0,Riffle 0,Deploy 2024_10,10/16/2024,Trimble,NA
51097,228000607502,NA,NA,23,0,Riffle 0,Deploy 2024_10,10/16/2024,Trimble,NA
51004,228000607510,NA,NA,23,0,Riffle 0,Deploy 2024_10,10/16/2024,Trimble,NA
51070,228000607515,NA,NA,23,0,Riffle 0,Deploy 2024_10,10/16/2024,Trimble,NA
51029,228000607536,NA,NA,23,0,Riffle 0,Deploy 2024_10,10/16/2024,Trimble,NA
51019,228000607551,NA,NA,23,0,Riffle 0,Deploy 2024_10,10/16/2024,Trimble,NA
51001,228000607556,NA,NA,23,0,Riffle 0,Deploy 2024_10,10/16/2024,Trimble,NA
51042,228000607559,NA,NA,23,0,Riffle 0,Deploy 2024_10,10/16/2024,Trimble,NA
51044,228000607562,NA,NA,23,0,Riffle 0,Deploy 2024_10,10/16/2024,Trimble,NA
51052,228000607566,NA,NA,23,0,Riffle 0,Deploy 2024_10,10/16/2024,Trimble,NA
51096,230000111503,NA,NA,32,0,Riffle 0,Deploy 2024_10,10/16/2024,Trimble,NA
51014,230000111516,NA,NA,32,0,Riffle 0,Deploy 2024_10,10/16/2024,Trimble,NA
51073,230000111517,NA,NA,32,0,Riffle 0,Deploy 2024_10,10/16/2024,Trimble,NA
51010,230000111521,NA,NA,32,0,Riffle 0,Deploy 2024_10,10/16/2024,Trimble,NA
51017,230000111525,NA,NA,32,0,Riffle 0,Deploy 2024_10,10/16/2024,Trimble,NA
51002,230000111531,NA,NA,32,0,Riffle 0,Deploy 2024_10,10/16/2024,Trimble,NA
51051,230000111532,NA,NA,32,0,Riffle 0,Deploy 2024_10,10/16/2024,Trimble,NA
51099,230000111535,NA,NA,23,0,Riffle 0,Deploy 2024_10,10/16/2024,Trimble,NA
51037,230000111544,NA,NA,32,0,Riffle 0,Deploy 2024_10,10/16/2024,Trimble,NA
51055,230000111549,NA,NA,32,0,Riffle 0,Deploy 2024_10,10/16/2024,Trimble,NA
51090,230000111552,NA,NA,32,0,Riffle 0,Deploy 2024_10,10/16/2024,Trimble,NA
51081,230000111556,NA,NA,32,0,Riffle 0,Deploy 2024_10,10/16/2024,Trimble,NA
51068,230000111577,NA,NA,32,0,Riffle 0,Deploy 2024_10,10/16/2024,Trimble,NA
51027,230000111595,NA,NA,32,0,Riffle 0,Deploy 2024_10,10/16/2024,Trimble,NA
51066,230000111609,NA,NA,32,0,Riffle 0,Deploy 2024_10,10/16/2024,Trimble,NA
51065,230000111615,NA,NA,32,0,Riffle 0,Deploy 2024_10,10/16/2024,Trimble,NA
51079,230000111618,NA,NA,32,0,Riffle 0,Deploy 2024_10,10/16/2024,Trimble,NA
51035,230000111623,NA,NA,32,0,Riffle 0,Deploy 2024_10,10/16/2024,Trimble,NA
51092,230000111641,NA,NA,32,0,Riffle 0,Deploy 2024_10,10/16/2024,Trimble,NA
51085,230000111642,NA,NA,32,0,Riffle 0,Deploy 2024_10,10/16/2024,Trimble,NA
51057,230000111647,NA,NA,32,0,Riffle 0,Deploy 2024_10,10/16/2024,Trimble,NA
51006,230000111651,NA,NA,32,0,Riffle 0,Deploy 2024_10,10/16/2024,Trimble,NA
51000,230000111676,NA,NA,32,0,Riffle 0,Deploy 2024_10,10/16/2024,Trimble,NA
51064,230000111689,NA,NA,32,0,Riffle 0,Deploy 2024_10,10/16/2024,Trimble,NA
51089,230000111693,NA,NA,32,0,Riffle 0,Deploy 2024_10,10/16/2024,Trimble,NA
51062,230000111701,NA,NA,32,0,Riffle 0,Deploy 2024_10,10/16/2024,Trimble,NA
51012,230000111714,NA,NA,32,0,Riffle 0,Deploy 2024_10,10/16/2024,Trimble,NA
51008,230000111715,NA,NA,32,0,Riffle 0,Deploy 2024_10,10/16/2024,Trimble,NA
51091,230000111720,NA,NA,32,0,Riffle 0,Deploy 2024_10,10/16/2024,Trimble,NA
51039,230000111722,NA,NA,32,0,Riffle 0,Deploy 2024_10,10/16/2024,Trimble,NA
51067,230000111730,NA,NA,32,0,Riffle 0,Deploy 2024_10,10/16/2024,Trimble,NA
51076,230000111736,NA,NA,32,0,Riffle 0,Deploy 2024_10,10/16/2024,Trimble,NA
51083,230000111737,NA,NA,32,0,Riffle 0,Deploy 2024_10,10/16/2024,Trimble,NA
51030,230000111741,NA,NA,32,0,Riffle 0,Deploy 2024_10,10/16/2024,Trimble,NA
51034,231000039719,NA,NA,14,0,Riffle 0,Deploy 2024_10,10/16/2024,Trimble,NA
51088,231000039721,NA,NA,14,0,Riffle 0,Deploy 2024_10,10/16/2024,Trimble,NA
51007,231000039742,NA,NA,14,0,Riffle 0,Deploy 2024_10,10/16/2024,Trimble,NA
51074,231000039772,NA,NA,14,0,Riffle 0,Deploy 2024_10,10/16/2024,Trimble,NA
51058,231000039778,NA,NA,14,0,Riffle 0,Deploy 2024_10,10/16/2024,Trimble,NA
50225,226001370206,NA,NA,32,1,Riffle 1,Deploy 2023,4/24/2023,Trimble,NA
50206,226001370212,NA,NA,16,1,Riffle 1,Deploy 2023,4/24/2023,Trimble,NA
50298,226001370215,NA,NA,16,1,Riffle 1,Deploy 2023,4/24/2023,Trimble,NA
50276,226001370219,NA,NA,32,1,Riffle 1,Deploy 2023,4/24/2023,Trimble,NA
50285,226001370228,NA,NA,16,1,Riffle 1,Deploy 2023,4/24/2023,Trimble,NA
50227,226001370232,NA,NA,32,1,Riffle 1,Deploy 2023,4/24/2023,Trimble,NA
50296,226001370235,NA,NA,16,1,Riffle 1,Deploy 2023,4/24/2023,Trimble,NA
50294,226001370237,NA,NA,32,1,Riffle 1,Deploy 2023,4/24/2023,Trimble,NA
50239,226001370243,NA,NA,16,1,Riffle 1,Deploy 2023,4/24/2023,Trimble,NA
50257,226001370244,NA,NA,16,1,Riffle 1,Deploy 2023,4/24/2023,Trimble,NA
50209,226001370256,NA,NA,16,1,Riffle 1,Deploy 2023,4/24/2023,Trimble,NA
50230,226001370264,NA,NA,32,1,Riffle 1,Deploy 2023,4/24/2023,Trimble,NA
50235,226001370277,NA,NA,16,1,Riffle 1,Deploy 2023,4/24/2023,Trimble,NA
50204,226001370281,NA,NA,16,1,Riffle 1,Deploy 2023,4/24/2023,Trimble,NA
50215,226001370292,NA,NA,16,1,Riffle 1,Deploy 2023,4/24/2023,Trimble,NA
50219,226001370318,NA,NA,16,1,Riffle 1,Deploy 2023,4/24/2023,Trimble,NA
50270,226001370337,NA,NA,16,1,Riffle 1,Deploy 2023,4/24/2023,Trimble,NA
50278,226001370342,NA,NA,16,1,Riffle 1,Deploy 2023,4/24/2023,Trimble,NA
50245,226001370356,NA,NA,16,1,Riffle 1,Deploy 2023,4/24/2023,Trimble,NA
50221,226001370376,NA,NA,16,1,Riffle 1,Deploy 2023,4/24/2023,Trimble,NA
50269,228000607505,NA,NA,64,1,Riffle 1,Deploy 2023,4/24/2023,Trimble,NA
50247,228000607507,NA,NA,64,1,Riffle 1,Deploy 2023,4/24/2023,Trimble,NA
50251,228000607509,NA,NA,64,1,Riffle 1,Deploy 2023,4/24/2023,Trimble,NA
50208,228000607513,NA,NA,64,1,Riffle 1,Deploy 2023,4/24/2023,Trimble,NA
50280,228000607516,NA,NA,64,1,Riffle 1,Deploy 2023,4/24/2023,Trimble,NA
50258,228000607517,NA,NA,64,1,Riffle 1,Deploy 2023,4/24/2023,Trimble,NA
50273,228000607520,NA,NA,64,1,Riffle 1,Deploy 2023,4/24/2023,Trimble,NA
50266,228000607524,NA,NA,64,1,Riffle 1,Deploy 2023,4/24/2023,Trimble,NA
50218,228000607532,NA,NA,64,1,Riffle 1,Deploy 2023,4/24/2023,Trimble,NA
50286,228000607533,NA,NA,64,1,Riffle 1,Deploy 2023,4/24/2023,Trimble,NA
50255,228000607534,NA,NA,64,1,Riffle 1,Deploy 2023,4/24/2023,Trimble,NA
50267,228000607535,NA,NA,64,1,Riffle 1,Deploy 2023,4/24/2023,Trimble,NA
50283,228000607537,NA,NA,64,1,Riffle 1,Deploy 2023,4/24/2023,Trimble,NA
50254,228000607541,NA,NA,64,1,Riffle 1,Deploy 2023,4/24/2023,Trimble,NA
50217,228000607546,NA,NA,64,1,Riffle 1,Deploy 2023,4/24/2023,Trimble,NA
50252,228000607549,NA,NA,64,1,Riffle 1,Deploy 2023,4/24/2023,Trimble,NA
50234,228000607552,NA,NA,64,1,Riffle 1,Deploy 2023,4/24/2023,Trimble,NA
50259,228000607560,NA,NA,64,1,Riffle 1,Deploy 2023,4/24/2023,Trimble,NA
50272,228000607565,NA,NA,64,1,Riffle 1,Deploy 2023,4/24/2023,Trimble,NA
50253,228000607571,NA,NA,64,1,Riffle 1,Deploy 2023,4/24/2023,Trimble,NA
50263,228000607573,NA,NA,64,1,Riffle 1,Deploy 2023,4/24/2023,Trimble,NA
50256,228000607577,NA,NA,64,1,Riffle 1,Deploy 2023,4/24/2023,Trimble,NA
50293,230000111507,NA,NA,256,1,Riffle 1,Deploy 2023,4/24/2023,Trimble,NA
50287,230000111510,NA,NA,256,1,Riffle 1,Deploy 2023,4/24/2023,Trimble,NA
50275,230000111523,NA,NA,128,1,Riffle 1,Deploy 2023,4/24/2023,Trimble,NA
50279,230000111527,NA,NA,90,1,Riffle 1,Deploy 2023,4/24/2023,Trimble,NA
50271,230000111534,NA,NA,180,1,Riffle 1,Deploy 2023,4/24/2023,Trimble,NA
50237,230000111540,NA,NA,90,1,Riffle 1,Deploy 2023,4/24/2023,Trimble,NA
50274,230000111541,NA,NA,>256,1,Riffle 1,Deploy 2023,4/24/2023,Trimble,NA
50236,230000111545,NA,NA,90,1,Riffle 1,Deploy 2023,4/24/2023,Trimble,NA
50290,230000111548,NA,NA,90,1,Riffle 1,Deploy 2023,4/24/2023,Trimble,NA
50226,230000111551,NA,NA,128,1,Riffle 1,Deploy 2023,4/24/2023,Trimble,NA
50246,230000111555,NA,NA,90,1,Riffle 1,Deploy 2023,4/24/2023,Trimble,NA
50260,230000111560,NA,NA,64,1,Riffle 1,Deploy 2023,4/24/2023,Trimble,NA
50212,230000111562,NA,NA,180,1,Riffle 1,Deploy 2023,4/24/2023,Trimble,NA
50262,230000111566,NA,NA,128,1,Riffle 1,Deploy 2023,4/24/2023,Trimble,NA
50297,230000111567,NA,NA,90,1,Riffle 1,Deploy 2023,4/24/2023,Trimble,NA
50291,230000111570,NA,NA,128,1,Riffle 1,Deploy 2023,4/24/2023,Trimble,NA
50228,230000111575,NA,NA,90,1,Riffle 1,Deploy 2023,4/24/2023,Trimble,NA
50207,230000111578,NA,NA,>256,1,Riffle 1,Deploy 2023,4/24/2023,Trimble,NA
50222,230000111581,NA,NA,90,1,Riffle 1,Deploy 2023,4/24/2023,Trimble,NA
50242,230000111592,NA,NA,128,1,Riffle 1,Deploy 2023,4/24/2023,Trimble,NA
50295,230000111594,NA,NA,90,1,Riffle 1,Deploy 2023,4/24/2023,Trimble,NA
50220,230000111596,NA,NA,90,1,Riffle 1,Deploy 2023,4/24/2023,Trimble,NA
50250,230000111614,NA,NA,256,1,Riffle 1,Deploy 2023,4/24/2023,Trimble,NA
50288,230000111624,NA,NA,180,1,Riffle 1,Deploy 2023,4/24/2023,Trimble,NA
50216,230000111631,NA,NA,64,1,Riffle 1,Deploy 2023,4/24/2023,Trimble,NA
50268,230000111643,NA,NA,128,1,Riffle 1,Deploy 2023,4/24/2023,Trimble,NA
50248,230000111644,NA,NA,90,1,Riffle 1,Deploy 2023,4/24/2023,Trimble,NA
50299,230000111648,NA,NA,90,1,Riffle 1,Deploy 2023,4/24/2023,Trimble,NA
50233,230000111668,NA,NA,128,1,Riffle 1,Deploy 2023,4/24/2023,Trimble,NA
50289,230000111677,NA,NA,90,1,Riffle 1,Deploy 2023,4/24/2023,Trimble,NA
50202,230000111683,NA,NA,128,1,Riffle 1,Deploy 2023,4/24/2023,Trimble,NA
50277,230000111684,NA,NA,128,1,Riffle 1,Deploy 2023,4/24/2023,Trimble,NA
50240,230000111686,NA,NA,90,1,Riffle 1,Deploy 2023,4/24/2023,Trimble,NA
50244,230000111695,NA,NA,90,1,Riffle 1,Deploy 2023,4/24/2023,Trimble,NA
50249,230000111698,NA,NA,90,1,Riffle 1,Deploy 2023,4/24/2023,Trimble,NA
50231,230000111700,NA,NA,90,1,Riffle 1,Deploy 2023,4/24/2023,Trimble,NA
50205,230000111708,NA,NA,128,1,Riffle 1,Deploy 2023,4/24/2023,Trimble,NA
50200,230000111712,NA,NA,128,1,Riffle 1,Deploy 2023,4/24/2023,Trimble,NA
50292,230000111716,NA,NA,128,1,Riffle 1,Deploy 2023,4/24/2023,Trimble,NA
50210,230000111717,NA,NA,90,1,Riffle 1,Deploy 2023,4/24/2023,Trimble,NA
50214,230000111725,NA,NA,256,1,Riffle 1,Deploy 2023,4/24/2023,Trimble,NA
50282,230000111728,NA,NA,180,1,Riffle 1,Deploy 2023,4/24/2023,Trimble,NA
50229,230000111733,NA,NA,>256,1,Riffle 1,Deploy 2023,4/24/2023,Trimble,NA
50224,230000111734,NA,NA,128,1,Riffle 1,Deploy 2023,4/24/2023,Trimble,NA
50238,230000111735,NA,NA,128,1,Riffle 1,Deploy 2023,4/24/2023,Trimble,NA
50213,230000111746,NA,NA,90,1,Riffle 1,Deploy 2023,4/24/2023,Trimble,NA
50284,230000298011,NA,NA,256,1,Riffle 1,Deploy 2023,4/24/2023,Trimble,NA
50265,230000298013,NA,NA,256,1,Riffle 1,Deploy 2023,4/24/2023,Trimble,NA
50211,231000039702,NA,NA,32,1,Riffle 1,Deploy 2023,4/24/2023,Trimble,NA
50264,231000039711,NA,NA,32,1,Riffle 1,Deploy 2023,4/24/2023,Trimble,NA
50203,231000039714,NA,NA,32,1,Riffle 1,Deploy 2023,4/24/2023,Trimble,NA
50281,231000039720,NA,NA,32,1,Riffle 1,Deploy 2023,4/24/2023,Trimble,NA
50223,231000039733,NA,NA,32,1,Riffle 1,Deploy 2023,4/24/2023,Trimble,NA
50261,231000039735,NA,NA,32,1,Riffle 1,Deploy 2023,4/24/2023,Trimble,NA
50201,231000039738,NA,NA,32,1,Riffle 1,Deploy 2023,4/24/2023,Trimble,NA
50232,231000039758,NA,NA,32,1,Riffle 1,Deploy 2023,4/24/2023,Trimble,NA
50241,231000039765,NA,NA,32,1,Riffle 1,Deploy 2023,4/24/2023,Trimble,NA
50243,231000039781,NA,NA,32,1,Riffle 1,Deploy 2023,4/24/2023,Trimble,NA
50200,230000111712,50400*,50400,NA,1,Riffle 1,Relocate 2023,9/25/2023,Trimble,NA
50201,231000039738,50401b,50401,NA,1,Riffle 1,Relocate 2023,9/25/2023,Trimble,NA
50202,230000111683,50402*,50402,NA,1,Riffle 1,Relocate 2023,9/25/2023,Trimble,NA
50203,231000039714,50403*,50403,NA,1,Riffle 1,Relocate 2023,9/25/2023,Trimble,NA
50204,226001370281,NA,NA,NA,1,Riffle 1,Relocate 2023,9/25/2023,Trimble,NA
50205,230000111708,50405*,50405,NA,1,Riffle 1,Relocate 2023,9/25/2023,Trimble,NA
50206,226001370212,NA,NA,NA,1,Riffle 1,Relocate 2023,9/25/2023,Trimble,NA
50207,230000111578,50407*,50407,NA,1,Riffle 1,Relocate 2023,9/25/2023,Trimble,NA
50208,228000607513,50408*,50408,NA,1,Riffle 1,Relocate 2023,9/25/2023,Trimble,NA
50209,226001370256,NA,NA,NA,1,Riffle 1,Relocate 2023,9/25/2023,Trimble,NA
50210,230000111717,50410*,50410,NA,1,Riffle 1,Relocate 2023,9/25/2023,Trimble,NA
50211,231000039702,50411b,50411,NA,1,Riffle 1,Relocate 2023,9/25/2023,Trimble,NA
50212,230000111562,50412,50412,NA,1,Riffle 1,Relocate 2023,9/25/2023,Trimble,NA
50213,230000111746,50413*,50413,NA,1,Riffle 1,Relocate 2023,9/25/2023,Trimble,NA
50214,230000111725,50414*,50414,NA,1,Riffle 1,Relocate 2023,9/25/2023,Trimble,NA
50215,226001370292,NA,NA,NA,1,Riffle 1,Relocate 2023,9/25/2023,Trimble,NA
50216,230000111631,50416*,50416,NA,1,Riffle 1,Relocate 2023,9/25/2023,Trimble,NA
50217,228000607546,50417*,50417,NA,1,Riffle 1,Relocate 2023,9/25/2023,Trimble,NA
50218,228000607532,50418*,50418,NA,1,Riffle 1,Relocate 2023,9/25/2023,Trimble,NA
50219,226001370318,NA,NA,NA,1,Riffle 1,Relocate 2023,9/25/2023,Trimble,NA
50220,230000111596,50420*,50420,NA,1,Riffle 1,Relocate 2023,9/25/2023,Trimble,NA
50221,226001370376,NA,NA,NA,1,Riffle 1,Relocate 2023,9/25/2023,Trimble,NA
50222,230000111581,50422*,50422,NA,1,Riffle 1,Relocate 2023,9/25/2023,Trimble,NA
50223,231000039733,50423h*,50423,NA,1,Riffle 1,Relocate 2023,9/25/2023,Trimble,NA
50224,230000111734,50424*,50424,NA,1,Riffle 1,Relocate 2023,9/25/2023,Trimble,NA
50225,226001370206,NA,NA,NA,1,Riffle 1,Relocate 2023,9/25/2023,Trimble,NA
50226,230000111551,50426,50426,NA,1,Riffle 1,Relocate 2023,9/25/2023,Trimble,NA
50227,226001370232,50427b*,50427,NA,1,Riffle 1,Relocate 2023,9/25/2023,Trimble,NA
50228,230000111575,50428b*,50428,NA,1,Riffle 1,Relocate 2023,9/25/2023,Trimble,NA
50229,230000111733,50429*,50429,NA,1,Riffle 1,Relocate 2023,9/25/2023,Trimble,NA
50230,226001370264,50430bh*,50430,NA,1,Riffle 1,Relocate 2023,9/25/2023,Trimble,NA
50231,230000111700,50431*,50431,NA,1,Riffle 1,Relocate 2023,9/25/2023,Trimble,NA
50232,231000039758,50432bh*,50432,NA,1,Riffle 1,Relocate 2023,9/25/2023,Trimble,NA
50233,230000111668,50433*,50433,NA,1,Riffle 1,Relocate 2023,9/25/2023,Trimble,NA
50234,228000607552,50434*,50434,NA,1,Riffle 1,Relocate 2023,9/25/2023,Trimble,NA
50235,226001370277,50435*,50435,NA,1,Riffle 1,Relocate 2023,9/25/2023,Trimble,NA
50236,230000111545,50436*,50436,NA,1,Riffle 1,Relocate 2023,9/25/2023,Trimble,NA
50237,230000111540,50437*,50437,NA,1,Riffle 1,Relocate 2023,9/25/2023,Trimble,NA
50238,230000111735,50438*,50438,NA,1,Riffle 1,Relocate 2023,9/25/2023,Trimble,NA
50239,226001370243,NA,NA,NA,1,Riffle 1,Relocate 2023,9/25/2023,Trimble,NA
50240,230000111686,50440*,50440,NA,1,Riffle 1,Relocate 2023,9/25/2023,Trimble,NA
50241,231000039765,NA,NA,NA,1,Riffle 1,Relocate 2023,9/25/2023,Trimble,NA
50242,230000111592,50442*,50442,NA,1,Riffle 1,Relocate 2023,9/25/2023,Trimble,NA
50243,231000039781,50443b,50443,NA,1,Riffle 1,Relocate 2023,9/25/2023,Trimble,NA
50244,230000111695,50444*,50444,NA,1,Riffle 1,Relocate 2023,9/25/2023,Trimble,NA
50245,226001370356,NA,NA,NA,1,Riffle 1,Relocate 2023,9/25/2023,Trimble,NA
50246,230000111555,50446h,50446,NA,1,Riffle 1,Relocate 2023,9/25/2023,Trimble,NA
50247,228000607507,50447b,50447,NA,1,Riffle 1,Relocate 2023,9/25/2023,Trimble,NA
50248,230000111644,50448h*,50448,NA,1,Riffle 1,Relocate 2023,9/25/2023,Trimble,NA
50249,230000111698,50449*,50449,NA,1,Riffle 1,Relocate 2023,9/25/2023,Trimble,NA
50250,230000111614,50450*,50450,NA,1,Riffle 1,Relocate 2023,9/25/2023,Trimble,NA
50251,228000607509,50451b,50451,NA,1,Riffle 1,Relocate 2023,9/25/2023,Trimble,NA
50252,228000607549,50452bh*,50452,NA,1,Riffle 1,Relocate 2023,9/25/2023,Trimble,NA
50253,228000607571,50453*,50453,NA,1,Riffle 1,Relocate 2023,9/25/2023,Trimble,NA
50254,228000607541,50454h*,50454,NA,1,Riffle 1,Relocate 2023,9/25/2023,Trimble,NA
50255,228000607534,50455,50455,NA,1,Riffle 1,Relocate 2023,9/25/2023,Trimble,NA
50256,228000607577,50456h,50456,NA,1,Riffle 1,Relocate 2023,9/25/2023,Trimble,NA
50257,226001370244,50457bh*,50457,NA,1,Riffle 1,Relocate 2023,9/25/2023,Trimble,NA
50258,228000607517,50458*,50458,NA,1,Riffle 1,Relocate 2023,9/25/2023,Trimble,NA
50259,228000607560,50459*,50459,NA,1,Riffle 1,Relocate 2023,9/25/2023,Trimble,NA
50260,230000111560,50460*,50460,NA,1,Riffle 1,Relocate 2023,9/25/2023,Trimble,NA
50261,231000039735,50461hb*,50461,NA,1,Riffle 1,Relocate 2023,9/25/2023,Trimble,NA
50262,230000111566,50462*,50462,NA,1,Riffle 1,Relocate 2023,9/25/2023,Trimble,NA
50263,228000607573,50463h*,50463,NA,1,Riffle 1,Relocate 2023,9/25/2023,Trimble,NA
50264,231000039711,50464*,50464,NA,1,Riffle 1,Relocate 2023,9/25/2023,Trimble,NA
50265,230000298013,50465*,50465,NA,1,Riffle 1,Relocate 2023,9/25/2023,Trimble,NA
50266,228000607524,50466h*,50466,NA,1,Riffle 1,Relocate 2023,9/25/2023,Trimble,NA
50267,228000607535,50467bh*,50467,NA,1,Riffle 1,Relocate 2023,9/25/2023,Trimble,NA
50268,230000111643,50468*,50468,NA,1,Riffle 1,Relocate 2023,9/25/2023,Trimble,NA
50269,228000607505,50469*,50469,NA,1,Riffle 1,Relocate 2023,9/25/2023,Trimble,NA
50270,226001370337,NA,NA,NA,1,Riffle 1,Relocate 2023,9/25/2023,Trimble,NA
50271,230000111534,50471h*,50471,NA,1,Riffle 1,Relocate 2023,9/25/2023,Trimble,NA
50272,228000607565,50472hb*,50472,NA,1,Riffle 1,Relocate 2023,9/25/2023,Trimble,NA
50273,228000607520,50473h*,50473,NA,1,Riffle 1,Relocate 2023,9/25/2023,Trimble,NA
50274,230000111541,50474*,50474,NA,1,Riffle 1,Relocate 2023,9/25/2023,Trimble,NA
50275,230000111523,50475h*,50475,NA,1,Riffle 1,Relocate 2023,9/25/2023,Trimble,NA
50276,226001370219,NA,NA,NA,1,Riffle 1,Relocate 2023,9/25/2023,Trimble,NA
50277,230000111684,50477h*,50477,NA,1,Riffle 1,Relocate 2023,9/25/2023,Trimble,NA
50278,226001370342,NA,NA,NA,1,Riffle 1,Relocate 2023,9/25/2023,Trimble,NA
50279,230000111527,50479*,50479,NA,1,Riffle 1,Relocate 2023,9/25/2023,Trimble,NA
50280,228000607516,50480b,50480,NA,1,Riffle 1,Relocate 2023,9/25/2023,Trimble,NA
50281,231000039720,50481h*,50481,NA,1,Riffle 1,Relocate 2023,9/25/2023,Trimble,NA
50282,230000111728,50482*,50482,NA,1,Riffle 1,Relocate 2023,9/25/2023,Trimble,NA
50283,228000607537,50483h*,50483,NA,1,Riffle 1,Relocate 2023,9/25/2023,Trimble,NA
50284,230000298011,50484h*,50484,NA,1,Riffle 1,Relocate 2023,9/25/2023,Trimble,NA
50285,226001370228,NA,NA,NA,1,Riffle 1,Relocate 2023,9/25/2023,Trimble,NA
50286,228000607533,50486*,50486,NA,1,Riffle 1,Relocate 2023,9/25/2023,Trimble,NA
50287,230000111510,50487h*,50487,NA,1,Riffle 1,Relocate 2023,9/25/2023,Trimble,NA
50288,230000111624,50488*,50488,NA,1,Riffle 1,Relocate 2023,9/25/2023,Trimble,NA
50289,230000111677,50489h*,50489,NA,1,Riffle 1,Relocate 2023,9/25/2023,Trimble,NA
50290,230000111548,50490h,50490,NA,1,Riffle 1,Relocate 2023,9/25/2023,Trimble,NA
50291,230000111570,50491h*,50491,NA,1,Riffle 1,Relocate 2023,9/25/2023,Trimble,NA
50292,230000111716,50492h*,50492,NA,1,Riffle 1,Relocate 2023,9/25/2023,Trimble,NA
50293,230000111507,50493*,50493,NA,1,Riffle 1,Relocate 2023,9/25/2023,Trimble,NA
50294,226001370237,50494b*,50494,NA,1,Riffle 1,Relocate 2023,9/25/2023,Trimble,NA
50295,230000111594,50495bh*,50495,NA,1,Riffle 1,Relocate 2023,9/25/2023,Trimble,NA
50296,226001370235,NA,NA,NA,1,Riffle 1,Relocate 2023,9/25/2023,Trimble,NA
50297,230000111567,50497bh,50497,NA,1,Riffle 1,Relocate 2023,9/25/2023,Trimble,NA
50298,226001370215,NA,NA,NA,1,Riffle 1,Relocate 2023,9/25/2023,Trimble,NA
50299,230000111648,50499bh*,50499,NA,1,Riffle 1,Relocate 2023,9/25/2023,Trimble,NA
50400,230000111712,50700*,50700,NA,1,Riffle 1,Relocate 2024,9/24/2024,Trimble,NA
50401,231000039738,50701b~,50701,NA,1,Riffle 1,Relocate 2024,9/24/2024,Trimble,NA
50402,230000111683,50702b~,50702,NA,1,Riffle 1,Relocate 2024,9/24/2024,Trimble,NA
50403,231000039714,50703b*,50703,NA,1,Riffle 1,Relocate 2024,9/24/2024,Trimble,NA
50204,226001370281,NA,NA,NA,1,Riffle 1,Relocate 2024,9/24/2024,Trimble,NA
50405,230000111708,50705,50705,NA,1,Riffle 1,Relocate 2024,9/24/2024,Trimble,NA
50206,226001370212,NA,NA,NA,1,Riffle 1,Relocate 2024,9/24/2024,Trimble,NA
50407,230000111578,50707,50707,NA,1,Riffle 1,Relocate 2024,9/24/2024,Trimble,NA
50408,228000607513,50708b,50708,NA,1,Riffle 1,Relocate 2024,9/24/2024,Trimble,NA
50209,226001370256,50709b~*,50709,NA,1,Riffle 1,Relocate 2024,9/24/2024,Trimble,NA
50410,230000111717,50710,50710,NA,1,Riffle 1,Relocate 2024,9/24/2024,Trimble,NA
50411,231000039702,50711b*,50711,NA,1,Riffle 1,Relocate 2024,9/24/2024,Trimble,NA
50412,230000111562,50712,50712,NA,1,Riffle 1,Relocate 2024,9/24/2024,Trimble,NA
50413,230000111746,50713*,50713,NA,1,Riffle 1,Relocate 2024,9/24/2024,Trimble,NA
50414,230000111725,50714,50714,NA,1,Riffle 1,Relocate 2024,9/24/2024,Trimble,NA
50215,226001370292,NA,NA,NA,1,Riffle 1,Relocate 2024,9/24/2024,Trimble,NA
50416,230000111631,50716*,50716,NA,1,Riffle 1,Relocate 2024,9/24/2024,Trimble,NA
50417,228000607546,50717*,50717,NA,1,Riffle 1,Relocate 2024,9/24/2024,Trimble,NA
50418,228000607532,50718,50718,NA,1,Riffle 1,Relocate 2024,9/24/2024,Trimble,NA
50219,226001370318,50719,50719,NA,1,Riffle 1,Relocate 2024,9/24/2024,Mobile,M34 Detection Only
50420,230000111596,50720*,50720,NA,1,Riffle 1,Relocate 2024,9/24/2024,Trimble,NA
50221,226001370376,50721b*,50721,NA,1,Riffle 1,Relocate 2024,9/24/2024,Trimble,NA
50422,230000111581,50722b,50722,NA,1,Riffle 1,Relocate 2024,9/24/2024,Trimble,NA
50423,231000039733,50723b*,50723,NA,1,Riffle 1,Relocate 2024,9/24/2024,Trimble,NA
50424,230000111734,50724h*,50724,NA,1,Riffle 1,Relocate 2024,9/24/2024,Trimble,NA
50225,226001370206,NA,NA,NA,1,Riffle 1,Relocate 2024,9/24/2024,Trimble,NA
50426,230000111551,NA,NA,NA,1,Riffle 1,Relocate 2024,9/24/2024,Trimble,NA
50427,226001370232,NA,NA,NA,1,Riffle 1,Relocate 2024,9/24/2024,Trimble,NA
50428,230000111575,50728h,50728,NA,1,Riffle 1,Relocate 2024,9/24/2024,Trimble,NA
50429,230000111733,50729,50729,NA,1,Riffle 1,Relocate 2024,9/24/2024,Trimble,NA
50430,226001370264,NA,NA,NA,1,Riffle 1,Relocate 2024,9/24/2024,Trimble,NA
50431,230000111700,50731h,50731,NA,1,Riffle 1,Relocate 2024,9/24/2024,Trimble,NA
50432,231000039758,50732,50732,NA,1,Riffle 1,Relocate 2024,9/24/2024,Mobile,M34 Detection Only
50433,230000111668,50733,50733,NA,1,Riffle 1,Relocate 2024,9/24/2024,Trimble,NA
50434,228000607552,50734*,50734,NA,1,Riffle 1,Relocate 2024,9/24/2024,Trimble,NA
50435,226001370277,50735,50735,NA,1,Riffle 1,Relocate 2024,9/24/2024,Mobile,M34 Detection Only
50436,230000111545,50736,50736,NA,1,Riffle 1,Relocate 2024,9/24/2024,Trimble,NA
50437,230000111540,50737*,50737,NA,1,Riffle 1,Relocate 2024,9/24/2024,Trimble,NA
50438,230000111735,50738*,50738,NA,1,Riffle 1,Relocate 2024,9/24/2024,Trimble,NA
50239,226001370243,50739b*,50739,NA,1,Riffle 1,Relocate 2024,9/24/2024,Trimble,NA
50440,230000111686,50740,50740,NA,1,Riffle 1,Relocate 2024,9/24/2024,Trimble,NA
50241,231000039765,50741b*,50741,NA,1,Riffle 1,Relocate 2024,9/24/2024,Trimble,NA
50442,230000111592,50742,50742,NA,1,Riffle 1,Relocate 2024,9/24/2024,Mobile,M34 Detection Only
50443,231000039781,50743b,50743,NA,1,Riffle 1,Relocate 2024,9/24/2024,Trimble,NA
50444,230000111695,50744h*,50744,NA,1,Riffle 1,Relocate 2024,9/24/2024,Trimble,NA
50245,226001370356,NA,NA,NA,1,Riffle 1,Relocate 2024,9/24/2024,Trimble,NA
50446,230000111555,50746h,50746,NA,1,Riffle 1,Relocate 2024,9/24/2024,Trimble,NA
50447,228000607507,50747b,50747,NA,1,Riffle 1,Relocate 2024,9/24/2024,Trimble,NA
50448,230000111644,50748h,50748,NA,1,Riffle 1,Relocate 2024,9/24/2024,Trimble,NA
50449,230000111698,50749*,50749,NA,1,Riffle 1,Relocate 2024,9/24/2024,Trimble,NA
50450,230000111614,50750*,50750,NA,1,Riffle 1,Relocate 2024,9/24/2024,Trimble,NA
50451,228000607509,50751b,50751,NA,1,Riffle 1,Relocate 2024,9/24/2024,Trimble,NA
50452,228000607549,50752*,50752,NA,1,Riffle 1,Relocate 2024,9/24/2024,Trimble,NA
50453,228000607571,50753*,50753,NA,1,Riffle 1,Relocate 2024,9/24/2024,Trimble,NA
50454,228000607541,50754h,50754,NA,1,Riffle 1,Relocate 2024,9/24/2024,Trimble,NA
50455,228000607534,50755h,50755,NA,1,Riffle 1,Relocate 2024,9/24/2024,Trimble,NA
50456,228000607577,50756*,50756,NA,1,Riffle 1,Relocate 2024,9/24/2024,Trimble,NA
50457,226001370244,50757b,50757,NA,1,Riffle 1,Relocate 2024,9/24/2024,Trimble,NA
50458,228000607517,50758,50758,NA,1,Riffle 1,Relocate 2024,9/24/2024,Trimble,NA
50459,228000607560,50759h,50759,NA,1,Riffle 1,Relocate 2024,9/24/2024,Trimble,NA
50460,230000111560,50760*,50760,NA,1,Riffle 1,Relocate 2024,9/24/2024,Trimble,NA
50461,231000039735,50761b,50761,NA,1,Riffle 1,Relocate 2024,9/24/2024,Trimble,NA
50462,230000111566,50762,50762,NA,1,Riffle 1,Relocate 2024,9/24/2024,Trimble,NA
50463,228000607573,50763*,50763,NA,1,Riffle 1,Relocate 2024,9/24/2024,Trimble,NA
50464,231000039711,50764*,50764,NA,1,Riffle 1,Relocate 2024,9/24/2024,Trimble,NA
50465,230000298013,50765,50765,NA,1,Riffle 1,Relocate 2024,9/24/2024,Trimble,NA
50466,228000607524,50766h*,50766,NA,1,Riffle 1,Relocate 2024,9/24/2024,Trimble,NA
50467,228000607535,50767b*,50767,NA,1,Riffle 1,Relocate 2024,9/24/2024,Trimble,NA
50468,230000111643,50768,50768,NA,1,Riffle 1,Relocate 2024,9/24/2024,Trimble,NA
50469,228000607505,50769*,50769,NA,1,Riffle 1,Relocate 2024,9/24/2024,Trimble,NA
50270,226001370337,NA,NA,NA,1,Riffle 1,Relocate 2024,9/24/2024,Trimble,NA
50471,230000111534,50771,50771,NA,1,Riffle 1,Relocate 2024,9/24/2024,Trimble,NA
50472,228000607565,50772h*,50772,NA,1,Riffle 1,Relocate 2024,9/24/2024,Trimble,NA
50473,228000607520,50773*,50773,NA,1,Riffle 1,Relocate 2024,9/24/2024,Trimble,NA
50474,230000111541,50774*,50774,NA,1,Riffle 1,Relocate 2024,9/24/2024,Trimble,NA
50475,230000111523,50775*,50775,NA,1,Riffle 1,Relocate 2024,9/24/2024,Trimble,NA
50276,226001370219,NA,NA,NA,1,Riffle 1,Relocate 2024,9/24/2024,Trimble,NA
50477,230000111684,50777b*,50777,NA,1,Riffle 1,Relocate 2024,9/24/2024,Trimble,NA
50278,226001370342,NA,NA,NA,1,Riffle 1,Relocate 2024,9/24/2024,Trimble,NA
50479,230000111527,50779*,50779,NA,1,Riffle 1,Relocate 2024,9/24/2024,Trimble,NA
50480,228000607516,50780b*,50780,NA,1,Riffle 1,Relocate 2024,9/24/2024,Trimble,NA
50481,231000039720,50781b*,50781,NA,1,Riffle 1,Relocate 2024,9/24/2024,Trimble,NA
50482,230000111728,50782,50782,NA,1,Riffle 1,Relocate 2024,9/24/2024,Trimble,NA
50483,228000607537,50783*,50783,NA,1,Riffle 1,Relocate 2024,9/24/2024,Trimble,NA
50484,230000298011,50784h,50784,NA,1,Riffle 1,Relocate 2024,9/24/2024,Trimble,NA
50285,226001370228,NA,NA,NA,1,Riffle 1,Relocate 2024,9/24/2024,Trimble,NA
50486,228000607533,50786,50786,NA,1,Riffle 1,Relocate 2024,9/24/2024,Mobile,M34 Detection Only
50487,230000111510,50787h,50787,NA,1,Riffle 1,Relocate 2024,9/24/2024,Trimble,NA
50488,230000111624,50788h*,50788,NA,1,Riffle 1,Relocate 2024,9/24/2024,Trimble,NA
50489,230000111677,50789,50789,NA,1,Riffle 1,Relocate 2024,9/24/2024,Mobile,M34 Detection Only
50490,230000111548,50790b*,50790,NA,1,Riffle 1,Relocate 2024,9/24/2024,Trimble,NA
50491,230000111570,50791h*,50791,NA,1,Riffle 1,Relocate 2024,9/24/2024,Trimble,NA
50492,230000111716,50792h,50792,NA,1,Riffle 1,Relocate 2024,9/24/2024,Trimble,NA
50493,230000111507,50793*,50793,NA,1,Riffle 1,Relocate 2024,9/24/2024,Trimble,NA
50494,226001370237,NA,NA,NA,1,Riffle 1,Relocate 2024,9/24/2024,Trimble,NA
50495,230000111594,50795b,50795,NA,1,Riffle 1,Relocate 2024,9/24/2024,Trimble,NA
50296,226001370235,NA,NA,NA,1,Riffle 1,Relocate 2024,9/24/2024,Trimble,NA
50497,230000111567,50797b,50797,NA,1,Riffle 1,Relocate 2024,9/24/2024,Trimble,NA
50298,226001370215,NA,NA,NA,1,Riffle 1,Relocate 2024,9/24/2024,Trimble,NA
50499,230000111648,50799b,50799,NA,1,Riffle 1,Relocate 2024,9/24/2024,Trimble,NA
51218,209000132797,NA,NA,BLD,2A,Riffle 2A,Deploy 2024_10,10/16/2024,Trimble,Field Sheet DeployID includes 2A/2B
51219,209000133113,NA,NA,GRVAUG,2A,Riffle 2A,Deploy 2024_10,10/16/2024,Trimble,Field Sheet DeployID includes 2A/2B
51229,226001370201,NA,NA,GRVAUG,2A,Riffle 2A,Deploy 2024_10,10/16/2024,Trimble,Field Sheet DeployID includes 2A/2B
51231,226001370208,NA,NA,GRVAUG,2A,Riffle 2A,Deploy 2024_10,10/16/2024,Trimble,Field Sheet DeployID includes 2A/2B
51211,226001370241,NA,NA,GRVAUG,2A,Riffle 2A,Deploy 2024_10,10/16/2024,Trimble,Field Sheet DeployID includes 2A/2B
51228,228000607518,NA,NA,GRVAUG,2A,Riffle 2A,Deploy 2024_10,10/16/2024,Trimble,Field Sheet DeployID includes 2A/2B
51254,228000607523,NA,NA,GRVAUG,2B,Riffle 2B,Deploy 2024_10,10/16/2024,Trimble,Field Sheet DeployID includes 2A/2B
51221,228000607542,NA,NA,GRVAUG,2A,Riffle 2A,Deploy 2024_10,10/16/2024,Trimble,Field Sheet DeployID includes 2A/2B
51223,228000607574,NA,NA,GRVAUG,2A,Riffle 2A,Deploy 2024_10,10/16/2024,Trimble,Field Sheet DeployID includes 2A/2B
51237,230000111501,NA,NA,CBL,2A,Riffle 2A,Deploy 2024_10,10/16/2024,Trimble,Field Sheet DeployID includes 2A/2B
51234,230000111506,NA,NA,CBL,2A,Riffle 2A,Deploy 2024_10,10/16/2024,Trimble,Field Sheet DeployID includes 2A/2B
51201,230000111519,NA,NA,CBL,2A,Riffle 2A,Deploy 2024_10,10/16/2024,Trimble,Field Sheet DeployID includes 2A/2B
51235,230000111526,NA,NA,GRVAUG,2A,Riffle 2A,Deploy 2024_10,10/16/2024,Trimble,Field Sheet DeployID includes 2A/2B
51204,230000111537,NA,NA,CBL,2A,Riffle 2A,Deploy 2024_10,10/16/2024,Trimble,Field Sheet DeployID includes 2A/2B
51232,230000111546,NA,NA,CBL,2A,Riffle 2A,Deploy 2024_10,10/16/2024,Trimble,Field Sheet DeployID includes 2A/2B
51217,230000111564,NA,NA,CBL,2A,Riffle 2A,Deploy 2024_10,10/16/2024,Trimble,Field Sheet DeployID includes 2A/2B
51206,230000111573,NA,NA,CBL,2A,Riffle 2A,Deploy 2024_10,10/16/2024,Trimble,Field Sheet DeployID includes 2A/2B
51203,230000111585,NA,NA,CBL,2A,Riffle 2A,Deploy 2024_10,10/16/2024,Trimble,Field Sheet DeployID includes 2A/2B
51216,230000111589,NA,NA,CBL,2A,Riffle 2A,Deploy 2024_10,10/16/2024,Trimble,Field Sheet DeployID includes 2A/2B
51202,230000111591,NA,NA,CBL,2A,Riffle 2A,Deploy 2024_10,10/16/2024,Trimble,Field Sheet DeployID includes 2A/2B
51226,230000111593,NA,NA,CBL,2A,Riffle 2A,Deploy 2024_10,10/16/2024,Trimble,Field Sheet DeployID includes 2A/2B
51220,230000111619,NA,NA,CBL,2A,Riffle 2A,Deploy 2024_10,10/16/2024,Trimble,Field Sheet DeployID includes 2A/2B
51224,230000111620,NA,NA,GRVAUG,2A,Riffle 2A,Deploy 2024_10,10/16/2024,Trimble,Field Sheet DeployID includes 2A/2B
51243,230000111622,NA,NA,CBL,2A,Riffle 2A,Deploy 2024_10,10/16/2024,Trimble,Field Sheet DeployID includes 2A/2B
51227,230000111625,NA,NA,CBL,2A,Riffle 2A,Deploy 2024_10,10/16/2024,Trimble,Field Sheet DeployID includes 2A/2B
51242,230000111632,NA,NA,CBL,2A,Riffle 2A,Deploy 2024_10,10/16/2024,Trimble,Field Sheet DeployID includes 2A/2B
51239,230000111636,NA,NA,CBL,2A,Riffle 2A,Deploy 2024_10,10/16/2024,Trimble,Field Sheet DeployID includes 2A/2B
51209,230000111652,NA,NA,CBL,2A,Riffle 2A,Deploy 2024_10,10/16/2024,Trimble,Field Sheet DeployID includes 2A/2B
51200,230000111655,NA,NA,GRVAUG,2A,Riffle 2A,Deploy 2024_10,10/16/2024,Trimble,Field Sheet DeployID includes 2A/2B
51241,230000111665,NA,NA,CBL,2A,Riffle 2A,Deploy 2024_10,10/16/2024,Trimble,Field Sheet DeployID includes 2A/2B
51208,230000111670,NA,NA,CBL,2A,Riffle 2A,Deploy 2024_10,10/16/2024,Trimble,Field Sheet DeployID includes 2A/2B
51225,230000111672,NA,NA,CBL,2A,Riffle 2A,Deploy 2024_10,10/16/2024,Trimble,Field Sheet DeployID includes 2A/2B
51233,230000111682,NA,NA,CBL,2A,Riffle 2A,Deploy 2024_10,10/16/2024,Trimble,Field Sheet DeployID includes 2A/2B
51240,230000111685,NA,NA,CBL,2A,Riffle 2A,Deploy 2024_10,10/16/2024,Trimble,Field Sheet DeployID includes 2A/2B
51207,230000111697,NA,NA,CBL,2A,Riffle 2A,Deploy 2024_10,10/16/2024,Trimble,Field Sheet DeployID includes 2A/2B
51230,230000111707,NA,NA,CBL,2A,Riffle 2A,Deploy 2024_10,10/16/2024,Trimble,Field Sheet DeployID includes 2A/2B
51214,230000111713,NA,NA,CBL,2A,Riffle 2A,Deploy 2024_10,10/16/2024,Trimble,Field Sheet DeployID includes 2A/2B
51238,230000111727,NA,NA,CBL,2A,Riffle 2A,Deploy 2024_10,10/16/2024,Trimble,Field Sheet DeployID includes 2A/2B
51212,230000111731,NA,NA,CBL,2A,Riffle 2A,Deploy 2024_10,10/16/2024,Trimble,Field Sheet DeployID includes 2A/2B
51236,230000111739,NA,NA,CBL,2A,Riffle 2A,Deploy 2024_10,10/16/2024,Trimble,Field Sheet DeployID includes 2A/2B
51210,230000111742,NA,NA,CBL,2A,Riffle 2A,Deploy 2024_10,10/16/2024,Trimble,Field Sheet DeployID includes 2A/2B
51222,230000111743,NA,NA,CBL,2A,Riffle 2A,Deploy 2024_10,10/16/2024,Trimble,Field Sheet DeployID includes 2A/2B
51215,230000111747,NA,NA,CBL,2A,Riffle 2A,Deploy 2024_10,10/16/2024,Trimble,Field Sheet DeployID includes 2A/2B
51205,231000039792,NA,NA,GRVAUG,2A,Riffle 2A,Deploy 2024_10,10/16/2024,Trimble,Field Sheet DeployID includes 2A/2B
51213,209000132772,NA,NA,NA,2A,Riffle 2A,Deploy 2024_10,10/16/2024,Trimble,Field Sheet DeployID includes 2A/2B. This point was added in from field sheet
50131,226001370210,NA,NA,16,2A,Riffle 2A,Deploy 2023,4/24/2023,Trimble,NA
50124,226001370218,NA,NA,16,2A,Riffle 2A,Deploy 2023,4/24/2023,Trimble,NA
50122,226001370257,NA,NA,16,2A,Riffle 2A,Deploy 2023,4/24/2023,Trimble,NA
50138,226001370271,NA,NA,16,2A,Riffle 2A,Deploy 2023,4/24/2023,Trimble,NA
50115,226001370272,NA,NA,32,2A,Riffle 2A,Deploy 2023,4/24/2023,Trimble,NA
50113,226001370280,NA,NA,32,2A,Riffle 2A,Deploy 2023,4/24/2023,Trimble,NA
50120,226001370285,NA,NA,16,2A,Riffle 2A,Deploy 2023,4/24/2023,Trimble,NA
50146,226001370298,NA,NA,16,2A,Riffle 2A,Deploy 2023,4/24/2023,Trimble,NA
50133,226001370321,NA,NA,16,2A,Riffle 2A,Deploy 2023,4/24/2023,Trimble,NA
50116,228000607506,NA,NA,64,2A,Riffle 2A,Deploy 2023,4/24/2023,Trimble,NA
50101,228000607528,NA,NA,64,2A,Riffle 2A,Deploy 2023,4/24/2023,Trimble,NA
50134,228000607538,NA,NA,64,2A,Riffle 2A,Deploy 2023,4/24/2023,Trimble,NA
50144,228000607539,NA,NA,64,2A,Riffle 2A,Deploy 2023,4/24/2023,Trimble,NA
50149,228000607547,NA,NA,64,2A,Riffle 2A,Deploy 2023,4/24/2023,Trimble,NA
50109,228000607558,NA,NA,64,2A,Riffle 2A,Deploy 2023,4/24/2023,Trimble,NA
50148,228000607561,NA,NA,64,2A,Riffle 2A,Deploy 2023,4/24/2023,Trimble,NA
50112,228000607564,NA,NA,64,2A,Riffle 2A,Deploy 2023,4/24/2023,Trimble,NA
50147,228000607569,NA,NA,64,2A,Riffle 2A,Deploy 2023,4/24/2023,Trimble,NA
50104,228000607576,NA,NA,64,2A,Riffle 2A,Deploy 2023,4/24/2023,Trimble,NA
50128,230000111515,NA,NA,362,2A,Riffle 2A,Deploy 2023,4/24/2023,Trimble,NA
50132,230000111547,NA,NA,90,2A,Riffle 2A,Deploy 2023,4/24/2023,Trimble,NA
50130,230000111583,NA,NA,90,2A,Riffle 2A,Deploy 2023,4/24/2023,Trimble,NA
50129,230000111586,NA,NA,128,2A,Riffle 2A,Deploy 2023,4/24/2023,Trimble,NA
50143,230000111587,NA,NA,256,2A,Riffle 2A,Deploy 2023,4/24/2023,Trimble,NA
50100,230000111599,NA,NA,128,2A,Riffle 2A,Deploy 2023,4/24/2023,Trimble,NA
50145,230000111602,NA,NA,180,2A,Riffle 2A,Deploy 2023,4/24/2023,Trimble,NA
50125,230000111603,NA,NA,128,2A,Riffle 2A,Deploy 2023,4/24/2023,Trimble,NA
50127,230000111605,NA,NA,128,2A,Riffle 2A,Deploy 2023,4/24/2023,Trimble,NA
50136,230000111621,NA,NA,90,2A,Riffle 2A,Deploy 2023,4/24/2023,Trimble,NA
50121,230000111629,NA,NA,128,2A,Riffle 2A,Deploy 2023,4/24/2023,Trimble,NA
50105,230000111634,NA,NA,256,2A,Riffle 2A,Deploy 2023,4/24/2023,Trimble,NA
50111,230000111645,NA,NA,128,2A,Riffle 2A,Deploy 2023,4/24/2023,Trimble,NA
50137,230000111657,NA,NA,64,2A,Riffle 2A,Deploy 2023,4/24/2023,Trimble,NA
50107,230000111658,NA,NA,90,2A,Riffle 2A,Deploy 2023,4/24/2023,Trimble,NA
50119,230000111660,NA,NA,90,2A,Riffle 2A,Deploy 2023,4/24/2023,Trimble,NA
50135,230000111671,NA,NA,90,2A,Riffle 2A,Deploy 2023,4/24/2023,Trimble,NA
50117,230000111694,NA,NA,128,2A,Riffle 2A,Deploy 2023,4/24/2023,Trimble,NA
50141,230000111704,NA,NA,64,2A,Riffle 2A,Deploy 2023,4/24/2023,Trimble,NA
50139,230000111709,NA,NA,180,2A,Riffle 2A,Deploy 2023,4/24/2023,Trimble,NA
50123,230000111718,NA,NA,90,2A,Riffle 2A,Deploy 2023,4/24/2023,Trimble,NA
50114,230000111719,NA,NA,128,2A,Riffle 2A,Deploy 2023,4/24/2023,Trimble,NA
50118,230000111729,NA,NA,>256,2A,Riffle 2A,Deploy 2023,4/24/2023,Trimble,NA
50142,230000111732,NA,NA,180,2A,Riffle 2A,Deploy 2023,4/24/2023,Trimble,NA
50102,230000111738,NA,NA,128,2A,Riffle 2A,Deploy 2023,4/24/2023,Trimble,NA
50140,231000039715,NA,NA,32,2A,Riffle 2A,Deploy 2023,4/24/2023,Trimble,NA
50103,231000039731,NA,NA,32,2A,Riffle 2A,Deploy 2023,4/24/2023,Trimble,NA
50108,231000039734,NA,NA,32,2A,Riffle 2A,Deploy 2023,4/24/2023,Trimble,NA
50110,231000039756,NA,NA,32,2A,Riffle 2A,Deploy 2023,4/24/2023,Trimble,NA
50106,231000039774,NA,NA,32,2A,Riffle 2A,Deploy 2023,4/24/2023,Trimble,NA
50126,231000039788,NA,NA,32,2A,Riffle 2A,Deploy 2023,4/24/2023,Trimble,NA
50100,230000111599,50500h*,50500,NA,2A,Riffle 2A,Relocate 2023,9/26/2023,Trimble,NA
50101,228000607528,50501b*,50501,NA,2A,Riffle 2A,Relocate 2023,9/26/2023,Trimble,NA
50102,230000111738,50502h*,50502,NA,2A,Riffle 2A,Relocate 2023,9/26/2023,Trimble,NA
50103,231000039731,NA,NA,NA,2A,Riffle 2A,Relocate 2023,9/26/2023,Trimble,NA
50104,228000607576,NA,NA,NA,2A,Riffle 2A,Relocate 2023,9/26/2023,Trimble,NA
50105,230000111634,50505*,50505,NA,2A,Riffle 2A,Relocate 2023,9/26/2023,Trimble,NA
50106,231000039774,NA,NA,NA,2A,Riffle 2A,Relocate 2023,9/26/2023,Trimble,NA
50107,230000111658,50507*,50507,NA,2A,Riffle 2A,Relocate 2023,9/26/2023,Trimble,NA
50108,231000039734,NA,NA,NA,2A,Riffle 2A,Relocate 2023,9/26/2023,Trimble,NA
50109,228000607558,50509h*,50509,NA,2A,Riffle 2A,Relocate 2023,9/26/2023,Trimble,NA
50110,231000039756,50510hb*,50510,NA,2A,Riffle 2A,Relocate 2023,9/26/2023,Trimble,NA
50111,230000111645,50511h*,50511,NA,2A,Riffle 2A,Relocate 2023,9/26/2023,Trimble,NA
50112,228000607564,50512,50512,NA,2A,Riffle 2A,Relocate 2023,9/26/2023,Trimble,NA
50113,226001370280,50513b*,50513,NA,2A,Riffle 2A,Relocate 2023,9/26/2023,Trimble,NA
50114,230000111719,50514,50514,NA,2A,Riffle 2A,Relocate 2023,9/26/2023,Trimble,NA
50115,226001370272,NA,NA,NA,2A,Riffle 2A,Relocate 2023,9/26/2023,Trimble,NA
50116,228000607506,NA,NA,NA,2A,Riffle 2A,Relocate 2023,9/26/2023,Trimble,NA
50117,230000111694,NA,NA,NA,2A,Riffle 2A,Relocate 2023,9/26/2023,Trimble,NA
50118,230000111729,50518,50518,NA,2A,Riffle 2A,Relocate 2023,9/26/2023,Trimble,NA
50119,230000111660,50519h*,50519,NA,2A,Riffle 2A,Relocate 2023,9/26/2023,Trimble,NA
50120,226001370285,NA,NA,NA,2A,Riffle 2A,Relocate 2023,9/26/2023,Trimble,NA
50121,230000111629,50521h*,50521,NA,2A,Riffle 2A,Relocate 2023,9/26/2023,Trimble,NA
50122,226001370257,50522bh*,50522,NA,2A,Riffle 2A,Relocate 2023,9/26/2023,Trimble,NA
50123,230000111718,50523bh*,50523,NA,2A,Riffle 2A,Relocate 2023,9/26/2023,Trimble,NA
50124,226001370218,NA,NA,NA,2A,Riffle 2A,Relocate 2023,9/26/2023,Trimble,NA
50125,230000111603,50525hb*,50525,NA,2A,Riffle 2A,Relocate 2023,9/26/2023,Trimble,NA
50126,231000039788,50526*,50526,NA,2A,Riffle 2A,Relocate 2023,9/26/2023,Trimble,NA
50127,230000111605,50527h*,50527,NA,2A,Riffle 2A,Relocate 2023,9/26/2023,Trimble,NA
50128,230000111515,50528*,50528,NA,2A,Riffle 2A,Relocate 2023,9/26/2023,Trimble,NA
50129,230000111586,50529h*,50529,NA,2A,Riffle 2A,Relocate 2023,9/26/2023,Trimble,NA
50130,230000111583,50530b*,50530,NA,2A,Riffle 2A,Relocate 2023,9/26/2023,Trimble,NA
50131,226001370210,NA,NA,NA,2A,Riffle 2A,Relocate 2023,9/26/2023,Trimble,NA
50132,230000111547,50532hb*,50532,NA,2A,Riffle 2A,Relocate 2023,9/26/2023,Trimble,NA
50133,226001370321,NA,NA,NA,2A,Riffle 2A,Relocate 2023,9/26/2023,Trimble,NA
50134,228000607538,NA,NA,NA,2A,Riffle 2A,Relocate 2023,9/26/2023,Trimble,NA
50135,230000111671,50535*,50535,NA,2A,Riffle 2A,Relocate 2023,9/26/2023,Trimble,NA
50136,230000111621,50536*,50536,NA,2A,Riffle 2A,Relocate 2023,9/26/2023,Trimble,NA
50137,230000111657,50537,50537,NA,2A,Riffle 2A,Relocate 2023,9/26/2023,Trimble,NA
50138,226001370271,NA,NA,NA,2A,Riffle 2A,Relocate 2023,9/26/2023,Trimble,NA
50139,230000111709,50539*,50539,NA,2A,Riffle 2A,Relocate 2023,9/26/2023,Trimble,NA
50140,231000039715,50540b*,50540,NA,2A,Riffle 2A,Relocate 2023,9/26/2023,Trimble,NA
50141,230000111704,NA,NA,NA,2A,Riffle 2A,Relocate 2023,9/26/2023,Trimble,NA
50142,230000111732,50542h*,50542,NA,2A,Riffle 2A,Relocate 2023,9/26/2023,Trimble,NA
50143,230000111587,50543h*,50543,NA,2A,Riffle 2A,Relocate 2023,9/26/2023,Trimble,NA
50144,228000607539,50544*,50544,NA,2A,Riffle 2A,Relocate 2023,9/26/2023,Trimble,NA
50145,230000111602,50545h*,50545,NA,2A,Riffle 2A,Relocate 2023,9/26/2023,Trimble,NA
50146,226001370298,50546,50546,NA,2A,Riffle 2A,Relocate 2023,9/26/2023,Trimble,NA
50147,228000607569,50547*,50547,NA,2A,Riffle 2A,Relocate 2023,9/26/2023,Trimble,NA
50148,228000607561,50548h*,50548,NA,2A,Riffle 2A,Relocate 2023,9/26/2023,Trimble,NA
50149,228000607547,50549*,50549,NA,2A,Riffle 2A,Relocate 2023,9/26/2023,Trimble,NA
50500,230000111599,50800*,50800,NA,2A,Riffle 2A,Relocate 2024,9/24/2024,Trimble,NA
50501,228000607528,50801b~,50801,NA,2A,Riffle 2A,Relocate 2024,9/24/2024,Trimble,NA
50502,230000111738,50802h*,50802,NA,2A,Riffle 2A,Relocate 2024,9/24/2024,Trimble,NA
50103,231000039731,NA,NA,NA,2A,Riffle 2A,Relocate 2024,9/24/2024,Trimble,NA
50104,228000607576,50804b*,50804,NA,2A,Riffle 2A,Relocate 2024,9/24/2024,Trimble,NA
50505,230000111634,50805*,50805,NA,2A,Riffle 2A,Relocate 2024,9/24/2024,Trimble,NA
50106,231000039774,NA,NA,NA,2A,Riffle 2A,Relocate 2024,9/24/2024,Trimble,NA
50507,230000111658,50807*,50807,NA,2A,Riffle 2A,Relocate 2024,9/24/2024,Trimble,NA
50108,231000039734,NA,NA,NA,2A,Riffle 2A,Relocate 2024,9/24/2024,Trimble,NA
50509,228000607558,50809,50809,NA,2A,Riffle 2A,Relocate 2024,9/24/2024,Mobile,M34 Detection Only
50510,231000039756,NA,NA,NA,2A,Riffle 2A,Relocate 2024,9/24/2024,Trimble,NA
50511,230000111645,50811*,50811,NA,2A,Riffle 2A,Relocate 2024,9/24/2024,Trimble,NA
50512,228000607564,50812*,50812,NA,2A,Riffle 2A,Relocate 2024,9/24/2024,Trimble,NA
50513,226001370280,NA,NA,NA,2A,Riffle 2A,Relocate 2024,9/24/2024,Trimble,NA
50514,230000111719,50814,50814,NA,2A,Riffle 2A,Relocate 2024,9/24/2024,Trimble,NA
50115,226001370272,NA,NA,NA,2A,Riffle 2A,Relocate 2024,9/24/2024,Trimble,NA
50116,228000607506,50816,50816,NA,2A,Riffle 2A,Relocate 2024,9/24/2024,Trimble,Survey Point 146502
50117,230000111694,50817*,50817,NA,2A,Riffle 2A,Relocate 2024,9/24/2024,Trimble,NA
50518,230000111729,50818,50818,NA,2A,Riffle 2A,Relocate 2024,9/24/2024,Trimble,NA
50519,230000111660,50819b*,50819,NA,2A,Riffle 2A,Relocate 2024,9/24/2024,Trimble,NA
50120,226001370285,NA,NA,NA,2A,Riffle 2A,Relocate 2024,9/24/2024,Trimble,NA
50521,230000111629,50821*,50821,NA,2A,Riffle 2A,Relocate 2024,9/24/2024,Trimble,NA
50522,226001370257,50822b*,50822,NA,2A,Riffle 2A,Relocate 2024,9/24/2024,Trimble,NA
50523,230000111718,50823*,50823,NA,2A,Riffle 2A,Relocate 2024,9/24/2024,Trimble,NA
50124,226001370218,NA,NA,NA,2A,Riffle 2A,Relocate 2024,9/24/2024,Trimble,NA
50525,230000111603,50825,50825,NA,2A,Riffle 2A,Relocate 2024,9/24/2024,Trimble,NA
50526,231000039788,50826b*,50826,NA,2A,Riffle 2A,Relocate 2024,9/24/2024,Trimble,NA
50527,230000111605,50827,50827,NA,2A,Riffle 2A,Relocate 2024,9/24/2024,Trimble,NA
50528,230000111515,50828*,50828,NA,2A,Riffle 2A,Relocate 2024,9/24/2024,Trimble,NA
50529,230000111586,50829*,50829,NA,2A,Riffle 2A,Relocate 2024,9/24/2024,Trimble,NA
50530,230000111583,50830*,50830,NA,2A,Riffle 2A,Relocate 2024,9/24/2024,Trimble,NA
50131,226001370210,NA,NA,NA,2A,Riffle 2A,Relocate 2024,9/24/2024,Trimble,NA
50532,230000111547,50832*,50832,NA,2A,Riffle 2A,Relocate 2024,9/24/2024,Trimble,NA
50133,226001370321,NA,NA,NA,2A,Riffle 2A,Relocate 2024,9/24/2024,Trimble,NA
50134,228000607538,NA,NA,NA,2A,Riffle 2A,Relocate 2024,9/24/2024,Trimble,NA
50535,230000111671,50835b*?,50835,NA,2A,Riffle 2A,Relocate 2024,9/24/2024,Trimble,NA
50536,230000111621,50836,50836,NA,2A,Riffle 2A,Relocate 2024,9/24/2024,Trimble,NA
50537,230000111657,50837*,50837,NA,2A,Riffle 2A,Relocate 2024,9/24/2024,Trimble,NA
50138,226001370271,NA,NA,NA,2A,Riffle 2A,Relocate 2024,9/24/2024,Trimble,NA
50539,230000111709,50839*,50839,NA,2A,Riffle 2A,Relocate 2024,9/24/2024,Trimble,NA
50540,231000039715,50840b*,50840,NA,2A,Riffle 2A,Relocate 2024,9/24/2024,Trimble,NA
50141,230000111704,NA,NA,NA,2A,Riffle 2A,Relocate 2024,9/24/2024,Trimble,NA
50542,230000111732,50842,50842,NA,2A,Riffle 2A,Relocate 2024,9/24/2024,Mobile,M34 Detection Only
50543,230000111587,50843*,50843,NA,2A,Riffle 2A,Relocate 2024,9/24/2024,Trimble,NA
50544,228000607539,50844*,50844,NA,2A,Riffle 2A,Relocate 2024,9/24/2024,Trimble,NA
50545,230000111602,50845*,50845,NA,2A,Riffle 2A,Relocate 2024,9/24/2024,Trimble,NA
50546,226001370298,NA,NA,NA,2A,Riffle 2A,Relocate 2024,9/24/2024,Trimble,NA
50547,228000607569,50847*,50847,NA,2A,Riffle 2A,Relocate 2024,9/24/2024,Trimble,NA
50548,228000607561,50848*,50848,NA,2A,Riffle 2A,Relocate 2024,9/24/2024,Trimble,NA
50549,228000607547,50849*,50849,NA,2A,Riffle 2A,Relocate 2024,9/24/2024,Trimble,NA
51263,209000132723,NA,NA,LC,2B,Riffle 2B,Deploy 2024_10,10/16/2024,Trimble,Field Sheet DeployID includes 2A/2B
51271,209000132802,NA,NA,LC,2B,Riffle 2B,Deploy 2024_10,10/16/2024,Trimble,Field Sheet DeployID includes 2A/2B
51275,226001370225,NA,NA,GRVAUG,2B,Riffle 2B,Deploy 2024_10,10/16/2024,Trimble,Field Sheet DeployID includes 2A/2B
51276,226001370247,NA,NA,GRVAUG,2B,Riffle 2B,Deploy 2024_10,10/16/2024,Trimble,Field Sheet DeployID includes 2A/2B
51269,226001370273,NA,NA,GRVAUG,2B,Riffle 2B,Deploy 2024_10,10/16/2024,Trimble,Field Sheet DeployID includes 2A/2B
51266,226001370276,NA,NA,GRVAUG,2B,Riffle 2B,Deploy 2024_10,10/16/2024,Trimble,Field Sheet DeployID includes 2A/2B
51272,228000607553,NA,NA,GRVAUG,2B,Riffle 2B,Deploy 2024_10,10/16/2024,Trimble,Field Sheet DeployID includes 2A/2B
51270,228000607555,NA,NA,GRVAUG,2B,Riffle 2B,Deploy 2024_10,10/16/2024,Trimble,Field Sheet DeployID includes 2A/2B
51290,230000111509,NA,NA,CBL,2B,Riffle 2B,Deploy 2024_10,10/16/2024,Trimble,Field Sheet DeployID includes 2A/2B
51264,230000111511,NA,NA,CBL,2B,Riffle 2B,Deploy 2024_10,10/16/2024,Trimble,Field Sheet DeployID includes 2A/2B
51277,230000111518,NA,NA,CBL,2B,Riffle 2B,Deploy 2024_10,10/16/2024,Trimble,Field Sheet DeployID includes 2A/2B
51280,230000111528,NA,NA,CBL,2B,Riffle 2B,Deploy 2024_10,10/16/2024,Trimble,Field Sheet DeployID includes 2A/2B
51279,230000111539,NA,NA,CBL,2B,Riffle 2B,Deploy 2024_10,10/16/2024,Trimble,Field Sheet DeployID includes 2A/2B
51287,230000111550,NA,NA,CBL,2B,Riffle 2B,Deploy 2024_10,10/16/2024,Trimble,Field Sheet DeployID includes 2A/2B
51284,230000111558,NA,NA,CBL,2B,Riffle 2B,Deploy 2024_10,10/16/2024,Trimble,Field Sheet DeployID includes 2A/2B
51283,230000111559,NA,NA,CBL,2B,Riffle 2B,Deploy 2024_10,10/16/2024,Trimble,Field Sheet DeployID includes 2A/2B
51289,230000111563,NA,NA,CBL,2B,Riffle 2B,Deploy 2024_10,10/16/2024,Trimble,Field Sheet DeployID includes 2A/2B
51255,230000111569,NA,NA,CBL,2B,Riffle 2B,Deploy 2024_10,10/16/2024,Trimble,Field Sheet DeployID includes 2A/2B
51282,230000111571,NA,NA,CBL,2B,Riffle 2B,Deploy 2024_10,10/16/2024,Trimble,Field Sheet DeployID includes 2A/2B
51259,230000111582,NA,NA,CBL,2B,Riffle 2B,Deploy 2024_10,10/16/2024,Trimble,Field Sheet DeployID includes 2A/2B
51250,230000111598,NA,NA,CBL,2B,Riffle 2B,Deploy 2024_10,10/16/2024,Trimble,Field Sheet DeployID includes 2A/2B
51261,230000111600,NA,NA,CBL,2B,Riffle 2B,Deploy 2024_10,10/16/2024,Trimble,Field Sheet DeployID includes 2A/2B
51267,230000111607,NA,NA,CBL,2B,Riffle 2B,Deploy 2024_10,10/16/2024,Trimble,Field Sheet DeployID includes 2A/2B
51265,230000111613,NA,NA,CBL,2B,Riffle 2B,Deploy 2024_10,10/16/2024,Trimble,Field Sheet DeployID includes 2A/2B
51260,230000111630,NA,NA,CBL,2B,Riffle 2B,Deploy 2024_10,10/16/2024,Trimble,Field Sheet DeployID includes 2A/2B
51253,230000111654,NA,NA,CBL,2B,Riffle 2B,Deploy 2024_10,10/16/2024,Trimble,Field Sheet DeployID includes 2A/2B
51262,230000111662,NA,NA,CBL,2B,Riffle 2B,Deploy 2024_10,10/16/2024,Trimble,Field Sheet DeployID includes 2A/2B
51288,230000111667,NA,NA,CBL,2B,Riffle 2B,Deploy 2024_10,10/16/2024,Trimble,Field Sheet DeployID includes 2A/2B
51286,230000111679,NA,NA,CBL,2B,Riffle 2B,Deploy 2024_10,10/16/2024,Trimble,Field Sheet DeployID includes 2A/2B
51257,230000111680,NA,NA,CBL,2B,Riffle 2B,Deploy 2024_10,10/16/2024,Trimble,Field Sheet DeployID includes 2A/2B
51274,230000111687,NA,NA,CBL,2B,Riffle 2B,Deploy 2024_10,10/16/2024,Trimble,Field Sheet DeployID includes 2A/2B
51291,230000111688,NA,NA,CBL,2B,Riffle 2B,Deploy 2024_10,10/16/2024,Trimble,Field Sheet DeployID includes 2A/2B
51251,230000111691,NA,NA,CBL,2B,Riffle 2B,Deploy 2024_10,10/16/2024,Trimble,Field Sheet DeployID includes 2A/2B
51273,230000111692,NA,NA,CBL,2B,Riffle 2B,Deploy 2024_10,10/16/2024,Trimble,Field Sheet DeployID includes 2A/2B
51258,230000111710,NA,NA,CBL,2B,Riffle 2B,Deploy 2024_10,10/16/2024,Trimble,Field Sheet DeployID includes 2A/2B
51268,230000111721,NA,NA,CBL,2B,Riffle 2B,Deploy 2024_10,10/16/2024,Trimble,Field Sheet DeployID includes 2A/2B
51252,230000111724,NA,NA,CBL,2B,Riffle 2B,Deploy 2024_10,10/16/2024,Trimble,Field Sheet DeployID includes 2A/2B
51256,230000111740,NA,NA,CBL,2B,Riffle 2B,Deploy 2024_10,10/16/2024,Trimble,Field Sheet DeployID includes 2A/2B
51281,230000111744,NA,NA,CBL,2B,Riffle 2B,Deploy 2024_10,10/16/2024,Trimble,Field Sheet DeployID includes 2A/2B
51278,230000111748,NA,NA,CBL,2B,Riffle 2B,Deploy 2024_10,10/16/2024,Trimble,Field Sheet DeployID includes 2A/2B
51285,230000111749,NA,NA,CBL,2B,Riffle 2B,Deploy 2024_10,10/16/2024,Trimble,Field Sheet DeployID includes 2A/2B
50160,209000133190,NA,NA,64,2B,Riffle 2B,Deploy 2023,4/24/2023,Trimble,NA
50164,226001370213,NA,NA,16,2B,Riffle 2B,Deploy 2023,4/24/2023,Trimble,NA
50196,226001370224,NA,NA,16,2B,Riffle 2B,Deploy 2023,4/24/2023,Trimble,NA
50190,226001370240,NA,NA,16,2B,Riffle 2B,Deploy 2023,4/24/2023,Trimble,NA
50188,226001370250,NA,NA,32,2B,Riffle 2B,Deploy 2023,4/24/2023,Trimble,NA
50182,226001370253,NA,NA,32,2B,Riffle 2B,Deploy 2023,4/24/2023,Trimble,NA
50184,226001370261,NA,NA,32,2B,Riffle 2B,Deploy 2023,4/24/2023,Trimble,NA
50198,226001370278,NA,NA,16,2B,Riffle 2B,Deploy 2023,4/24/2023,Trimble,NA
50158,226001370284,NA,NA,16,2B,Riffle 2B,Deploy 2023,4/24/2023,Trimble,NA
50161,226001370286,NA,NA,32,2B,Riffle 2B,Deploy 2023,4/24/2023,Trimble,NA
50172,226001370289,NA,NA,16,2B,Riffle 2B,Deploy 2023,4/24/2023,Trimble,NA
50186,226001370299,NA,NA,16,2B,Riffle 2B,Deploy 2023,4/24/2023,Trimble,NA
50177,226001370341,NA,NA,16,2B,Riffle 2B,Deploy 2023,4/24/2023,Trimble,NA
50169,228000607504,NA,NA,64,2B,Riffle 2B,Deploy 2023,4/24/2023,Trimble,NA
50150,228000607511,NA,NA,64,2B,Riffle 2B,Deploy 2023,4/24/2023,Trimble,NA
50170,228000607514,NA,NA,64,2B,Riffle 2B,Deploy 2023,4/24/2023,Trimble,NA
50175,228000607526,NA,NA,64,2B,Riffle 2B,Deploy 2023,4/24/2023,Trimble,NA
50162,228000607527,NA,NA,64,2B,Riffle 2B,Deploy 2023,4/24/2023,Trimble,NA
50174,228000607540,NA,NA,64,2B,Riffle 2B,Deploy 2023,4/24/2023,Trimble,NA
50192,228000607548,NA,NA,64,2B,Riffle 2B,Deploy 2023,4/24/2023,Trimble,NA
50156,228000607554,NA,NA,64,2B,Riffle 2B,Deploy 2023,4/24/2023,Trimble,NA
50151,228000607570,NA,NA,64,2B,Riffle 2B,Deploy 2023,4/24/2023,Trimble,NA
50179,228000607572,NA,NA,64,2B,Riffle 2B,Deploy 2023,4/24/2023,Trimble,NA
50171,230000111504,NA,NA,128,2B,Riffle 2B,Deploy 2023,4/24/2023,Trimble,NA
50183,230000111508,NA,NA,256,2B,Riffle 2B,Deploy 2023,4/24/2023,Trimble,NA
50168,230000111522,NA,NA,256,2B,Riffle 2B,Deploy 2023,4/24/2023,Trimble,NA
50157,230000111568,NA,NA,90,2B,Riffle 2B,Deploy 2023,4/24/2023,Trimble,NA
50165,230000111572,NA,NA,128,2B,Riffle 2B,Deploy 2023,4/24/2023,Trimble,NA
50154,230000111584,NA,NA,128,2B,Riffle 2B,Deploy 2023,4/24/2023,Trimble,NA
50191,230000111604,NA,NA,90,2B,Riffle 2B,Deploy 2023,4/24/2023,Trimble,NA
50163,230000111606,NA,NA,128,2B,Riffle 2B,Deploy 2023,4/24/2023,Trimble,NA
50195,230000111638,NA,NA,128,2B,Riffle 2B,Deploy 2023,4/24/2023,Trimble,NA
50181,230000111646,NA,NA,90,2B,Riffle 2B,Deploy 2023,4/24/2023,Trimble,"Typo in original datasheet, used to end in 664"
50178,230000111666,NA,NA,>256,2B,Riffle 2B,Deploy 2023,4/24/2023,Trimble,NA
50153,230000111669,NA,NA,128,2B,Riffle 2B,Deploy 2023,4/24/2023,Trimble,NA
50197,230000111673,NA,NA,128,2B,Riffle 2B,Deploy 2023,4/24/2023,Trimble,NA
50189,230000111675,NA,NA,90,2B,Riffle 2B,Deploy 2023,4/24/2023,Trimble,NA
50194,230000111681,NA,NA,90,2B,Riffle 2B,Deploy 2023,4/24/2023,Trimble,NA
not deployed,230000111682,NA,NA,90,2B,Riffle 2B,Deploy 2023,4/24/2023,Trimble,NA
50187,230000111696,NA,NA,90,2B,Riffle 2B,Deploy 2023,4/24/2023,Trimble,NA
50185,230000111703,NA,NA,90,2B,Riffle 2B,Deploy 2023,4/24/2023,Trimble,NA
50180,230000111705,NA,NA,90,2B,Riffle 2B,Deploy 2023,4/24/2023,Trimble,NA
50173,230000111723,NA,NA,90,2B,Riffle 2B,Deploy 2023,4/24/2023,Trimble,NA
50193,230000111726,NA,NA,362,2B,Riffle 2B,Deploy 2023,4/24/2023,Trimble,NA
50155,230000298004,NA,NA,256,2B,Riffle 2B,Deploy 2023,4/24/2023,Trimble,NA
50167,230000298005,NA,NA,256,2B,Riffle 2B,Deploy 2023,4/24/2023,Trimble,NA
50176,230000298012,NA,NA,256,2B,Riffle 2B,Deploy 2023,4/24/2023,Trimble,NA
50166,231000039732,NA,NA,32,2B,Riffle 2B,Deploy 2023,4/24/2023,Trimble,NA
50152,231000039736,NA,NA,32,2B,Riffle 2B,Deploy 2023,4/24/2023,Trimble,NA
50159,231000039740,NA,NA,32,2B,Riffle 2B,Deploy 2023,4/24/2023,Trimble,NA
50199,230000111664,NA,NA,NA,2B,Riffle 2B,Deploy 2023,4/24/2023,Trimble,Added in from field sheet
50150,228000607511,50550b,50550,NA,2B,Riffle 2B,Relocate 2023,9/27/2023,Trimble,NA
50151,228000607570,50551*,50551,NA,2B,Riffle 2B,Relocate 2023,9/27/2023,Trimble,NA
50152,231000039736,50552b*,50552,NA,2B,Riffle 2B,Relocate 2023,9/27/2023,Trimble,NA
50153,230000111669,50553b*~,50553,NA,2B,Riffle 2B,Relocate 2023,9/27/2023,Trimble,NA
50154,230000111584,NA,NA,NA,2B,Riffle 2B,Relocate 2023,9/27/2023,Trimble,NA
50155,230000298004,50555h*,50555,NA,2B,Riffle 2B,Relocate 2023,9/27/2023,Trimble,NA
50156,228000607554,NA,NA,NA,2B,Riffle 2B,Relocate 2023,9/27/2023,Trimble,NA
50157,230000111568,NA,NA,NA,2B,Riffle 2B,Relocate 2023,9/27/2023,Trimble,NA
50158,226001370284,NA,NA,NA,2B,Riffle 2B,Relocate 2023,9/27/2023,Trimble,NA
50159,231000039740,50559b*~,50559,NA,2B,Riffle 2B,Relocate 2023,9/27/2023,Trimble,NA
50160,209000133190,50560b*~,50560,NA,2B,Riffle 2B,Relocate 2023,9/27/2023,Trimble,NA
50161,226001370286,NA,NA,NA,2B,Riffle 2B,Relocate 2023,9/27/2023,Trimble,NA
50162,228000607527,50562h*,50562,NA,2B,Riffle 2B,Relocate 2023,9/27/2023,Trimble,NA
50163,230000111606,50563h*,50563,NA,2B,Riffle 2B,Relocate 2023,9/27/2023,Trimble,NA
50164,226001370213,NA,NA,NA,2B,Riffle 2B,Relocate 2023,9/27/2023,Trimble,NA
50165,230000111572,50565h*,50565,NA,2B,Riffle 2B,Relocate 2023,9/27/2023,Trimble,NA
50166,231000039732,NA,NA,NA,2B,Riffle 2B,Relocate 2023,9/27/2023,Trimble,NA
50167,230000298005,50567b*~,50567,NA,2B,Riffle 2B,Relocate 2023,9/27/2023,Trimble,NA
50168,230000111522,50568bh*,50568,NA,2B,Riffle 2B,Relocate 2023,9/27/2023,Trimble,NA
50169,228000607504,50569bh*,50569,NA,2B,Riffle 2B,Relocate 2023,9/27/2023,Trimble,NA
50170,228000607514,NA,NA,NA,2B,Riffle 2B,Relocate 2023,9/27/2023,Trimble,NA
50171,230000111504,50571b*~,50571,NA,2B,Riffle 2B,Relocate 2023,9/27/2023,Trimble,NA
50172,226001370289,NA,NA,NA,2B,Riffle 2B,Relocate 2023,9/27/2023,Trimble,NA
50173,230000111723,NA,NA,NA,2B,Riffle 2B,Relocate 2023,9/27/2023,Trimble,NA
50174,228000607540,NA,NA,NA,2B,Riffle 2B,Relocate 2023,9/27/2023,Trimble,NA
50175,228000607526,NA,NA,NA,2B,Riffle 2B,Relocate 2023,9/27/2023,Trimble,NA
50176,230000298012,50576*,50576,NA,2B,Riffle 2B,Relocate 2023,9/27/2023,Trimble,NA
50177,226001370341,NA,NA,NA,2B,Riffle 2B,Relocate 2023,9/27/2023,Trimble,NA
50178,230000111666,50578*,50578,NA,2B,Riffle 2B,Relocate 2023,9/27/2023,Trimble,NA
50179,228000607572,NA,NA,NA,2B,Riffle 2B,Relocate 2023,9/27/2023,Trimble,NA
50180,230000111705,50580b*,50580,NA,2B,Riffle 2B,Relocate 2023,9/27/2023,Trimble,NA
50181,230000111646,NA,NA,NA,2B,Riffle 2B,Relocate 2023,9/27/2023,Trimble,NA
50182,226001370253,NA,NA,NA,2B,Riffle 2B,Relocate 2023,9/27/2023,Trimble,NA
50183,230000111508,NA,NA,NA,2B,Riffle 2B,Relocate 2023,9/27/2023,Trimble,NA
50184,226001370261,NA,NA,NA,2B,Riffle 2B,Relocate 2023,9/27/2023,Trimble,NA
50185,230000111703,NA,NA,NA,2B,Riffle 2B,Relocate 2023,9/27/2023,Trimble,NA
50186,226001370299,NA,NA,NA,2B,Riffle 2B,Relocate 2023,9/27/2023,Trimble,NA
50187,230000111696,NA,NA,NA,2B,Riffle 2B,Relocate 2023,9/27/2023,Trimble,NA
50188,226001370250,NA,NA,NA,2B,Riffle 2B,Relocate 2023,9/27/2023,Trimble,NA
50189,230000111675,NA,NA,NA,2B,Riffle 2B,Relocate 2023,9/27/2023,Trimble,NA
50190,226001370240,NA,NA,NA,2B,Riffle 2B,Relocate 2023,9/27/2023,Trimble,NA
50191,230000111604,50591b*,50591,NA,2B,Riffle 2B,Relocate 2023,9/27/2023,Trimble,NA
50192,228000607548,NA,NA,NA,2B,Riffle 2B,Relocate 2023,9/27/2023,Trimble,NA
50193,230000111726,50593h*,50593,NA,2B,Riffle 2B,Relocate 2023,9/27/2023,Trimble,NA
50194,230000111681,NA,NA,NA,2B,Riffle 2B,Relocate 2023,9/27/2023,Trimble,NA
50195,230000111638,50595b*~,50595,NA,2B,Riffle 2B,Relocate 2023,9/27/2023,Trimble,NA
50196,226001370224,NA,NA,NA,2B,Riffle 2B,Relocate 2023,9/27/2023,Trimble,NA
50197,230000111673,50597b*~,50597,NA,2B,Riffle 2B,Relocate 2023,9/27/2023,Trimble,NA
50198,226001370278,NA,NA,NA,2B,Riffle 2B,Relocate 2023,9/27/2023,Trimble,NA
50199,230000111664,50599*,50599,NA,2B,Riffle 2B,Relocate 2023,9/27/2023,Trimble,NA
50550,228000607511,50850b~,50850,NA,2B,Riffle 2B,Relocate 2024,9/24/2024,Trimble,NA
50551,228000607570,50851b*,50851,NA,2B,Riffle 2B,Relocate 2024,9/24/2024,Trimble,NA
50552,231000039736,50852b*,50852,NA,2B,Riffle 2B,Relocate 2024,9/24/2024,Trimble,NA
50553,230000111669,50853b~,50853,NA,2B,Riffle 2B,Relocate 2024,9/24/2024,Trimble,NA
50154,230000111584,50854b~*,50854,NA,2B,Riffle 2B,Relocate 2024,9/24/2024,Trimble,NA
50555,230000298004,50855*,50855,NA,2B,Riffle 2B,Relocate 2024,9/24/2024,Trimble,NA
50156,228000607554,50856b~*,50856,NA,2B,Riffle 2B,Relocate 2024,9/24/2024,Trimble,NA
50157,230000111568,50857b~*,50857,NA,2B,Riffle 2B,Relocate 2024,9/24/2024,Trimble,NA
50158,226001370284,NA,NA,NA,2B,Riffle 2B,Relocate 2024,9/24/2024,Trimble,NA
50559,231000039740,50859b*,50859,NA,2B,Riffle 2B,Relocate 2024,9/24/2024,Trimble,NA
50560,209000133190,50860,50860,NA,2B,Riffle 2B,Relocate 2024,9/24/2024,Mobile,M34 Detection
50161,226001370286,NA,NA,NA,2B,Riffle 2B,Relocate 2024,9/24/2024,Trimble,NA
50562,228000607527,50862*,50862,NA,2B,Riffle 2B,Relocate 2024,9/24/2024,Trimble,NA
50563,230000111606,50863*,50863,NA,2B,Riffle 2B,Relocate 2024,9/24/2024,Trimble,NA
50164,226001370213,NA,NA,NA,2B,Riffle 2B,Relocate 2024,9/24/2024,Trimble,NA
50565,230000111572,50865*,50865,NA,2B,Riffle 2B,Relocate 2024,9/24/2024,Trimble,NA
50166,231000039732,NA,NA,NA,2B,Riffle 2B,Relocate 2024,9/24/2024,Trimble,NA
50567,230000298005,50867b~,50867,NA,2B,Riffle 2B,Relocate 2024,9/24/2024,Trimble,NA
50568,230000111522,50868h,50868,NA,2B,Riffle 2B,Relocate 2024,9/24/2024,Trimble,NA
50569,228000607504,50869b*,50869,NA,2B,Riffle 2B,Relocate 2024,9/24/2024,Trimble,NA
50170,228000607514,50870,50870,NA,2B,Riffle 2B,Relocate 2024,9/24/2024,Mobile,M34 Detection
50571,230000111504,50871~b,50871,NA,2B,Riffle 2B,Relocate 2024,9/24/2024,Trimble,NA
50172,226001370289,NA,NA,NA,2B,Riffle 2B,Relocate 2024,9/24/2024,Trimble,NA
50173,230000111723,NA,NA,NA,2B,Riffle 2B,Relocate 2024,9/24/2024,Trimble,NA
50174,228000607540,50874b~*,50874,NA,2B,Riffle 2B,Relocate 2024,9/24/2024,Trimble,NA
50175,228000607526,50875b~*,50875,NA,2B,Riffle 2B,Relocate 2024,9/24/2024,Trimble,NA
50576,230000298012,50876*,50876,NA,2B,Riffle 2B,Relocate 2024,9/24/2024,Trimble,NA
50177,226001370341,NA,NA,NA,2B,Riffle 2B,Relocate 2024,9/24/2024,Trimble,NA
50578,230000111666,50878,50878,NA,2B,Riffle 2B,Relocate 2024,9/24/2024,Trimble,NA
50179,228000607572,50879,50879,NA,2B,Riffle 2B,Relocate 2024,9/24/2024,Mobile,M34 Detection Only
50580,230000111705,50880*,50880,NA,2B,Riffle 2B,Relocate 2024,9/24/2024,Trimble,NA
50181,230000111646,NA,NA,NA,2B,Riffle 2B,Relocate 2024,9/24/2024,Trimble,NA
50182,226001370253,NA,NA,NA,2B,Riffle 2B,Relocate 2024,9/24/2024,Trimble,NA
50183,230000111508,50883*,50883,NA,2B,Riffle 2B,Relocate 2024,9/24/2024,Trimble,NA
50184,226001370261,NA,NA,NA,2B,Riffle 2B,Relocate 2024,9/24/2024,Trimble,NA
50185,230000111703,50885b~*,50885,NA,2B,Riffle 2B,Relocate 2024,9/24/2024,Trimble,NA
50186,226001370299,NA,NA,NA,2B,Riffle 2B,Relocate 2024,9/24/2024,Trimble,NA
50187,230000111696,50887b~*,50887,NA,2B,Riffle 2B,Relocate 2024,9/24/2024,Trimble,NA
50188,226001370250,NA,NA,NA,2B,Riffle 2B,Relocate 2024,9/24/2024,Trimble,NA
50189,230000111675,NA,NA,NA,2B,Riffle 2B,Relocate 2024,9/24/2024,Trimble,NA
50190,226001370240,NA,NA,NA,2B,Riffle 2B,Relocate 2024,9/24/2024,Trimble,NA
50591,230000111604,50891b~*,50891,NA,2B,Riffle 2B,Relocate 2024,9/24/2024,Trimble,NA
50192,228000607548,NA,NA,NA,2B,Riffle 2B,Relocate 2024,9/24/2024,Trimble,NA
50593,230000111726,50893,50893,NA,2B,Riffle 2B,Relocate 2024,9/24/2024,Trimble,NA
50194,230000111681,50894b*,50894,NA,2B,Riffle 2B,Relocate 2024,9/24/2024,Trimble,NA
50595,230000111638,50895b~*,50895,NA,2B,Riffle 2B,Relocate 2024,9/24/2024,Trimble,NA
50196,226001370224,NA,NA,NA,2B,Riffle 2B,Relocate 2024,9/24/2024,Trimble,NA
50597,230000111673,50897b~*,50897,NA,2B,Riffle 2B,Relocate 2024,9/24/2024,Trimble,NA
50198,226001370278,NA,NA,NA,2B,Riffle 2B,Relocate 2024,9/24/2024,Trimble,NA
50599,230000111664,50899*,50899,NA,2B,Riffle 2B,Relocate 2024,9/24/2024,Trimble,NA
51115,209000133112,NA,NA,23,3,Riffle 3,Deploy 2024_10,10/16/2024,Trimble,NA
51125,209000133122,NA,NA,23,3,Riffle 3,Deploy 2024_10,10/16/2024,Trimble,NA
51124,209000133133,NA,NA,23,3,Riffle 3,Deploy 2024_10,10/16/2024,Trimble,NA
51118,209000133139,NA,NA,23,3,Riffle 3,Deploy 2024_10,10/16/2024,Trimble,NA
51140,209000133145,NA,NA,23,3,Riffle 3,Deploy 2024_10,10/16/2024,Trimble,NA
51154,209000133150,NA,NA,23,3,Riffle 3,Deploy 2024_10,10/16/2024,Trimble,NA
51129,209000133154,NA,NA,23,3,Riffle 3,Deploy 2024_10,10/16/2024,Trimble,NA
51145,209000133166,NA,NA,23,3,Riffle 3,Deploy 2024_10,10/16/2024,Trimble,NA
51170,209000133170,NA,NA,23,3,Riffle 3,Deploy 2024_10,10/16/2024,Trimble,NA
51103,209000133173,NA,NA,23,3,Riffle 3,Deploy 2024_10,10/16/2024,Trimble,NA
51189,209000133177,NA,NA,23,3,Riffle 3,Deploy 2024_10,10/16/2024,Trimble,NA
51176,209000133178,NA,NA,23,3,Riffle 3,Deploy 2024_10,10/16/2024,Trimble,NA
51159,209000133186,NA,NA,23,3,Riffle 3,Deploy 2024_10,10/16/2024,Trimble,NA
51108,209000133189,NA,NA,23,3,Riffle 3,Deploy 2024_10,10/16/2024,Trimble,NA
51171,209000133193,NA,NA,23,3,Riffle 3,Deploy 2024_10,10/16/2024,Trimble,NA
51113,209000133195,NA,NA,23,3,Riffle 3,Deploy 2024_10,10/16/2024,Trimble,NA
51193,209000133196,NA,NA,23,3,Riffle 3,Deploy 2024_10,10/16/2024,Trimble,NA
51111,209000133198,NA,NA,23,3,Riffle 3,Deploy 2024_10,10/16/2024,Trimble,NA
51199,209000133201,NA,NA,23,3,Riffle 3,Deploy 2024_10,10/16/2024,Trimble,NA
51142,209000133202,NA,NA,23,3,Riffle 3,Deploy 2024_10,10/16/2024,Trimble,NA
51190,209000133492,NA,NA,23,3,Riffle 3,Deploy 2024_10,10/16/2024,Trimble,NA
51179,226001370202,NA,NA,12,3,Riffle 3,Deploy 2024_10,10/16/2024,Trimble,NA
51109,226001370211,NA,NA,12,3,Riffle 3,Deploy 2024_10,10/16/2024,Trimble,NA
51191,226001370217,NA,NA,12,3,Riffle 3,Deploy 2024_10,10/16/2024,Trimble,NA
51187,226001370220,NA,NA,12,3,Riffle 3,Deploy 2024_10,10/16/2024,Trimble,NA
51165,226001370226,NA,NA,12,3,Riffle 3,Deploy 2024_10,10/16/2024,Trimble,NA
51158,226001370229,NA,NA,12,3,Riffle 3,Deploy 2024_10,10/16/2024,Trimble,NA
51181,226001370242,NA,NA,12,3,Riffle 3,Deploy 2024_10,10/16/2024,Trimble,NA
51156,226001370246,NA,NA,12,3,Riffle 3,Deploy 2024_10,10/16/2024,Trimble,NA
51173,226001370248,NA,NA,12,3,Riffle 3,Deploy 2024_10,10/16/2024,Trimble,NA
51126,226001370252,NA,NA,12,3,Riffle 3,Deploy 2024_10,10/16/2024,Trimble,NA
51116,226001370254,NA,NA,12,3,Riffle 3,Deploy 2024_10,10/16/2024,Trimble,NA
51119,226001370258,NA,NA,12,3,Riffle 3,Deploy 2024_10,10/16/2024,Trimble,NA
51134,226001370260,NA,NA,12,3,Riffle 3,Deploy 2024_10,10/16/2024,Trimble,NA
51110,226001370263,NA,NA,12,3,Riffle 3,Deploy 2024_10,10/16/2024,Trimble,NA
51122,226001370265,NA,NA,12,3,Riffle 3,Deploy 2024_10,10/16/2024,Trimble,NA
51172,226001370268,NA,NA,12,3,Riffle 3,Deploy 2024_10,10/16/2024,Trimble,NA
51160,226001370270,NA,NA,12,3,Riffle 3,Deploy 2024_10,10/16/2024,Trimble,NA
51174,226001370282,NA,NA,12,3,Riffle 3,Deploy 2024_10,10/16/2024,Trimble,NA
51175,226001370283,NA,NA,12,3,Riffle 3,Deploy 2024_10,10/16/2024,Trimble,NA
51112,226001370297,NA,NA,12,3,Riffle 3,Deploy 2024_10,10/16/2024,Trimble,NA
51168,226001370300,NA,NA,12,3,Riffle 3,Deploy 2024_10,10/16/2024,Trimble,NA
51141,226001370370,NA,NA,12,3,Riffle 3,Deploy 2024_10,10/16/2024,Trimble,NA
51198,226001370385,NA,NA,12,3,Riffle 3,Deploy 2024_10,10/16/2024,Trimble,NA
51153,228000607568,NA,NA,23,3,Riffle 3,Deploy 2024_10,10/16/2024,Trimble,NA
51169,228000607575,NA,NA,23,3,Riffle 3,Deploy 2024_10,10/16/2024,Trimble,NA
51146,230000111500,NA,NA,32,3,Riffle 3,Deploy 2024_10,10/16/2024,Trimble,NA
51180,230000111505,NA,NA,32,3,Riffle 3,Deploy 2024_10,10/16/2024,Trimble,NA
51143,230000111512,NA,NA,32,3,Riffle 3,Deploy 2024_10,10/16/2024,Trimble,NA
51182,230000111513,NA,NA,32,3,Riffle 3,Deploy 2024_10,10/16/2024,Trimble,NA
51131,230000111514,NA,NA,32,3,Riffle 3,Deploy 2024_10,10/16/2024,Trimble,NA
51186,230000111520,NA,NA,32,3,Riffle 3,Deploy 2024_10,10/16/2024,Trimble,NA
51151,230000111524,NA,NA,32,3,Riffle 3,Deploy 2024_10,10/16/2024,Trimble,NA
51101,230000111529,NA,NA,32,3,Riffle 3,Deploy 2024_10,10/16/2024,Trimble,NA
51188,230000111533,NA,NA,32,3,Riffle 3,Deploy 2024_10,10/16/2024,Trimble,NA
51136,230000111538,NA,NA,32,3,Riffle 3,Deploy 2024_10,10/16/2024,Trimble,NA
51107,230000111542,NA,NA,32,3,Riffle 3,Deploy 2024_10,10/16/2024,Trimble,NA
51164,230000111543,NA,NA,32,3,Riffle 3,Deploy 2024_10,10/16/2024,Trimble,NA
51152,230000111554,NA,NA,32,3,Riffle 3,Deploy 2024_10,10/16/2024,Trimble,NA
51192,230000111557,NA,NA,32,3,Riffle 3,Deploy 2024_10,10/16/2024,Trimble,NA
51197,230000111561,NA,NA,32,3,Riffle 3,Deploy 2024_10,10/16/2024,Trimble,NA
51161,230000111565,NA,NA,32,3,Riffle 3,Deploy 2024_10,10/16/2024,Trimble,NA
51100,230000111574,NA,NA,32,3,Riffle 3,Deploy 2024_10,10/16/2024,Trimble,NA
51184,230000111579,NA,NA,32,3,Riffle 3,Deploy 2024_10,10/16/2024,Trimble,NA
51148,230000111580,NA,NA,32,3,Riffle 3,Deploy 2024_10,10/16/2024,Trimble,NA
51120,230000111597,NA,NA,32,3,Riffle 3,Deploy 2024_10,10/16/2024,Trimble,NA
51138,230000111601,NA,NA,32,3,Riffle 3,Deploy 2024_10,10/16/2024,Trimble,NA
51185,230000111610,NA,NA,32,3,Riffle 3,Deploy 2024_10,10/16/2024,Trimble,NA
51132,230000111612,NA,NA,32,3,Riffle 3,Deploy 2024_10,10/16/2024,Trimble,NA
51157,230000111616,NA,NA,32,3,Riffle 3,Deploy 2024_10,10/16/2024,Trimble,NA
51177,230000111617,NA,NA,32,3,Riffle 3,Deploy 2024_10,10/16/2024,Trimble,NA
51167,230000111626,NA,NA,32,3,Riffle 3,Deploy 2024_10,10/16/2024,Trimble,NA
51123,230000111627,NA,NA,32,3,Riffle 3,Deploy 2024_10,10/16/2024,Trimble,NA
51162,230000111628,NA,NA,32,3,Riffle 3,Deploy 2024_10,10/16/2024,Trimble,NA
51106,230000111633,NA,NA,32,3,Riffle 3,Deploy 2024_10,10/16/2024,Trimble,NA
51114,230000111635,NA,NA,32,3,Riffle 3,Deploy 2024_10,10/16/2024,Trimble,NA
51194,230000111637,NA,NA,32,3,Riffle 3,Deploy 2024_10,10/16/2024,Trimble,NA
51137,230000111640,NA,NA,32,3,Riffle 3,Deploy 2024_10,10/16/2024,Trimble,NA
51135,230000111649,NA,NA,32,3,Riffle 3,Deploy 2024_10,10/16/2024,Trimble,NA
51178,230000111659,NA,NA,32,3,Riffle 3,Deploy 2024_10,10/16/2024,Trimble,NA
51133,230000111661,NA,NA,32,3,Riffle 3,Deploy 2024_10,10/16/2024,Trimble,NA
51139,230000111663,NA,NA,32,3,Riffle 3,Deploy 2024_10,10/16/2024,Trimble,NA
51127,230000111674,NA,NA,32,3,Riffle 3,Deploy 2024_10,10/16/2024,Trimble,NA
51196,230000111699,NA,NA,32,3,Riffle 3,Deploy 2024_10,10/16/2024,Trimble,NA
51149,230000111702,NA,NA,32,3,Riffle 3,Deploy 2024_10,10/16/2024,Trimble,NA
51121,230000111706,NA,NA,32,3,Riffle 3,Deploy 2024_10,10/16/2024,Trimble,NA
51104,230000111745,NA,NA,32,3,Riffle 3,Deploy 2024_10,10/16/2024,Trimble,NA
51155,230000298009,NA,NA,32,3,Riffle 3,Deploy 2024_10,10/16/2024,Trimble,NA
51195,230000298010,NA,NA,32,3,Riffle 3,Deploy 2024_10,10/16/2024,Trimble,NA
51166,230000298015,NA,NA,32,3,Riffle 3,Deploy 2024_10,10/16/2024,Trimble,NA
51117,230000298018,NA,NA,32,3,Riffle 3,Deploy 2024_10,10/16/2024,Trimble,NA
51150,230000298019,NA,NA,32,3,Riffle 3,Deploy 2024_10,10/16/2024,Trimble,NA
51130,231000039708,NA,NA,14,3,Riffle 3,Deploy 2024_10,10/16/2024,Trimble,NA
51144,231000039743,NA,NA,14,3,Riffle 3,Deploy 2024_10,10/16/2024,Trimble,NA
51102,231000039749,NA,NA,14,3,Riffle 3,Deploy 2024_10,10/16/2024,Trimble,NA
51105,231000039767,NA,NA,14,3,Riffle 3,Deploy 2024_10,10/16/2024,Trimble,NA
51147,231000039789,NA,NA,14,3,Riffle 3,Deploy 2024_10,10/16/2024,Trimble,NA
51163,231000039793,NA,NA,14,3,Riffle 3,Deploy 2024_10,10/16/2024,Trimble,NA
51183,231000039794,NA,NA,14,3,Riffle 3,Deploy 2024_10,10/16/2024,Trimble,NA
51128,231000039796,NA,NA,14,3,Riffle 3,Deploy 2024_10,10/16/2024,Trimble,NA
NA,226001370227,NA,NA,GRVAUG,NA,NA,Deploy 2024_10,,Trimble,Field Sheet DeployID includes 2A/2B
NA,226001370325,NA,NA,GRVAUG,NA,NA,Deploy 2024_10,,Trimble,Field Sheet DeployID includes 2A/2B
NA,230000111535,NA,NA,CBL,NA,NA,Deploy 2024_10,,Trimble,Field Sheet DeployID includes 2A/2B
50739,226001370243,51339b,51339,,1,Riffle 1,Relocate 2025,9/22/2025,Trimble,
50757,226001370244,51357*~b,51357,,1,Riffle 1,Relocate 2025,9/16/2025,Trimble,
50709,226001370256,51309b~,51309,,1,Riffle 1,Relocate 2025,9/16/2025,Trimble,
50278,226001370342,51378b,51378,,1,Riffle 1,Relocate 2025,9/16/2025,Trimble,
50721,226001370376,51321b~,51321,,1,Riffle 1,Relocate 2025,9/16/2025,Trimble,
50769,228000607505,51369,51369,,1,Riffle 1,Relocate 2025,9/16/2025,Trimble,
50747,228000607507,51347b~,51347,,1,Riffle 1,Relocate 2025,9/16/2025,Trimble,
50751,228000607509,51351b~,51351,,1,Riffle 1,Relocate 2025,9/22/2025,Trimble,
50708,228000607513,51308b~,51308,,1,Riffle 1,Relocate 2025,9/16/2025,Trimble,
50780,228000607516,51380,51380,,1,Riffle 1,Relocate 2025,9/16/2025,Trimble,
50758,228000607517,51358,51358,,1,Riffle 1,Relocate 2025,9/16/2025,Trimble,
50773,228000607520,51373,51373,,1,Riffle 1,Relocate 2025,9/22/2025,Trimble,
50766,228000607524,51366h,51366,,1,Riffle 1,Relocate 2025,9/16/2025,Trimble,
50718,228000607532,51318h,51318,,1,Riffle 1,Relocate 2025,9/16/2025,Trimble,
50786,228000607533,51386h,51386,,1,Riffle 1,Relocate 2025,9/16/2025,Trimble,
50755,228000607534,51355b*,51355,,1,Riffle 1,Relocate 2025,9/16/2025,Trimble,
50767,228000607535,51367b,51367,,1,Riffle 1,Relocate 2025,9/22/2025,Trimble,
50783,228000607537,51383h,51383,,1,Riffle 1,Relocate 2025,9/16/2025,Trimble,
50717,228000607546,51317,51317,,1,Riffle 1,Relocate 2025,9/16/2025,Trimble,
50752,228000607549,51352h,51352,,1,Riffle 1,Relocate 2025,9/22/2025,Trimble,
50734,228000607552,51334,51334,,1,Riffle 1,Relocate 2025,9/16/2025,Trimble,
50759,228000607560,51359,51359,,1,Riffle 1,Relocate 2025,9/16/2025,Trimble,
50772,228000607565,51372b,51372,,1,Riffle 1,Relocate 2025,9/16/2025,Trimble,
50753,228000607571,51353,51353,,1,Riffle 1,Relocate 2025,9/16/2025,Trimble,
50763,228000607573,51363,51363,,1,Riffle 1,Relocate 2025,9/16/2025,Trimble,
50756,228000607577,51356,51356,,1,Riffle 1,Relocate 2025,9/16/2025,Trimble,
50793,230000111507,51393*,51393,,1,Riffle 1,Relocate 2025,9/16/2025,Trimble,
50787,230000111510,51387,51387,,1,Riffle 1,Relocate 2025,9/16/2025,Trimble,
50775,230000111523,51375b,51375,,1,Riffle 1,Relocate 2025,9/16/2025,Trimble,
50779,230000111527,51379h,51379,,1,Riffle 1,Relocate 2025,9/16/2025,Trimble,
50771,230000111534,51371,51371,,1,Riffle 1,Relocate 2025,9/16/2025,Trimble,
50737,230000111540,51337,51337,,1,Riffle 1,Relocate 2025,9/16/2025,Trimble,
50774,230000111541,51374,51374,,1,Riffle 1,Relocate 2025,9/16/2025,Trimble,
50736,230000111545,51336h,51336,,1,Riffle 1,Relocate 2025,9/16/2025,Trimble,
50790,230000111548,51390b,51390,,1,Riffle 1,Relocate 2025,9/16/2025,Trimble,
50746,230000111555,51346h,51346,,1,Riffle 1,Relocate 2025,9/16/2025,Trimble,
50760,230000111560,51360*,51360,,1,Riffle 1,Relocate 2025,9/16/2025,Trimble,
50712,230000111562,51312h,51312,,1,Riffle 1,Relocate 2025,9/16/2025,Trimble,
50762,230000111566,51362,51362,,1,Riffle 1,Relocate 2025,9/16/2025,Trimble,
50797,230000111567,51397,51397,,1,Riffle 1,Relocate 2025,9/16/2025,Trimble,
50791,230000111570,51391,51391,,1,Riffle 1,Relocate 2025,9/16/2025,Trimble,
50728,230000111575,51328b,51328,,1,Riffle 1,Relocate 2025,9/16/2025,Trimble,
50707,230000111578,51307,51307,,1,Riffle 1,Relocate 2025,9/16/2025,Trimble,
50722,230000111581,51322b,51322,,1,Riffle 1,Relocate 2025,9/16/2025,Trimble,
50742,230000111592,51342,51342,,1,Riffle 1,Relocate 2025,9/16/2025,Trimble,
50795,230000111594,51395,51395,,1,Riffle 1,Relocate 2025,9/16/2025,Trimble,
50720,230000111596,51320,51320,,1,Riffle 1,Relocate 2025,9/16/2025,Trimble,
50750,230000111614,51350,51350,,1,Riffle 1,Relocate 2025,9/22/2025,Trimble,
50788,230000111624,51388*,51388,,1,Riffle 1,Relocate 2025,9/16/2025,Trimble,
50716,230000111631,51316,51316,,1,Riffle 1,Relocate 2025,9/16/2025,Trimble,
50768,230000111643,51368*,51368,,1,Riffle 1,Relocate 2025,9/22/2025,Trimble,
50748,230000111644,51348b,51348,,1,Riffle 1,Relocate 2025,9/16/2025,Trimble,
50799,230000111648,51399b,51399,,1,Riffle 1,Relocate 2025,9/16/2025,Trimble,
50733,230000111668,51333,51333,,1,Riffle 1,Relocate 2025,9/16/2025,Trimble,
50789,230000111677,51389,51389,,1,Riffle 1,Relocate 2025,9/16/2025,Trimble,
50702,230000111683,51302b~,51302,,1,Riffle 1,Relocate 2025,9/16/2025,Trimble,
50777,230000111684,51377,51377,,1,Riffle 1,Relocate 2025,9/16/2025,Trimble,
50740,230000111686,51340,51340,,1,Riffle 1,Relocate 2025,9/16/2025,Trimble,
50744,230000111695,51344*,51344,,1,Riffle 1,Relocate 2025,9/16/2025,Trimble,
50749,230000111698,51349*,51349,,1,Riffle 1,Relocate 2025,9/16/2025,Trimble,
50731,230000111700,51331,51331,,1,Riffle 1,Relocate 2025,9/16/2025,Trimble,
50705,230000111708,51305,51305,,1,Riffle 1,Relocate 2025,9/16/2025,Trimble,
50700,230000111712,51300,51300,,1,Riffle 1,Relocate 2025,9/16/2025,Trimble,
50792,230000111716,51392h,51392,,1,Riffle 1,Relocate 2025,9/16/2025,Trimble,
50710,230000111717,51310,51310,,1,Riffle 1,Relocate 2025,9/16/2025,Trimble,
50714,230000111725,51314,51314,,1,Riffle 1,Relocate 2025,9/16/2025,Trimble,
50782,230000111728,51382,51382,,1,Riffle 1,Relocate 2025,9/16/2025,Trimble,
50729,230000111733,51329,51329,,1,Riffle 1,Relocate 2025,9/16/2025,Trimble,
50724,230000111734,51324e,51324,,1,Riffle 1,Relocate 2025,9/16/2025,Trimble,
50738,230000111735,51338h,51338,,1,Riffle 1,Relocate 2025,9/16/2025,Trimble,
50713,230000111746,51313,51313,,1,Riffle 1,Relocate 2025,9/16/2025,Trimble,
50784,230000298011,51384,51384,,1,Riffle 1,Relocate 2025,9/16/2025,Trimble,
50765,230000298013,51365,51365,,1,Riffle 1,Relocate 2025,9/16/2025,Trimble,
50711,231000039702,51311b~,51311,,1,Riffle 1,Relocate 2025,9/16/2025,Trimble,
50703,231000039714,51303,51303,,1,Riffle 1,Relocate 2025,9/16/2025,Trimble,
50781,231000039720,51381b,51381,,1,Riffle 1,Relocate 2025,9/16/2025,Trimble,
50723,231000039733,51323b*,51323,,1,Riffle 1,Relocate 2025,9/22/2025,Trimble,
50761,231000039735,51361b,51361,,1,Riffle 1,Relocate 2025,9/16/2025,Trimble,
50701,231000039738,51301b~,51301,,1,Riffle 1,Relocate 2025,9/16/2025,Trimble,
50732,231000039758,51332b,51332,,1,Riffle 1,Relocate 2025,9/16/2025,Trimble,
50741,231000039765,51341b,51341,,1,Riffle 1,Relocate 2025,9/16/2025,Trimble,"tag could be damaged, trouble detecting"
50743,231000039781,51343b~,51343,,1,Riffle 1,Relocate 2025,9/16/2025,Trimble,
50822,226001370257,51422b~,51422,,2A,Riffle 2A,Relocate 2025,9/17/2025,Trimble,
50546,226001370298,51446b~,51446,,2A,Riffle 2A,Relocate 2025,9/17/2025,Trimble,
50801,228000607528,51401*,51401,,2A,Riffle 2A,Relocate 2025,9/17/2025,Trimble,
50844,228000607539,51444~,51444,,2A,Riffle 2A,Relocate 2025,9/17/2025,Trimble,
50849,228000607547,51449*,51449,,2A,Riffle 2A,Relocate 2025,9/17/2025,Trimble,
50848,228000607561,51448,51448,,2A,Riffle 2A,Relocate 2025,9/17/2025,Trimble,
50812,228000607564,51412,51412,,2A,Riffle 2A,Relocate 2025,9/17/2025,Trimble,
50847,228000607569,51447*,51447,,2A,Riffle 2A,Relocate 2025,9/17/2025,Trimble,
50828,230000111515,51428,51428,,2A,Riffle 2A,Relocate 2025,9/17/2025,Trimble,
50832,230000111547,51432,51432,,2A,Riffle 2A,Relocate 2025,9/17/2025,Trimble,
50830,230000111583,51430b~,51430,,2A,Riffle 2A,Relocate 2025,9/17/2025,Trimble,
50829,230000111586,51429*,51429,,2A,Riffle 2A,Relocate 2025,9/17/2025,Trimble,
50843,230000111587,51443,51443,,2A,Riffle 2A,Relocate 2025,9/17/2025,Trimble,
50800,230000111599,51400*,51400,,2A,Riffle 2A,Relocate 2025,9/17/2025,Trimble,
50845,230000111602,51445,51445,,2A,Riffle 2A,Relocate 2025,9/17/2025,Trimble,
50825,230000111603,51425,51425,,2A,Riffle 2A,Relocate 2025,9/17/2025,Trimble,
50827,230000111605,51427,51427,,2A,Riffle 2A,Relocate 2025,9/17/2025,Trimble,
50836,230000111621,51436,51436,,2A,Riffle 2A,Relocate 2025,9/17/2025,Trimble,
50821,230000111629,51421,51421,,2A,Riffle 2A,Relocate 2025,9/17/2025,Trimble,
50805,230000111634,51405,51405,,2A,Riffle 2A,Relocate 2025,9/17/2025,Trimble,
50811,230000111645,51411,51411,,2A,Riffle 2A,Relocate 2025,9/17/2025,Trimble,
50837,230000111657,51437h,51437,,2A,Riffle 2A,Relocate 2025,9/17/2025,Trimble,
50807,230000111658,51407b,51407,,2A,Riffle 2A,Relocate 2025,9/17/2025,Trimble,
50819,230000111660,51419b,51419,,2A,Riffle 2A,Relocate 2025,9/17/2025,Trimble,
50817,230000111694,51417,51417,,2A,Riffle 2A,Relocate 2025,9/17/2025,Trimble,
50839,230000111709,51439,51439,,2A,Riffle 2A,Relocate 2025,9/17/2025,Trimble,
50823,230000111718,51423*,51423,,2A,Riffle 2A,Relocate 2025,9/17/2025,Trimble,
50814,230000111719,51414,51414,,2A,Riffle 2A,Relocate 2025,9/17/2025,Trimble,
50818,230000111729,51418,51418,,2A,Riffle 2A,Relocate 2025,9/17/2025,Trimble,
50842,230000111732,51442,51442,,2A,Riffle 2A,Relocate 2025,9/17/2025,Trimble,
50802,230000111738,51402h,51402,,2A,Riffle 2A,Relocate 2025,9/17/2025,Trimble,
50840,231000039715,51440b,51440,,2A,Riffle 2A,Relocate 2025,9/17/2025,Trimble,
50510,231000039756,51410,51410,,2A,Riffle 2A,Relocate 2025,9/17/2025,Trimble,pit tag no longer attatched to rock removed from river
50826,231000039788,51426b,51426,,2A,Riffle 2A,Relocate 2025,9/17/2025,Trimble,
50869,228000607504,51469b~,51469,,2B,Riffle 2B,Relocate 2025,9/17/2025,Trimble,
50850,228000607511,51450b~,51450,,2B,Riffle 2B,Relocate 2025,9/17/2025,Trimble,
50875,228000607526,51475b~,51475,,2B,Riffle 2B,Relocate 2025,9/17/2025,Trimble,
50862,228000607527,51462~,51462,,2B,Riffle 2B,Relocate 2025,9/17/2025,Trimble,
50874,228000607540,51474b~,51474,,2B,Riffle 2B,Relocate 2025,9/17/2025,Trimble,
50856,228000607554,51456b~,51456,,2B,Riffle 2B,Relocate 2025,9/17/2025,Trimble,
50851,228000607570,51451b,51451,,2B,Riffle 2B,Relocate 2025,9/17/2025,Trimble,
50871,230000111504,51471b,51471,,2B,Riffle 2B,Relocate 2025,9/17/2025,Trimble,
50883,230000111508,51483,51483,,2B,Riffle 2B,Relocate 2025,9/17/2025,Trimble,
50868,230000111522,51468,51468,,2B,Riffle 2B,Relocate 2025,9/17/2025,Trimble,
50857,230000111568,51457b~,51457,,2B,Riffle 2B,Relocate 2025,9/17/2025,Trimble,
50865,230000111572,51465b~,51465,,2B,Riffle 2B,Relocate 2025,9/17/2025,Trimble,
50854,230000111584,51454b~,51454,,2B,Riffle 2B,Relocate 2025,9/17/2025,Trimble,
50891,230000111604,51491*,51491,,2B,Riffle 2B,Relocate 2025,9/17/2025,Trimble,
50863,230000111606,51463,51463,,2B,Riffle 2B,Relocate 2025,9/17/2025,Trimble,
50895,230000111638,,,,2B,Riffle 2B,Relocate 2025,9/17/2025,Trimble,
50899,230000111664,51499*,51499,,2B,Riffle 2B,Relocate 2025,9/17/2025,Trimble,
50878,230000111666,51478,51478,,2B,Riffle 2B,Relocate 2025,9/17/2025,Trimble,
50853,230000111669,51453b~,51453,,2B,Riffle 2B,Relocate 2025,9/17/2025,Trimble,
50897,230000111673,51497*,51497,,2B,Riffle 2B,Relocate 2025,9/17/2025,Trimble,
50894,230000111681,51494b,51494,,2B,Riffle 2B,Relocate 2025,9/17/2025,Trimble,
50887,230000111696,51487b~,51487,,2B,Riffle 2B,Relocate 2025,9/17/2025,Trimble,
50885,230000111703,51485b~,51485,,2B,Riffle 2B,Relocate 2025,9/17/2025,Trimble,
50880,230000111705,51480,51480,,2B,Riffle 2B,Relocate 2025,9/17/2025,Trimble,
50893,230000111726,51493,51493,,2B,Riffle 2B,Relocate 2025,9/17/2025,Trimble,
50855,230000298004,51455*,51455,,2B,Riffle 2B,Relocate 2025,9/17/2025,Trimble,
50867,230000298005,51467b~,51467,,2B,Riffle 2B,Relocate 2025,9/17/2025,Trimble,
50876,230000298012,51476,51476,,2B,Riffle 2B,Relocate 2025,9/17/2025,Trimble,
50852,231000039736,51452,51452,,2B,Riffle 2B,Relocate 2025,9/17/2025,Trimble,
50859,231000039740,51459b~,51459,,2B,Riffle 2B,Relocate 2025,9/17/2025,Trimble,
50804,228000607576,51404,51404,,2A,Riffle 2A,Relocate 2025,9/17/2025,Trimble,"correct point, R1"
51201,230000111519,51501,51501,,2A,Riffle 2A,Relocate 2025,9/17/2025,Trimble,
51202,230000111591,51502,51502,,2A,Riffle 2A,Relocate 2025,9/17/2025,Trimble,
51203,230000111585,51503,51503,,2A,Riffle 2A,Relocate 2025,9/17/2025,Trimble,
51204,230000111537,51504,51504,,2A,Riffle 2A,Relocate 2025,9/17/2025,Trimble,
51205,231000039792,51505,51505,,2A,Riffle 2A,Relocate 2025,9/17/2025,Trimble,
51206,230000111573,51506*,51506,,2A,Riffle 2A,Relocate 2025,9/17/2025,Trimble,
51207,230000111697,51507*,51507,,2A,Riffle 2A,Relocate 2025,9/17/2025,Trimble,
51208,230000111670,51508b,51508,,2A,Riffle 2A,Relocate 2025,9/17/2025,Trimble,
51209,230000111652,51509,51509,,2A,Riffle 2A,Relocate 2025,9/17/2025,Trimble,
51210,230000111742,51510*,51510,,2A,Riffle 2A,Relocate 2025,9/17/2025,Trimble,
51211,226001370241,51511,51511,,2A,Riffle 2A,Relocate 2025,9/17/2025,Trimble,
51212,230000111731,51512,51512,,2A,Riffle 2A,Relocate 2025,9/17/2025,Trimble,
51213,209000132772,51513,51513,,2A,Riffle 2A,Relocate 2025,9/17/2025,Trimble,
51214,230000111713,51514,51514,,2A,Riffle 2A,Relocate 2025,9/17/2025,Trimble,
51215,230000111747,51515*,51515,,2A,Riffle 2A,Relocate 2025,9/17/2025,Trimble,
51216,230000111589,51516,51516,,2A,Riffle 2A,Relocate 2025,9/17/2025,Trimble,
51217,230000111564,51517,51517,,2A,Riffle 2A,Relocate 2025,9/17/2025,Trimble,
51218,209000132797,51518,51518,,2A,Riffle 2A,Relocate 2025,9/17/2025,Trimble,
51219,209000133113,51519,51519,,2A,Riffle 2A,Relocate 2025,9/17/2025,Trimble,
51220,230000111619,51520h*,51520,,2A,Riffle 2A,Relocate 2025,9/17/2025,Trimble,
51221,228000607542,51521,51521,,2A,Riffle 2A,Relocate 2025,9/17/2025,Trimble,
51222,230000111743,51522,51522,,2A,Riffle 2A,Relocate 2025,9/17/2025,Trimble,
51223,228000607574,51523,51523,,2A,Riffle 2A,Relocate 2025,9/17/2025,Trimble,
51224,230000111620,51524,51524,,2A,Riffle 2A,Relocate 2025,9/17/2025,Trimble,
51225,230000111672,51525,51525,,2A,Riffle 2A,Relocate 2025,9/17/2025,Trimble,
51226,230000111593,51526,51526,,2A,Riffle 2A,Relocate 2025,9/17/2025,Trimble,
51227,230000111625,51527*,51527,,2A,Riffle 2A,Relocate 2025,9/17/2025,Trimble,
51228,228000607518,51528h*,51528,,2A,Riffle 2A,Relocate 2025,9/17/2025,Trimble,
51229,226001370201,51529,51529,,2A,Riffle 2A,Relocate 2025,9/17/2025,Trimble,
51230,230000111707,51530*,51530,,2A,Riffle 2A,Relocate 2025,9/17/2025,Trimble,
51231,226001370208,51531*,51531,,2A,Riffle 2A,Relocate 2025,9/17/2025,Trimble,
51232,230000111546,51532,51532,,2A,Riffle 2A,Relocate 2025,9/17/2025,Trimble,
51233,230000111682,51533,51533,,2A,Riffle 2A,Relocate 2025,9/17/2025,Trimble,
51234,230000111506,51534*,51534,,2A,Riffle 2A,Relocate 2025,9/17/2025,Trimble,
51235,230000111526,51535,51535,,2A,Riffle 2A,Relocate 2025,9/17/2025,Trimble,
51236,230000111739,51536,51536,,2A,Riffle 2A,Relocate 2025,9/17/2025,Trimble,
51237,230000111501,51537*,51537,,2A,Riffle 2A,Relocate 2025,9/17/2025,Trimble,
51238,230000111727,51538,51538,,2A,Riffle 2A,Relocate 2025,9/17/2025,Trimble,
51239,230000111636,51539,51539,,2A,Riffle 2A,Relocate 2025,9/17/2025,Trimble,
51240,230000111685,51540,51540,,2A,Riffle 2A,Relocate 2025,9/17/2025,Trimble,
51241,230000111665,51541*,51541,,2A,Riffle 2A,Relocate 2025,9/17/2025,Trimble,
51242,230000111632,51542b,51542,,2A,Riffle 2A,Relocate 2025,9/17/2025,Trimble,
51243,230000111622,51543b,51543,,2A,Riffle 2A,Relocate 2025,9/17/2025,Trimble,
51250,230000111598,51550,51550,,2B,Riffle 2B,Relocate 2025,9/17/2025,Trimble,
51251,230000111691,51551*,51551,,2B,Riffle 2B,Relocate 2025,9/17/2025,Trimble,
51252,230000111724,51552*,51552,,2B,Riffle 2B,Relocate 2025,9/17/2025,Trimble,
51253,230000111654,51553*,51553,,2B,Riffle 2B,Relocate 2025,9/17/2025,Trimble,
51254,228000607523,51554h,51554,,2B,Riffle 2B,Relocate 2025,9/17/2025,Trimble,
51255,230000111569,51555*,51555,,2B,Riffle 2B,Relocate 2025,9/17/2025,Trimble,
51256,230000111740,51556,51556,,2B,Riffle 2B,Relocate 2025,9/17/2025,Trimble,
51257,230000111680,51557*,51557,,2B,Riffle 2B,Relocate 2025,9/17/2025,Trimble,
51258,230000111710,51558,51558,,2B,Riffle 2B,Relocate 2025,9/17/2025,Trimble,
51259,230000111582,51559,51559,,2B,Riffle 2B,Relocate 2025,9/17/2025,Trimble,
51260,230000111630,51560*,51560,,2B,Riffle 2B,Relocate 2025,9/17/2025,Trimble,
51261,230000111600,51561,51561,,2B,Riffle 2B,Relocate 2025,9/17/2025,Trimble,
51262,230000111662,51562*,51562,,2B,Riffle 2B,Relocate 2025,9/17/2025,Trimble,
51263,209000132723,51563,51563,,2B,Riffle 2B,Relocate 2025,9/17/2025,Trimble,
51264,230000111511,51564,51564,,2B,Riffle 2B,Relocate 2025,9/17/2025,Trimble,
51265,230000111613,51565h,51565,,2B,Riffle 2B,Relocate 2025,9/17/2025,Trimble,
51266,226001370276,51566b~,51566,,2B,Riffle 2B,Relocate 2025,9/17/2025,Trimble,
51267,230000111607,51567h,51567,,2B,Riffle 2B,Relocate 2025,9/17/2025,Trimble,
51268,230000111721,51568h,51568,,2B,Riffle 2B,Relocate 2025,9/17/2025,Trimble,
51269,226001370273,51569~,51569,,2B,Riffle 2B,Relocate 2025,9/17/2025,Trimble,
51271,209000132802,51571,51571,,2B,Riffle 2B,Relocate 2025,9/17/2025,Trimble,
51272,228000607553,51572,51572,,2B,Riffle 2B,Relocate 2025,9/17/2025,Trimble,
51273,230000111692,51573*,51573,,2B,Riffle 2B,Relocate 2025,9/17/2025,Trimble,
51274,230000111687,51574,51574,,2B,Riffle 2B,Relocate 2025,9/17/2025,Trimble,
51275,226001370225,51575~*,51575,,2B,Riffle 2B,Relocate 2025,9/17/2025,Trimble,
51276,226001370247,51576b*,51576,,2B,Riffle 2B,Relocate 2025,9/17/2025,Trimble,
51277,230000111518,51577*,51577,,2B,Riffle 2B,Relocate 2025,9/17/2025,Trimble,
51278,230000111748,51578*,51578,,2B,Riffle 2B,Relocate 2025,9/17/2025,Trimble,
51279,230000111539,51579*,51579,,2B,Riffle 2B,Relocate 2025,9/17/2025,Trimble,
51280,230000111528,51580,51580,,2B,Riffle 2B,Relocate 2025,9/17/2025,Trimble,
51281,230000111744,51581*,51581,,2B,Riffle 2B,Relocate 2025,9/17/2025,Trimble,
51282,230000111571,51582,51582,,2B,Riffle 2B,Relocate 2025,9/17/2025,Trimble,
51283,230000111559,51583*,51583,,2B,Riffle 2B,Relocate 2025,9/17/2025,Trimble,
51284,230000111558,51584,51584,,2B,Riffle 2B,Relocate 2025,9/17/2025,Trimble,
51285,230000111749,51585,51585,,2B,Riffle 2B,Relocate 2025,9/17/2025,Trimble,
51286,230000111679,51586,51586,,2B,Riffle 2B,Relocate 2025,9/17/2025,Trimble,
51287,230000111550,51587*,51587,,2B,Riffle 2B,Relocate 2025,9/17/2025,Trimble,
51288,230000111667,51588,51588,,2B,Riffle 2B,Relocate 2025,9/17/2025,Trimble,
51289,230000111563,51589,51589,,2B,Riffle 2B,Relocate 2025,9/17/2025,Trimble,
51290,230000111509,51590,51590,,2B,Riffle 2B,Relocate 2025,9/17/2025,Trimble,
51291,230000111688,51591,51591,,2B,Riffle 2B,Relocate 2025,9/17/2025,Trimble,
50954,209000132730,51654,51654,,GA9,Gravel Augmentation,Relocate 2025,9/17/2025,Trimble,
50967,209000132759,51667,51667,,GA10,Gravel Augmentation,Relocate 2025,9/17/2025,Trimble,
50926,209000133110,51626b,51626,,GA6,Gravel Augmentation,Relocate 2025,9/17/2025,Trimble,
50908,209000133126,51608*,51608,,GA1,Gravel Augmentation,Relocate 2025,9/17/2025,Trimble,
50617,209000133130,51617b~,51617,,GA4,Gravel Augmentation,Relocate 2025,9/17/2025,Trimble,
50910,209000133134,51610b~,51610,,GA2,Gravel Augmentation,Relocate 2025,9/17/2025,Trimble,
50919,209000133137,51619b~,51619,,GA4,Gravel Augmentation,Relocate 2025,9/17/2025,Trimble,
50921,209000133147,51621*,51621,,GA5,Gravel Augmentation,Relocate 2025,9/17/2025,Trimble,
50929,209000133151,51629,51629,,GA6,Gravel Augmentation,Relocate 2025,9/17/2025,Trimble,
50906,209000133155,51606,51606,,GA1,Gravel Augmentation,Relocate 2025,9/17/2025,Trimble,
50616,209000133175,51616b~,51616,,GA3,Gravel Augmentation,Relocate 2025,9/17/2025,Trimble,
50920,209000133179,51620,51620,,GA4,Gravel Augmentation,Relocate 2025,9/17/2025,Trimble,
50903,209000133181,51603,51603,,GA1,Gravel Augmentation,Relocate 2025,9/17/2025,Trimble,
50614,209000133185,51614~,51614,,GA3,Gravel Augmentation,Relocate 2025,9/17/2025,Trimble,
50924,209000133187,51624,51624,,GA5,Gravel Augmentation,Relocate 2025,9/17/2025,Trimble,
50928,209000133191,51628,51628,,GA6,Gravel Augmentation,Relocate 2025,9/17/2025,Trimble,
50912,209000133192,51612b~,51612,,GA2,Gravel Augmentation,Relocate 2025,9/17/2025,Trimble,
50909,209000133194,51609,51609,,GA1,Gravel Augmentation,Relocate 2025,9/17/2025,Trimble,
50900,209000133204,51600,51600,,GA1,Gravel Augmentation,Relocate 2025,9/17/2025,Trimble,
50902,209000133209,51602,51602,,GA1,Gravel Augmentation,Relocate 2025,9/17/2025,Trimble,
50939,226001370204,51639b,51639,,Overflow 1A,Gravel Augmentation,Relocate 2025,9/17/2025,Trimble,
50630,226001370205,51630b,51630,,Overflow 1C,Gravel Augmentation,Relocate 2025,9/17/2025,Trimble,
50631,226001370222,51631b,51631,,Overflow 1C,Gravel Augmentation,Relocate 2025,9/17/2025,Trimble,
50632,226001370230,51632b,51632,,Overflow 1C,Gravel Augmentation,Relocate 2025,9/17/2025,Trimble,
50636,226001370291,51636*,51636,,Overflow 1A,Gravel Augmentation,Relocate 2025,9/17/2025,Trimble,
50966,228000607500,51666b*,51666,,GA10,Gravel Augmentation,Relocate 2025,9/17/2025,Trimble,
50962,228000607519,51662*,51662,,GA11,Gravel Augmentation,Relocate 2025,9/17/2025,Trimble,
50361,228000607522,51661b,51661,,GA8,Gravel Augmentation,Relocate 2025,9/17/2025,Trimble,
50964,230000111502,51664,51664,,GA11,Gravel Augmentation,Relocate 2025,9/17/2025,Trimble,
50971,230000111553,51671*,51671,,GA12,Gravel Augmentation,Relocate 2025,9/17/2025,Trimble,
50952,230000111608,51652,51652,,GA7,Gravel Augmentation,Relocate 2025,9/17/2025,Trimble,
50959,230000111611,51659b,51659,,GA8,Gravel Augmentation,Relocate 2025,9/17/2025,Trimble,
50956,230000111711,51656,51656,,GA9,Gravel Augmentation,Relocate 2025,9/17/2025,Trimble,
50905,230000298006,51605*,51605,,GA1,Gravel Augmentation,Relocate 2025,9/17/2025,Trimble,
50922,230000298016,51622,51622,,GA5,Gravel Augmentation,Relocate 2025,9/17/2025,Trimble,
50951,231000039766,51651b~,51651,,GA7,Gravel Augmentation,Relocate 2025,9/17/2025,Trimble,
51200,230000111655,51500,51500,,2A,Riffle 2A,Relocate 2025,9/17/2025,Trimble,Exclude this tag from analysis. Likely tampered with by angler. But include on allData_PITRocks survey file in case we find it again
51100,230000111574,51700,51700,,3,Riffle 3,Relocate 2025,9/18/2025,Trimble,
51101,230000111529,51701,51701,,3,Riffle 3,Relocate 2025,9/18/2025,Trimble,
51102,231000039749,51702h,51702,,3,Riffle 3,Relocate 2025,9/18/2025,Trimble,
51103,209000133173,51703,51703,,3,Riffle 3,Relocate 2025,9/18/2025,Trimble,
51104,230000111745,51704*,51704,,3,Riffle 3,Relocate 2025,9/18/2025,Trimble,
51105,231000039767,51705~,51705,,3,Riffle 3,Relocate 2025,9/18/2025,Trimble,
51106,230000111633,51706*,51706,,3,Riffle 3,Relocate 2025,9/18/2025,Trimble,
51107,230000111542,51707*,51707,,3,Riffle 3,Relocate 2025,9/18/2025,Trimble,
51108,209000133189,51708*,51708,,3,Riffle 3,Relocate 2025,9/18/2025,Trimble,
51109,226001370211,51709b*,51709,,3,Riffle 3,Relocate 2025,9/18/2025,Trimble,
51110,226001370263,51710b~*,51710,,3,Riffle 3,Relocate 2025,9/18/2025,Trimble,
51111,209000133198,51711*,51711,,3,Riffle 3,Relocate 2025,9/18/2025,Trimble,
51112,226001370297,51712b*,51712,,3,Riffle 3,Relocate 2025,9/18/2025,Trimble,
51113,209000133195,51713*,51713,,3,Riffle 3,Relocate 2025,9/18/2025,Trimble,
51114,230000111635,51714*,51714,,3,Riffle 3,Relocate 2025,9/18/2025,Trimble,
51115,209000133112,51715b*,51715,,3,Riffle 3,Relocate 2025,9/18/2025,Trimble,
51116,226001370254,51716b~*,51716,,3,Riffle 3,Relocate 2025,9/18/2025,Trimble,
51117,230000298018,51717,51717,,3,Riffle 3,Relocate 2025,9/18/2025,Trimble,
51118,209000133139,51718h,51718,,3,Riffle 3,Relocate 2025,9/18/2025,Trimble,
51119,226001370258,51719b,51719,,3,Riffle 3,Relocate 2025,9/18/2025,Trimble,
51120,230000111597,51720*,51720,,3,Riffle 3,Relocate 2025,9/18/2025,Trimble,
51121,230000111706,51721,51721,,3,Riffle 3,Relocate 2025,9/18/2025,Trimble,
51122,226001370265,51722~,51722,,3,Riffle 3,Relocate 2025,9/18/2025,Trimble,
51123,230000111627,51723,51723,,3,Riffle 3,Relocate 2025,9/18/2025,Trimble,
51124,209000133133,51724*,51724,,3,Riffle 3,Relocate 2025,9/18/2025,Trimble,
51125,209000133122,51725,51725,,3,Riffle 3,Relocate 2025,9/18/2025,Trimble,
51126,226001370252,51726b~*,51726,,3,Riffle 3,Relocate 2025,9/18/2025,Trimble,
51127,230000111674,51727,51727,,3,Riffle 3,Relocate 2025,9/18/2025,Trimble,
51128,231000039796,51728,51728,,3,Riffle 3,Relocate 2025,9/18/2025,Trimble,
51129,209000133154,51729,51729,,3,Riffle 3,Relocate 2025,9/18/2025,Trimble,
51130,231000039708,51730,51730,,3,Riffle 3,Relocate 2025,9/18/2025,Trimble,
51131,230000111514,51731*,51731,,3,Riffle 3,Relocate 2025,9/18/2025,Trimble,
51132,230000111612,51732*,51732,,3,Riffle 3,Relocate 2025,9/18/2025,Trimble,
51133,230000111661,51733*,51733,,3,Riffle 3,Relocate 2025,9/18/2025,Trimble,
51134,226001370260,51734,51734,,3,Riffle 3,Relocate 2025,9/18/2025,Trimble,
51135,230000111649,51735*,51735,,3,Riffle 3,Relocate 2025,9/18/2025,Trimble,
51136,230000111538,51736,51736,,3,Riffle 3,Relocate 2025,9/18/2025,Trimble,
51137,230000111640,51737*,51737,,3,Riffle 3,Relocate 2025,9/18/2025,Trimble,
51138,230000111601,51738*,51738,,3,Riffle 3,Relocate 2025,9/18/2025,Trimble,
51139,230000111663,51739*,51739,,3,Riffle 3,Relocate 2025,9/18/2025,Trimble,
51140,209000133145,51740,51740,,3,Riffle 3,Relocate 2025,9/18/2025,Trimble,
51141,226001370370,51741*,51741,,3,Riffle 3,Relocate 2025,9/18/2025,Trimble,
51142,209000133202,51742,51742,,3,Riffle 3,Relocate 2025,9/18/2025,Trimble,
51143,230000111512,51743*,51743,,3,Riffle 3,Relocate 2025,9/18/2025,Trimble,
51144,231000039743,51744b,51744,,3,Riffle 3,Relocate 2025,9/18/2025,Trimble,
51145,209000133166,51745,51745,,3,Riffle 3,Relocate 2025,9/18/2025,Trimble,
51146,230000111500,51746,51746,,3,Riffle 3,Relocate 2025,9/18/2025,Trimble,
51147,231000039789,51747b,51747,,3,Riffle 3,Relocate 2025,9/18/2025,Trimble,
51148,230000111580,51748,51748,,3,Riffle 3,Relocate 2025,9/18/2025,Trimble,
51149,230000111702,51749*,51749,,3,Riffle 3,Relocate 2025,9/18/2025,Trimble,
51150,230000298019,51750*,51750,,3,Riffle 3,Relocate 2025,9/18/2025,Trimble,
51151,230000111524,51751*,51751,,3,Riffle 3,Relocate 2025,9/18/2025,Trimble,
51152,230000111554,51752,51752,,3,Riffle 3,Relocate 2025,9/18/2025,Trimble,
51153,228000607568,51753,51753,,3,Riffle 3,Relocate 2025,9/18/2025,Trimble,
51154,209000133150,51754,51754,,3,Riffle 3,Relocate 2025,9/18/2025,Trimble,
51155,230000298009,51755*,51755,,3,Riffle 3,Relocate 2025,9/18/2025,Trimble,
51156,226001370246,51756*,51756,,3,Riffle 3,Relocate 2025,9/18/2025,Trimble,
51157,230000111616,51757,51757,,3,Riffle 3,Relocate 2025,9/18/2025,Trimble,
51158,226001370229,51758b*,51758,,3,Riffle 3,Relocate 2025,9/18/2025,Trimble,
51159,209000133186,51759,51759,,3,Riffle 3,Relocate 2025,9/18/2025,Trimble,
51160,226001370270,51760b*,51760,,3,Riffle 3,Relocate 2025,9/18/2025,Trimble,
51161,230000111565,51761,51761,,3,Riffle 3,Relocate 2025,9/18/2025,Trimble,
51162,230000111628,51762,51762,,3,Riffle 3,Relocate 2025,9/18/2025,Trimble,
51163,231000039793,51763~,51763,,3,Riffle 3,Relocate 2025,9/18/2025,Trimble,
51164,230000111543,51764*,51764,,3,Riffle 3,Relocate 2025,9/18/2025,Trimble,
51165,226001370226,51765~,51765,,3,Riffle 3,Relocate 2025,9/18/2025,Trimble,
51166,230000298015,51766*,51766,,3,Riffle 3,Relocate 2025,9/18/2025,Trimble,
51167,230000111626,,,,3,Riffle 3,Relocate 2025,9/18/2025,Trimble,RecapID was not found in survey data so this is treated as if we didn't find it. 
51168,226001370300,51768,51768,,3,Riffle 3,Relocate 2025,9/18/2025,Trimble,
51169,228000607575,51769*,51769,,3,Riffle 3,Relocate 2025,9/18/2025,Trimble,
51170,209000133170,51770,51770,,3,Riffle 3,Relocate 2025,9/18/2025,Trimble,
51171,209000133193,51771b,51771,,3,Riffle 3,Relocate 2025,9/18/2025,Trimble,
51172,226001370268,51772,51772,,3,Riffle 3,Relocate 2025,9/18/2025,Trimble,
51173,226001370248,51773h,51773,,3,Riffle 3,Relocate 2025,9/18/2025,Trimble,
51174,226001370282,51774*,51774,,3,Riffle 3,Relocate 2025,9/18/2025,Trimble,
51175,226001370283,51775,51775,,3,Riffle 3,Relocate 2025,9/18/2025,Trimble,
51176,209000133178,51776*,51776,,3,Riffle 3,Relocate 2025,9/18/2025,Trimble,
51177,230000111617,51777,51777,,3,Riffle 3,Relocate 2025,9/18/2025,Trimble,
51178,230000111659,51778,51778,,3,Riffle 3,Relocate 2025,9/18/2025,Trimble,
51179,226001370202,51779h*,51779,,3,Riffle 3,Relocate 2025,9/18/2025,Trimble,
51180,230000111505,51780,51780,,3,Riffle 3,Relocate 2025,9/18/2025,Trimble,
51181,226001370242,51781~*,51781,,3,Riffle 3,Relocate 2025,9/18/2025,Trimble,moved by hand 1-2 ft
51182,230000111513,51782,51782,,3,Riffle 3,Relocate 2025,9/18/2025,Trimble,
51183,231000039794,,,,3,Riffle 3,Relocate 2025,9/18/2025,Trimble,missing in survey data. Treated as if not relocated in 2025.
51184,230000111579,51784,51784,,3,Riffle 3,Relocate 2025,9/18/2025,Trimble,
51185,230000111610,51785,51785,,3,Riffle 3,Relocate 2025,9/18/2025,Trimble,
51186,230000111520,51786*,51786,,3,Riffle 3,Relocate 2025,9/18/2025,Trimble,
51187,226001370220,51787b,51787,,3,Riffle 3,Relocate 2025,9/18/2025,Trimble,
51188,230000111533,51788*,51788,,3,Riffle 3,Relocate 2025,9/18/2025,Trimble,
51189,209000133177,51789,51789,,3,Riffle 3,Relocate 2025,9/18/2025,Trimble,
51190,209000133492,51790,51790,,3,Riffle 3,Relocate 2025,9/18/2025,Trimble,
51191,226001370217,51791,51791,,3,Riffle 3,Relocate 2025,9/18/2025,Trimble,
51192,230000111557,51792*,51792,,3,Riffle 3,Relocate 2025,9/18/2025,Trimble,
51193,209000133196,51793,51793,,3,Riffle 3,Relocate 2025,9/18/2025,Trimble,
51194,230000111637,51794,51794,,3,Riffle 3,Relocate 2025,9/18/2025,Trimble,
51195,230000298010,51795*,51795,,3,Riffle 3,Relocate 2025,9/18/2025,Trimble,
51196,230000111699,51796,51796,,3,Riffle 3,Relocate 2025,9/18/2025,Trimble,
51197,230000111561,51797,51797,,3,Riffle 3,Relocate 2025,9/18/2025,Trimble,
51198,226001370385,51798b,51798,,3,Riffle 3,Relocate 2025,9/18/2025,Trimble,
51199,209000133201,51799*,51799,,3,Riffle 3,Relocate 2025,9/18/2025,Trimble,
51000,230000111676,51800,51800,,0,Riffle 0,Relocate 2025,9/22/2025,Trimble,
51001,228000607556,51801*,51801,,0,Riffle 0,Relocate 2025,9/22/2025,Trimble,
51002,230000111531,51802,51802,,0,Riffle 0,Relocate 2025,9/22/2025,Trimble,
51003,209000132800,51803*,51803,,0,Riffle 0,Relocate 2025,9/22/2025,Trimble,
51004,228000607510,51804,51804,,0,Riffle 0,Relocate 2025,9/22/2025,Trimble,
51005,209000132794,51805,51805,,0,Riffle 0,Relocate 2025,9/22/2025,Trimble,
51006,230000111651,51806,51806,,0,Riffle 0,Relocate 2025,9/22/2025,Trimble,
51007,231000039742,51807,51807,,0,Riffle 0,Relocate 2025,9/22/2025,Trimble,
51008,230000111715,51808,51808,,0,Riffle 0,Relocate 2025,9/22/2025,Trimble,
51009,209000133171,51809,51809,,0,Riffle 0,Relocate 2025,9/22/2025,Trimble,
51010,230000111521,51810,51810,,0,Riffle 0,Relocate 2025,9/22/2025,Trimble,
51011,226001370295,51811,51811,,0,Riffle 0,Relocate 2025,9/22/2025,Trimble,
51013,226001370301,51813b,51813,,0,Riffle 0,Relocate 2025,9/22/2025,Trimble,
51015,226001370381,51815h*,51815,,0,Riffle 0,Relocate 2025,9/22/2025,Trimble,
51016,226001370287,51816b,51816,,0,Riffle 0,Relocate 2025,9/22/2025,Trimble,
51020,226001370357,51820b*,51820,,0,Riffle 0,Relocate 2025,9/22/2025,Trimble,
51021,209000133207,51821*,51821,,0,Riffle 0,Relocate 2025,9/22/2025,Trimble,
51024,226001370238,51824h*,51824,,0,Riffle 0,Relocate 2025,9/22/2025,Trimble,
51025,209000132778,51825*,51825,,0,Riffle 0,Relocate 2025,9/22/2025,Trimble,
51026,226001370393,51826h*,51826,,0,Riffle 0,Relocate 2025,9/22/2025,Trimble,
51027,230000111595,51827*,51827,,0,Riffle 0,Relocate 2025,9/22/2025,Trimble,
51028,226001370302,51828b*,51828,,0,Riffle 0,Relocate 2025,9/22/2025,Trimble,
51029,228000607536,51829h*,51829,,0,Riffle 0,Relocate 2025,9/22/2025,Trimble,
51030,230000111741,51830*,51830,,0,Riffle 0,Relocate 2025,9/22/2025,Trimble,
51031,209000132717,51831b,51831,,0,Riffle 0,Relocate 2025,9/22/2025,Trimble,
51032,226001370384,51832b*,51832,,0,Riffle 0,Relocate 2025,9/22/2025,Trimble,
51033,209000133200,51833h,51833,,0,Riffle 0,Relocate 2025,9/22/2025,Trimble,
51036,226001370336,51836h,51836,,0,Riffle 0,Relocate 2025,9/22/2025,Trimble,
51038,226001370371,51838h,51838,,0,Riffle 0,Relocate 2025,9/22/2025,Trimble,
51039,230000111722,51839,51839,,0,Riffle 0,Relocate 2025,9/22/2025,Trimble,
51040,226001370307,51840h,51840,,0,Riffle 0,Relocate 2025,9/22/2025,Trimble,
51041,226001370399,51841h*,51841,,0,Riffle 0,Relocate 2025,9/22/2025,Trimble,
51042,228000607559,51842h,51842,,0,Riffle 0,Relocate 2025,9/22/2025,Trimble,
51043,228000607501,51843h,51843,,0,Riffle 0,Relocate 2025,9/22/2025,Trimble,
51044,228000607562,51844h,51844,,0,Riffle 0,Relocate 2025,9/22/2025,Trimble,
51045,209000133128,51845h,51845,,0,Riffle 0,Relocate 2025,9/22/2025,Trimble,
51046,226001370251,51846b,51846,,0,Riffle 0,Relocate 2025,9/22/2025,Trimble,
51047,209000132724,51847*,51847,,0,Riffle 0,Relocate 2025,9/22/2025,Trimble,
51048,226001370362,51848b,51848,,0,Riffle 0,Relocate 2025,9/22/2025,Trimble,
51049,209000132728,51849,51849,,0,Riffle 0,Relocate 2025,9/22/2025,Trimble,
51050,226001370239,51850,51850,,0,Riffle 0,Relocate 2025,9/22/2025,Trimble,
51051,230000111532,51851,51851,,0,Riffle 0,Relocate 2025,9/22/2025,Trimble,
51052,228000607566,51852h*,51852,,0,Riffle 0,Relocate 2025,9/22/2025,Trimble,
51053,226001370328,51853b,51853,,0,Riffle 0,Relocate 2025,9/22/2025,Trimble,
51054,226001370305,51854h,51854,,0,Riffle 0,Relocate 2025,9/22/2025,Trimble,
51055,230000111549,51855h*,51855,,0,Riffle 0,Relocate 2025,9/22/2025,Trimble,
51056,226001370358,51856h*,51856,,0,Riffle 0,Relocate 2025,9/22/2025,Trimble,
51057,230000111647,51857*,51857,,0,Riffle 0,Relocate 2025,9/22/2025,Trimble,"moved upstream, likely tampered with"
51058,231000039778,51858b*,51858,,0,Riffle 0,Relocate 2025,9/22/2025,Trimble,
51059,226001370274,51859h*,51859,,0,Riffle 0,Relocate 2025,9/22/2025,Trimble,
51060,209000132746,51860h*,51860,,0,Riffle 0,Relocate 2025,9/22/2025,Trimble,
51061,226001370255,51861b,51861,,0,Riffle 0,Relocate 2025,9/22/2025,Trimble,
51062,230000111701,51862h*,51862,,0,Riffle 0,Relocate 2025,9/22/2025,Trimble,
51063,209000133124,51863b,51863,,0,Riffle 0,Relocate 2025,9/22/2025,Trimble,
51064,230000111689,51864h,51864,,0,Riffle 0,Relocate 2025,9/22/2025,Trimble,
51065,230000111615,51865h,51865,,0,Riffle 0,Relocate 2025,9/22/2025,Trimble,
51066,230000111609,51866h,51866,,0,Riffle 0,Relocate 2025,9/22/2025,Trimble,
51067,230000111730,51867*,51867,,0,Riffle 0,Relocate 2025,9/22/2025,Trimble,
51068,230000111577,51868h,51868,,0,Riffle 0,Relocate 2025,9/22/2025,Trimble,
51069,209000132718,51869*,51869,,0,Riffle 0,Relocate 2025,9/22/2025,Trimble,
51070,228000607515,51870h,51870,,0,Riffle 0,Relocate 2025,9/22/2025,Trimble,
51071,209000132788,51871h,51871,,0,Riffle 0,Relocate 2025,9/22/2025,Trimble,
51072,226001370347,51872b*~,51872,,0,Riffle 0,Relocate 2025,9/22/2025,Trimble,"Found rock, didn't read tag, may be damaged"
51073,230000111517,51873,51873,,0,Riffle 0,Relocate 2025,9/22/2025,Trimble,
51074,231000039772,51874b,51874,,0,Riffle 0,Relocate 2025,9/22/2025,Trimble,
51075,226001370354,51875b,51875,,0,Riffle 0,Relocate 2025,9/22/2025,Trimble,
51076,230000111736,51876h,51876,,0,Riffle 0,Relocate 2025,9/22/2025,Trimble,
51077,226001370279,51877h*,51877,,0,Riffle 0,Relocate 2025,9/22/2025,Trimble,
51078,226001370323,51878b,51878,,0,Riffle 0,Relocate 2025,9/22/2025,Trimble,
51079,230000111618,51879h,51879,,0,Riffle 0,Relocate 2025,9/22/2025,Trimble,
51080,209000133163,51880h,51880,,0,Riffle 0,Relocate 2025,9/22/2025,Trimble,
51081,230000111556,51881,51881,,0,Riffle 0,Relocate 2025,9/22/2025,Trimble,
51082,226001370231,51882h,51882,,0,Riffle 0,Relocate 2025,9/22/2025,Trimble,
51083,230000111737,51883*,51883,,0,Riffle 0,Relocate 2025,9/22/2025,Trimble,
51084,226001370209,51884h*,51884,,0,Riffle 0,Relocate 2025,9/22/2025,Trimble,
51085,230000111642,51885*,51885,,0,Riffle 0,Relocate 2025,9/22/2025,Trimble,
51086,226001370288,51886b,51886,,0,Riffle 0,Relocate 2025,9/22/2025,Trimble,
51087,209000132715,51887,51887,,0,Riffle 0,Relocate 2025,9/22/2025,Trimble,
51088,231000039721,51888h,51888,,0,Riffle 0,Relocate 2025,9/22/2025,Trimble,
51089,230000111693,51889h,51889,,0,Riffle 0,Relocate 2025,9/22/2025,Trimble,
51090,230000111552,51890*,51890,,0,Riffle 0,Relocate 2025,9/22/2025,Trimble,
51091,230000111720,51891,51891,,0,Riffle 0,Relocate 2025,9/22/2025,Trimble,
51092,230000111641,51892*,51892,,0,Riffle 0,Relocate 2025,9/22/2025,Trimble,
51093,226001370369,51893b,51893,,0,Riffle 0,Relocate 2025,9/22/2025,Trimble,
51094,209000132755,51894h*,51894,,0,Riffle 0,Relocate 2025,9/22/2025,Trimble,
51095,226001370320,51895b,51895,,0,Riffle 0,Relocate 2025,9/22/2025,Trimble,
51096,230000111503,51896h,51896,,0,Riffle 0,Relocate 2025,9/22/2025,Trimble,
51097,228000607502,51897,51897,,0,Riffle 0,Relocate 2025,9/22/2025,Trimble,
51098,226001370227,51898b*,51898,,0,Riffle 0,Relocate 2025,9/22/2025,Trimble,
51099,230000111535,51899,51899,,0,Riffle 0,Relocate 2025,9/22/2025,Trimble,
