Point,E,N,Elevation,Code,SurveyID,Date,Period,TagID,RiffleID,Site,TagSize_mm,A_Axis_mm,B_Axis_mm,C_Axis_mm,Gravelometer_mm,Weight_g,Particle_Class,Size_Class,Field_Movement,Hiding,Embedded,Buried,DetectionType,Notes
1,2808312.77,1264864.07,7578.04,OPUS,Control,NA,Before,NA,NA,NA,NA,NA,NA,NA,NA,NA,NA,NA,NA,NA,NA,NA,Trimble,NA
2,2808314.84,1264871.38,7577.88,ADCP,Control,NA,Before,NA,NA,NA,NA,NA,NA,NA,NA,NA,NA,NA,NA,NA,NA,NA,Trimble,NA
10,2811199.65,1260385.32,7593.03,CP10,Control,NA,Before,NA,NA,NA,NA,NA,NA,NA,NA,NA,NA,NA,NA,NA,NA,NA,Trimble,NA
20,2802150.94,1268070.35,7545.37,CP20,Control,NA,Before,NA,NA,NA,NA,NA,NA,NA,NA,NA,NA,NA,NA,NA,NA,NA,Trimble,NA
30,2802170.07,1266333.87,7531.41,OPUS,Control,NA,Before,NA,NA,NA,NA,NA,NA,NA,NA,NA,NA,NA,NA,NA,NA,NA,Trimble,NA
40,2807709.89,1265975.38,7541.3,CP40,Control,NA,Before,NA,NA,NA,NA,NA,NA,NA,NA,NA,NA,NA,NA,NA,NA,NA,Trimble,NA
50,2806859.51,1265764.07,7575.91,CP50,Control,NA,Before,NA,NA,NA,NA,NA,NA,NA,NA,NA,NA,NA,NA,NA,NA,NA,Trimble,NA
100,2806338.35,1266549.07,7459.64,PITRCK,Deploy 2019,4/16/2019,Before,230000111558,1,Riffle 1,32,145,118,52,128,1424,Cobble,SC2,NA,NA,NA,NA,Trimble,NA
101,2806337.85,1266557.87,7458.87,PITRCK,Deploy 2019,4/16/2019,Before,230000111677,1,Riffle 1,32,90,78,69,90,608,Cobble,SC1,NA,NA,NA,NA,Trimble,NA
102,2806337.99,1266564.83,7459.02,PITRCK,Deploy 2019,4/16/2019,Before,230000111624,1,Riffle 1,32,157,152,82,180,2584,Cobble,LC1,NA,NA,NA,NA,Trimble,NA
103,2806336.99,1266571.76,7459.13,PITRCK,Deploy 2019,4/16/2019,Before,228000607573,1,Riffle 1,23,102,61,48,64,550,Gravel,VCG2,NA,NA,NA,NA,Trimble,NA
104,2806336.10,1266579.65,7459.61,PITRCK,Deploy 2019,4/16/2019,Before,230000111731,1,Riffle 1,32,145,98,56,128,1335,Cobble,SC2,NA,NA,NA,NA,Trimble,NA
105,2806334.78,1266585.24,7459.63,PITRCK,Deploy 2019,4/16/2019,Before,230000111736,1,Riffle 1,32,155,109,66,128,1789,Cobble,SC2,NA,NA,NA,NA,Trimble,NA
106,2806333.74,1266591.80,7459.49,PITRCK,Deploy 2019,4/16/2019,Before,230000111684,1,Riffle 1,32,198,117,64,128,2248,Cobble,SC2,NA,NA,NA,NA,Trimble,NA
107,2806332.65,1266599.07,7459.46,PITRCK,Deploy 2019,4/16/2019,Before,230000111541,1,Riffle 1,32,356,290,138,>256,14100,Boulder,SB1,NA,NA,NA,NA,Trimble,NA
108,2806332.72,1266606.54,7459.41,PITRCK,Deploy 2019,4/16/2019,Before,228000607534,1,Riffle 1,23,70,63,55,64,654,Gravel,VCG2,NA,NA,NA,NA,Trimble,NA
109,2806333.19,1266613.82,7459.18,PITRCK,Deploy 2019,4/16/2019,Before,228000607505,1,Riffle 1,23,94,61,41,64,336,Gravel,VCG2,NA,NA,NA,NA,Trimble,NA
110,2806333.57,1266618.41,7459.27,PITRCK,Deploy 2019,4/16/2019,Before,230000111683,1,Riffle 1,32,132,90,80,128,1427,Cobble,SC2,NA,NA,NA,NA,Trimble,NA
111,2806334.39,1266624.72,7459.23,PITRCK,Deploy 2019,4/16/2019,Before,230000111737,1,Riffle 1,32,169,138,82,128,2929,Cobble,SC2,NA,NA,NA,NA,Trimble,NA
112,2806334.37,1266629.83,7458.94,PITRCK,Deploy 2019,4/16/2019,Before,230000111641,1,Riffle 1,32,124,104,56,90,1093,Cobble,SC1,NA,NA,NA,NA,Trimble,NA
113,2806333.94,1266635.21,7458.83,PITRCK,Deploy 2019,4/16/2019,Before,228000607513,1,Riffle 1,23,91,60,38,64,273,Gravel,VCG2,NA,NA,NA,NA,Trimble,NA
114,2806335.24,1266641.13,7458.99,PITRCK,Deploy 2019,4/16/2019,Before,230000111644,1,Riffle 1,32,135,93,72,90,1442,Cobble,SC1,NA,NA,NA,NA,Trimble,NA
115,2806335.46,1266645.68,7458.9,PITRCK,Deploy 2019,4/16/2019,Before,230000111632,1,Riffle 1,32,124,96,53,90,802,Cobble,SC1,NA,NA,NA,NA,Trimble,NA
116,2806335.36,1266650.10,7458.97,PITRCK,Deploy 2019,4/16/2019,Before,230000111695,1,Riffle 1,32,120,97,77,90,1034,Cobble,SC1,NA,NA,NA,NA,Trimble,NA
117,2806335.16,1266655.93,7459.03,PITRCK,Deploy 2019,4/16/2019,Before,228000607532,1,Riffle 1,23,90,55,42,64,446,Gravel,VCG2,NA,NA,NA,NA,Trimble,NA
118,2806335.19,1266661.89,7459.04,PITRCK,Deploy 2019,4/16/2019,Before,230000111631,1,Riffle 1,32,97,56,50,64,363,Gravel,VCG2,NA,NA,NA,NA,Trimble,NA
119,2806335.50,1266668.70,7459.17,PITRCK,Deploy 2019,4/16/2019,Before,230000111689,1,Riffle 1,32,141,84,37,90,888,Cobble,SC1,NA,NA,NA,NA,Trimble,NA
120,2806318.27,1266549.64,7459.1,PITRCK,Deploy 2019,4/16/2019,Before,228000607533,1,Riffle 1,23,89,65,52,64,400,Gravel,VCG2,NA,NA,NA,NA,Trimble,NA
121,2806317.66,1266555.58,7458.92,PITRCK,Deploy 2019,4/16/2019,Before,230000111712,1,Riffle 1,32,176,113,74,128,2062,Cobble,SC2,NA,NA,NA,NA,Trimble,NA
122,2806316.97,1266563.16,7458.94,PITRCK,Deploy 2019,4/16/2019,Before,230000111534,1,Riffle 1,32,157,135,130,180,3638,Cobble,LC1,NA,NA,NA,NA,Trimble,NA
123,2806316.37,1266570.34,7459.02,PITRCK,Deploy 2019,4/16/2019,Before,228000607520,1,Riffle 1,23,90,64,52,64,543,Gravel,VCG2,NA,NA,NA,NA,Trimble,NA
124,2806315.88,1266574.82,7459.24,PITRCK,Deploy 2019,4/16/2019,Before,230000111598,1,Riffle 1,32,142,104,54,128,1046,Cobble,SC2,NA,NA,NA,NA,Trimble,NA
125,2806315.80,1266579.91,7459.45,PITRCK,Deploy 2019,4/16/2019,Before,230000111741,1,Riffle 1,32,148,100,84,128,1958,Cobble,SC2,NA,NA,NA,NA,Trimble,NA
126,2806314.69,1266586.05,7459.28,PITRCK,Deploy 2019,4/16/2019,Before,228000607546,1,Riffle 1,23,97,71,35,64,338,Gravel,VCG2,NA,NA,NA,NA,Trimble,NA
127,2806314.18,1266591.64,7459.45,PITRCK,Deploy 2019,4/16/2019,Before,230000111523,1,Riffle 1,32,150,109,78,128,1992,Cobble,SC2,NA,NA,NA,NA,Trimble,NA
128,2806313.80,1266598.22,7459.24,PITRCK,Deploy 2019,4/16/2019,Before,230000111698,1,Riffle 1,32,89,82,70,90,771,Cobble,SC1,NA,NA,NA,NA,Trimble,NA
129,2806314.01,1266601.97,7459.26,PITRCK,Deploy 2019,4/16/2019,Before,230000111643,1,Riffle 1,32,184,125,58,128,2352,Cobble,SC2,NA,NA,NA,NA,Trimble,NA
130,2806313.43,1266606.87,7458.9,PITRCK,Deploy 2019,4/16/2019,Before,228000607537,1,Riffle 1,23,95,61,35,64,458,Gravel,VCG2,NA,NA,NA,NA,Trimble,NA
131,2806313.09,1266612.36,7459.07,PITRCK,Deploy 2019,4/16/2019,Before,230000111734,1,Riffle 1,32,120,104,64,128,1233,Cobble,SC2,NA,NA,NA,NA,Trimble,NA
132,2806312.17,1266617.29,7459.05,PITRCK,Deploy 2019,4/16/2019,Before,230000111651,1,Riffle 1,32,117,111,49,90,767,Cobble,SC1,NA,NA,NA,NA,Trimble,NA
133,2806311.09,1266623.33,7459.25,PITRCK,Deploy 2019,4/16/2019,Before,230000111733,1,Riffle 1,32,303,265,148,>256,15900,Boulder,SB1,NA,NA,NA,NA,Trimble,NA
134,2806310.15,1266628.95,7459,PITRCK,Deploy 2019,4/16/2019,Before,230000111679,1,Riffle 1,32,141,105,79,128,1381,Cobble,SC2,NA,NA,NA,NA,Trimble,NA
135,2806310.59,1266634.94,7458.92,PITRCK,Deploy 2019,4/16/2019,Before,230000111623,1,Riffle 1,32,136,109,36,90,858,Cobble,SC1,NA,NA,NA,NA,Trimble,NA
136,2806309.14,1266639.93,7458.87,PITRCK,Deploy 2019,4/16/2019,Before,230000111615,1,Riffle 1,32,134,115,42,128,986,Cobble,SC2,NA,NA,NA,NA,Trimble,NA
137,2806309.54,1266647.36,7458.92,PITRCK,Deploy 2019,4/16/2019,Before,230000111544,1,Riffle 1,32,86,73,51,90,518,Cobble,SC1,NA,NA,NA,NA,Trimble,NA
138,2806308.67,1266656.32,7459.17,PITRCK,Deploy 2019,4/16/2019,Before,230000111550,1,Riffle 1,32,107,91,42,90,571,Cobble,SC1,NA,NA,NA,NA,Trimble,NA
139,2806299.50,1266549.74,7458.93,PITRCK,Deploy 2019,4/16/2019,Before,228000607541,1,Riffle 1,23,91,64,40,64,398,Gravel,VCG2,NA,NA,NA,NA,Trimble,NA
140,2806298.74,1266555.68,7458.63,PITRCK,Deploy 2019,4/16/2019,Before,230000111517,1,Riffle 1,32,142,136,46,128,1173,Cobble,SC2,NA,NA,NA,NA,Trimble,NA
141,2806298.60,1266560.32,7458.69,PITRCK,Deploy 2019,4/16/2019,Before,230000111708,1,Riffle 1,32,181,124,84,128,2277,Cobble,SC2,NA,NA,NA,NA,Trimble,NA
142,2806297.09,1266565.10,7458.73,PITRCK,Deploy 2019,4/16/2019,Before,228000607524,1,Riffle 1,23,86,68,54,64,562,Gravel,VCG2,NA,NA,NA,NA,Trimble,NA
143,2806296.31,1266570.34,7458.86,PITRCK,Deploy 2019,4/16/2019,Before,230000111668,1,Riffle 1,32,177,112,67,128,1929,Cobble,SC2,NA,NA,NA,NA,Trimble,NA
144,2806295.19,1266576.79,7459.26,PITRCK,Deploy 2019,4/16/2019,Before,230000111510,1,Riffle 1,32,460,230,125,256,17100,Cobble,LC2,NA,NA,NA,NA,Trimble,NA
145,2806294.74,1266583.98,7459.16,PITRCK,Deploy 2019,4/16/2019,Before,228000607516,1,Riffle 1,23,81,63,55,64,514,Gravel,VCG2,NA,NA,NA,NA,Trimble,NA
146,2806294.62,1266589.50,7458.95,PITRCK,Deploy 2019,4/16/2019,Before,230000111595,1,Riffle 1,32,158,98,49,90,939,Cobble,SC1,NA,NA,NA,NA,Trimble,NA
147,2806293.26,1266596.28,7459,PITRCK,Deploy 2019,4/16/2019,Before,230000111676,1,Riffle 1,32,145,84,71,90,1337,Cobble,SC1,NA,NA,NA,NA,Trimble,NA
148,2806292.44,1266601.59,7459.09,PITRCK,Deploy 2019,4/16/2019,Before,230000111735,1,Riffle 1,32,141,117,56,128,1706,Cobble,SC2,NA,NA,NA,NA,Trimble,NA
149,2806291.27,1266608.70,7458.92,PITRCK,Deploy 2019,4/16/2019,Before,230000111686,1,Riffle 1,32,110,78,34,90,601,Cobble,SC1,NA,NA,NA,NA,Trimble,NA
150,2806291.35,1266613.22,7458.79,PITRCK,Deploy 2019,4/16/2019,Before,228000607509,1,Riffle 1,23,106,64,36,64,440,Gravel,VCG2,NA,NA,NA,NA,Trimble,NA
151,2806290.95,1266617.97,7458.89,PITRCK,Deploy 2019,4/16/2019,Before,230000111728,1,Riffle 1,32,165,123,75,180,2327,Cobble,LC1,NA,NA,NA,NA,Trimble,NA
152,2806290.24,1266624.49,7458.87,PITRCK,Deploy 2019,4/16/2019,Before,230000111594,1,Riffle 1,32,135,67,55,90,911,Cobble,SC1,NA,NA,NA,NA,Trimble,NA
153,2806290.82,1266630.50,7458.79,PITRCK,Deploy 2019,4/16/2019,Before,230000111566,1,Riffle 1,32,134,115,43,128,1003,Cobble,SC2,NA,NA,NA,NA,Trimble,NA
154,2806291.04,1266637.09,7459.06,PITRCK,Deploy 2019,4/16/2019,Before,230000111507,1,Riffle 1,32,331,236,143,256,11400,Cobble,LC2,NA,NA,NA,NA,Trimble,NA
155,2806290.28,1266642.76,7458.86,PITRCK,Deploy 2019,4/16/2019,Before,230000111717,1,Riffle 1,32,135,93,59,90,1398,Cobble,SC1,NA,NA,NA,NA,Trimble,NA
156,2806290.36,1266648.10,7458.97,PITRCK,Deploy 2019,4/16/2019,Before,230000111560,1,Riffle 1,32,91,75,50,64,337,Gravel,VCG2,NA,NA,NA,NA,Trimble,NA
157,2806289.71,1266651.88,7459,PITRCK,Deploy 2019,4/16/2019,Before,230000111720,1,Riffle 1,32,119,100,43,90,741,Cobble,SC1,NA,NA,NA,NA,Trimble,NA
158,2806289.53,1266659.26,7459.12,PITRCK,Deploy 2019,4/16/2019,Before,230000111527,1,Riffle 1,32,139,76,75,90,1153,Cobble,SC1,NA,NA,NA,NA,Trimble,NA
159,2806308.67,1266664.85,7459.4,PITRCK,Deploy 2019,4/16/2019,Before,230000111575,1,Riffle 1,32,135,96,53,90,1034,Cobble,SC1,NA,NA,NA,NA,Trimble,NA
160,2806259.42,1266536.90,7458.86,PITRCK,Deploy 2019,4/16/2019,Before,228000607549,1,Riffle 1,23,72,50,38,64,185,Gravel,VCG2,NA,NA,NA,NA,Trimble,NA
161,2806257.97,1266541.52,7458.62,PITRCK,Deploy 2019,4/16/2019,Before,230000111556,1,Riffle 1,32,116,113,59,128,1187,Cobble,SC2,NA,NA,NA,NA,Trimble,NA
162,2806257.70,1266547.37,7458.68,PITRCK,Deploy 2019,4/16/2019,Before,230000111570,1,Riffle 1,32,218,94,50,128,2142,Cobble,SC2,NA,NA,NA,NA,Trimble,NA
163,2806256.60,1266552.40,7458.45,PITRCK,Deploy 2019,4/16/2019,Before,228000607577,1,Riffle 1,23,94,66,23,64,361,Gravel,VCG2,NA,NA,NA,NA,Trimble,NA
164,2806255.32,1266557.83,7458.52,PITRCK,Deploy 2019,4/16/2019,Before,230000111636,1,Riffle 1,32,141,97,83,128,2024,Cobble,SC2,NA,NA,NA,NA,Trimble,NA
165,2806254.46,1266563.27,7458.29,PITRCK,Deploy 2019,4/16/2019,Before,230000111716,1,Riffle 1,32,129,116,60,128,1338,Cobble,SC2,NA,NA,NA,NA,Trimble,NA
166,2806253.09,1266568.74,7458.46,PITRCK,Deploy 2019,4/16/2019,Before,230000111592,1,Riffle 1,32,213,113,49,128,2412,Cobble,SC2,NA,NA,NA,NA,Trimble,NA
167,2806252.57,1266574.80,7458.53,PITRCK,Deploy 2019,4/16/2019,Before,228000607565,1,Riffle 1,23,94,58,56,64,433,Gravel,VCG2,NA,NA,NA,NA,Trimble,NA
168,2806251.59,1266580.07,7458.59,PITRCK,Deploy 2019,4/16/2019,Before,230000111551,1,Riffle 1,32,189,103,71,128,1963,Cobble,SC2,NA,NA,NA,NA,Trimble,NA
169,2806250.93,1266586.25,7458.58,PITRCK,Deploy 2019,4/16/2019,Before,230000111525,1,Riffle 1,32,104,86,46,90,837,Cobble,SC1,NA,NA,NA,NA,Trimble,NA
170,2806249.85,1266592.75,7458.9,PITRCK,Deploy 2019,4/16/2019,Before,230000111578,1,Riffle 1,32,374,275,144,>256,19700,Boulder,SB1,NA,NA,NA,NA,Trimble,NA
171,2806249.67,1266598.69,7458.54,PITRCK,Deploy 2019,4/16/2019,Before,230000111555,1,Riffle 1,32,109,71,69,90,826,Cobble,SC1,NA,NA,NA,NA,Trimble,NA
172,2806249.07,1266603.41,7458.4,PITRCK,Deploy 2019,4/16/2019,Before,230000111746,1,Riffle 1,32,111,68,59,90,775,Cobble,SC1,NA,NA,NA,NA,Trimble,NA
173,2806248.41,1266607.64,7458.52,PITRCK,Deploy 2019,4/16/2019,Before,230000111707,1,Riffle 1,32,151,98,58,90,1186,Cobble,SC1,NA,NA,NA,NA,Trimble,NA
174,2806248.11,1266612.63,7458.45,PITRCK,Deploy 2019,4/16/2019,Before,230000111577,1,Riffle 1,32,102,78,45,90,546,Cobble,SC1,NA,NA,NA,NA,Trimble,NA
175,2806248.27,1266617.61,7458.58,PITRCK,Deploy 2019,4/16/2019,Before,230000111607,1,Riffle 1,32,113,100,63,90,1093,Cobble,SC1,NA,NA,NA,NA,Trimble,NA
176,2806248.30,1266623.62,7458.36,PITRCK,Deploy 2019,4/16/2019,Before,230000111567,1,Riffle 1,32,128,104,33,90,645,Cobble,SC1,NA,NA,NA,NA,Trimble,NA
177,2806248.07,1266629.10,7457.87,PITRCK,Deploy 2019,4/16/2019,Before,228000607560,1,Riffle 1,23,82,64,37,64,407,Gravel,VCG2,NA,NA,NA,NA,Trimble,NA
178,2806246.95,1266634.81,7458.06,PITRCK,Deploy 2019,4/16/2019,Before,230000111648,1,Riffle 1,32,101,88,34,90,508,Cobble,SC1,NA,NA,NA,NA,Trimble,NA
179,2806245.95,1266642.32,7458.85,PITRCK,Deploy 2019,4/16/2019,Before,228000607517,1,Riffle 1,23,68,56,43,64,241,Gravel,VCG2,NA,NA,NA,NA,Trimble,NA
180,2806238.60,1266531.80,7458.57,PITRCK,Deploy 2019,4/16/2019,Before,230000111581,1,Riffle 1,32,113,101,43,90,755,Cobble,SC1,NA,NA,NA,NA,Trimble,NA
181,2806237.74,1266539.37,7458.38,PITRCK,Deploy 2019,4/16/2019,Before,228000607507,1,Riffle 1,23,65,45,42,64,197,Gravel,VCG2,NA,NA,NA,NA,Trimble,NA
182,2806236.68,1266544.91,7458.46,PITRCK,Deploy 2019,4/16/2019,Before,230000111693,1,Riffle 1,32,154,92,58,90,1342,Cobble,SC1,NA,NA,NA,NA,Trimble,NA
183,2806235.83,1266550.66,7458.36,PITRCK,Deploy 2019,4/16/2019,Before,230000111535,1,Riffle 1,32,168,101,97,128,1715,Cobble,SC2,NA,NA,NA,NA,Trimble,NA
184,2806235.00,1266555.19,7458.41,PITRCK,Deploy 2019,4/16/2019,Before,230000111562,1,Riffle 1,32,197,169,68,180,3575,Cobble,LC1,NA,NA,NA,NA,Trimble,NA
185,2806234.68,1266560.02,7458.2,PITRCK,Deploy 2019,4/16/2019,Before,228000607552,1,Riffle 1,23,75,64,54,64,543,Gravel,VCG2,NA,NA,NA,NA,Trimble,NA
186,2806233.92,1266564.96,7458.25,PITRCK,Deploy 2019,4/16/2019,Before,230000111700,1,Riffle 1,32,131,82,56,90,709,Cobble,SC1,NA,NA,NA,NA,Trimble,NA
187,2806232.82,1266569.98,7458.26,PITRCK,Deploy 2019,4/16/2019,Before,230000111521,1,Riffle 1,32,203,83,83,90,2179,Cobble,SC1,NA,NA,NA,NA,Trimble,NA
188,2806231.64,1266575.30,7458.44,PITRCK,Deploy 2019,4/16/2019,Before,230000111516,1,Riffle 1,32,126,96,79,128,1425,Cobble,SC2,NA,NA,NA,NA,Trimble,NA
189,2806230.99,1266579.62,7458.17,PITRCK,Deploy 2019,4/16/2019,Before,228000607535,1,Riffle 1,23,74,54,36,64,254,Gravel,VCG2,NA,NA,NA,NA,Trimble,NA
190,2806230.75,1266583.32,7458.33,PITRCK,Deploy 2019,4/16/2019,Before,230000111545,1,Riffle 1,32,121,71,58,90,829,Cobble,SC1,NA,NA,NA,NA,Trimble,NA
191,2806229.97,1266588.41,7458.28,PITRCK,Deploy 2019,4/16/2019,Before,230000111540,1,Riffle 1,32,119,82,59,90,734,Cobble,SC1,NA,NA,NA,NA,Trimble,NA
192,2806229.61,1266593.85,7458.26,PITRCK,Deploy 2019,4/16/2019,Before,230000111506,1,Riffle 1,32,110,108,41,128,941,Cobble,SC2,NA,NA,NA,NA,Trimble,NA
193,2806226.91,1266600.39,7458.11,PITRCK,Deploy 2019,4/16/2019,Before,230000111667,1,Riffle 1,32,153,114,52,128,1347,Cobble,SC2,NA,NA,NA,NA,Trimble,NA
194,2806226.19,1266606.73,7458.57,PITRCK,Deploy 2019,4/16/2019,Before,230000111614,1,Riffle 1,32,306,205,256,256,18900,Cobble,LC2,NA,NA,NA,NA,Trimble,NA
195,2806225.02,1266612.21,7458.04,PITRCK,Deploy 2019,4/16/2019,Before,230000111549,1,Riffle 1,32,82,76,75,90,643,Cobble,SC1,NA,NA,NA,NA,Trimble,NA
196,2806223.82,1266616.71,7457.94,PITRCK,Deploy 2019,4/16/2019,Before,230000111596,1,Riffle 1,32,86,73,64,90,548,Cobble,SC1,NA,NA,NA,NA,Trimble,NA
197,2806223.26,1266620.11,7458.25,PITRCK,Deploy 2019,4/16/2019,Before,230000111503,1,Riffle 1,32,156,92,43,90,895,Cobble,SC1,NA,NA,NA,NA,Trimble,NA
198,2806222.85,1266626.57,7458.41,PITRCK,Deploy 2019,4/16/2019,Before,230000111548,1,Riffle 1,32,90,76,52,90,530,Cobble,SC1,NA,NA,NA,NA,Trimble,NA
199,2806221.90,1266632.15,7458.68,PITRCK,Deploy 2019,4/16/2019,Before,228000607571,1,Riffle 1,23,127,71,31,64,415,Gravel,VCG2,NA,NA,NA,NA,Trimble,NA
200,2804503.27,1266619.43,7453.93,PITRCK,Deploy 2019,4/16/2019,Before,230000111682,2,Riffle 2,32,110,97,52,90,812,Cobble,SC1,NA,NA,NA,NA,Trimble,NA
201,2804502.03,1266613.15,7453.71,PITRCK,Deploy 2019,4/16/2019,Before,228000607570,2,Riffle 2,23,75,63,48,64,338,Gravel,VCG2,NA,NA,NA,NA,Trimble,NA
202,2804500.82,1266608.11,7453.76,PITRCK,Deploy 2019,4/16/2019,Before,230000111747,2,Riffle 2,32,110,100,59,128,897,Cobble,SC2,NA,NA,NA,NA,Trimble,NA
203,2804499.49,1266602.65,7453.76,PITRCK,Deploy 2019,4/16/2019,Before,230000111646,2,Riffle 2,32,93,77,55,90,508,Cobble,SC1,NA,NA,NA,NA,Trimble,NA
204,2804497.60,1266597.50,7453.73,PITRCK,Deploy 2019,4/16/2019,Before,230000111620,2,Riffle 2,32,159,120,46,128,1290,Cobble,SC2,NA,NA,NA,NA,Trimble,NA
205,2804496.24,1266593.42,7453.67,PITRCK,Deploy 2019,4/16/2019,Before,230000111681,2,Riffle 2,32,100,65,55,90,572,Cobble,SC1,NA,NA,NA,NA,Trimble,NA
206,2804494.81,1266589.38,7453.69,PITRCK,Deploy 2019,4/16/2019,Before,228000607576,2,Riffle 2,23,104,64,43,64,599,Gravel,VCG2,NA,NA,NA,NA,Trimble,NA
207,2804493.88,1266585.06,7453.81,PITRCK,Deploy 2019,4/16/2019,Before,230000111601,2,Riffle 2,32,129,115,45,128,1232,Cobble,SC2,NA,NA,NA,NA,Trimble,NA
208,2804492.82,1266579.94,7453.53,PITRCK,Deploy 2019,4/16/2019,Before,230000111723,2,Riffle 2,32,146,89,36,90,807,Cobble,SC1,NA,NA,NA,NA,Trimble,NA
209,2804491.01,1266575.60,7453.37,PITRCK,Deploy 2019,4/16/2019,Before,230000111704,2,Riffle 2,32,95,73,41,64,416,Gravel,VCG2,NA,NA,NA,NA,Trimble,NA
210,2804490.90,1266571.56,7453.87,PITRCK,Deploy 2019,4/16/2019,Before,230000111666,2,Riffle 2,32,321,290,200,>256,18300,Boulder,SB1,NA,NA,NA,NA,Trimble,NA
211,2804489.38,1266567.59,7453.52,PITRCK,Deploy 2019,4/16/2019,Before,230000111657,2,Riffle 2,32,100,72,42,64,379,Gravel,VCG2,NA,NA,NA,NA,Trimble,NA
212,2804488.26,1266563.44,7453.46,PITRCK,Deploy 2019,4/16/2019,Before,230000111547,2,Riffle 2,32,168,111,53,90,1488,Cobble,SC1,NA,NA,NA,NA,Trimble,NA
213,2804487.49,1266559.15,7453.11,PITRCK,Deploy 2019,4/16/2019,Before,230000111703,2,Riffle 2,32,114,85,37,90,604,Cobble,SC1,NA,NA,NA,NA,Trimble,NA
214,2804486.88,1266554.65,7453.16,PITRCK,Deploy 2019,4/16/2019,Before,230000111618,2,Riffle 2,32,115,108,78,128,1109,Cobble,SC2,NA,NA,NA,NA,Trimble,NA
215,2804486.15,1266550.19,7453.18,PITRCK,Deploy 2019,4/16/2019,Before,230000111654,2,Riffle 2,32,114,105,95,128,1678,Cobble,SC2,NA,NA,NA,NA,Trimble,NA
216,2804484.91,1266546.00,7453.05,PITRCK,Deploy 2019,4/16/2019,Before,230000111627,2,Riffle 2,32,151,80,39,90,787,Cobble,SC1,NA,NA,NA,NA,Trimble,NA
217,2804484.38,1266541.64,7453.49,PITRCK,Deploy 2019,4/16/2019,Before,230000111508,2,Riffle 2,32,256,214,190,256,16900,Cobble,LC2,NA,NA,NA,NA,Trimble,NA
218,2804483.43,1266536.93,7453.17,PITRCK,Deploy 2019,4/16/2019,Before,230000111583,2,Riffle 2,32,85,61,55,90,493,Cobble,SC1,NA,NA,NA,NA,Trimble,NA
219,2804482.13,1266533.35,7453.42,PITRCK,Deploy 2019,4/16/2019,Before,230000111619,2,Riffle 2,32,95,64,54,90,460,Cobble,SC1,NA,NA,NA,NA,Trimble,NA
220,2804481.08,1266529.29,7453.65,PITRCK,Deploy 2019,4/16/2019,Before,230000111672,2,Riffle 2,32,102,80,55,90,831,Cobble,SC1,NA,NA,NA,NA,Trimble,NA
221,2804479.34,1266525.28,7453.89,PITRCK,Deploy 2019,4/16/2019,Before,230000111673,2,Riffle 2,32,139,96,75,128,1437,Cobble,SC2,NA,NA,NA,NA,Trimble,NA
222,2804478.30,1266521.35,7454.05,PITRCK,Deploy 2019,4/16/2019,Before,230000111649,2,Riffle 2,32,150,87,55,90,1202,Cobble,SC1,NA,NA,NA,NA,Trimble,NA
223,2804477.05,1266516.49,7454.31,PITRCK,Deploy 2019,4/16/2019,Before,230000111713,2,Riffle 2,32,104,86,45,90,730,Cobble,SC1,NA,NA,NA,NA,Trimble,NA
224,2804476.03,1266509.88,7454.68,PITRCK,Deploy 2019,4/16/2019,Before,230000111685,2,Riffle 2,32,110,96,55,90,873,Cobble,SC1,NA,NA,NA,NA,Trimble,NA
225,2804522.00,1266623.50,7453.79,PITRCK,Deploy 2019,4/16/2019,Before,228000607572,2,Riffle 2,23,75,68,37,64,300,Gravel,VCG2,NA,NA,NA,NA,Trimble,NA
226,2804521.07,1266618.92,7453.48,PITRCK,Deploy 2019,4/16/2019,Before,230000111599,2,Riffle 2,32,135,120,75,128,1877,Cobble,SC2,NA,NA,NA,NA,Trimble,NA
227,2804519.94,1266613.71,7453.39,PITRCK,Deploy 2019,4/16/2019,Before,230000111715,2,Riffle 2,32,168,117,70,128,2178,Cobble,SC2,NA,NA,NA,NA,Trimble,NA
228,2804518.83,1266608.47,7453.69,PITRCK,Deploy 2019,4/16/2019,Before,230000111732,2,Riffle 2,32,210,158,107,180,3929,Cobble,LC1,NA,NA,NA,NA,Trimble,NA
229,2804517.31,1266603.30,7453.9,PITRCK,Deploy 2019,4/16/2019,Before,230000111675,2,Riffle 2,32,98,89,68,90,939,Cobble,SC1,NA,NA,NA,NA,Trimble,NA
230,2804515.66,1266598.05,7453.92,PITRCK,Deploy 2019,4/16/2019,Before,228000607528,2,Riffle 2,23,84,69,41,64,409,Gravel,VCG2,NA,NA,NA,NA,Trimble,NA
231,2804514.05,1266592.30,7454.11,PITRCK,Deploy 2019,4/16/2019,Before,230000111670,2,Riffle 2,32,95,80,51,90,627,Cobble,SC1,NA,NA,NA,NA,Trimble,NA
232,2804512.44,1266586.18,7453.95,PITRCK,Deploy 2019,4/16/2019,Before,230000111696,2,Riffle 2,32,103,89,59,90,759,Cobble,SC1,NA,NA,NA,NA,Trimble,NA
233,2804511.60,1266581.42,7454.01,PITRCK,Deploy 2019,4/16/2019,Before,230000111739,2,Riffle 2,32,99,86,33,90,557,Cobble,SC1,NA,NA,NA,NA,Trimble,NA
234,2804510.60,1266574.31,7453.73,PITRCK,Deploy 2019,4/16/2019,Before,228000607506,2,Riffle 2,23,87,72,35,64,423,Gravel,VCG2,NA,NA,NA,NA,Trimble,NA
235,2804509.90,1266567.70,7453.74,PITRCK,Deploy 2019,4/16/2019,Before,230000111697,2,Riffle 2,32,115,89,65,128,985,Cobble,SC2,NA,NA,NA,NA,Trimble,NA
236,2804509.26,1266561.94,7453.71,PITRCK,Deploy 2019,4/16/2019,Before,230000111621,2,Riffle 2,32,118,79,65,90,1151,Cobble,SC1,NA,NA,NA,NA,Trimble,NA
237,2804508.84,1266555.96,7453.37,PITRCK,Deploy 2019,4/16/2019,Before,230000111730,2,Riffle 2,32,120,114,65,128,1278,Cobble,SC2,NA,NA,NA,NA,Trimble,NA
238,2804509.61,1266550.01,7453.84,PITRCK,Deploy 2019,4/16/2019,Before,230000111522,2,Riffle 2,32,295,250,174,256,16100,Cobble,LC2,NA,NA,NA,NA,Trimble,NA
239,2804509.36,1266544.14,7453.24,PITRCK,Deploy 2019,4/16/2019,Before,230000111671,2,Riffle 2,32,110,93,42,90,657,Cobble,SC1,NA,NA,NA,NA,Trimble,NA
240,2804508.39,1266538.99,7453.35,PITRCK,Deploy 2019,4/16/2019,Before,228000607554,2,Riffle 2,23,81,64,30,64,213,Gravel,VCG2,NA,NA,NA,NA,Trimble,NA
241,2804508.42,1266532.63,7453.6,PITRCK,Deploy 2019,4/16/2019,Before,230000111638,2,Riffle 2,32,165,133,106,128,3239,Cobble,SC2,NA,NA,NA,NA,Trimble,NA
242,2804507.48,1266526.87,7453.51,PITRCK,Deploy 2019,4/16/2019,Before,230000111526,2,Riffle 2,32,119,101,43,90,1036,Cobble,SC1,NA,NA,NA,NA,Trimble,NA
243,2804506.46,1266521.66,7453.64,PITRCK,Deploy 2019,4/16/2019,Before,230000111711,2,Riffle 2,32,155,106,45,128,990,Cobble,SC2,NA,NA,NA,NA,Trimble,NA
244,2804506.24,1266516.93,7453.63,PITRCK,Deploy 2019,4/16/2019,Before,230000111629,2,Riffle 2,32,155,132,54,128,1834,Cobble,SC2,NA,NA,NA,NA,Trimble,NA
245,2804505.94,1266512.42,7453.5,PITRCK,Deploy 2019,4/16/2019,Before,228000607564,2,Riffle 2,23,108,64,45,64,477,Gravel,VCG2,NA,NA,NA,NA,Trimble,NA
246,2804505.78,1266507.72,7453.8,PITRCK,Deploy 2019,4/16/2019,Before,230000111606,2,Riffle 2,32,147,108,64,128,1636,Cobble,SC2,NA,NA,NA,NA,Trimble,NA
247,2804505.61,1266503.23,7453.44,PITRCK,Deploy 2019,4/16/2019,Before,230000111658,2,Riffle 2,32,90,83,56,90,732,Cobble,SC1,NA,NA,NA,NA,Trimble,NA
248,2804504.22,1266497.77,7453.74,PITRCK,Deploy 2019,4/16/2019,Before,230000111718,2,Riffle 2,32,85,72,57,90,509,Cobble,SC1,NA,NA,NA,NA,Trimble,NA
249,2804502.73,1266488.46,7454.78,PITRCK,Deploy 2019,4/16/2019,Before,230000111665,2,Riffle 2,32,83,68,48,90,400,Cobble,SC1,NA,NA,NA,NA,Trimble,NA
250,2804541.17,1266619.44,7454.24,PITRCK,Deploy 2019,4/16/2019,Before,228000607526,2,Riffle 2,23,117,74,43,64,561,Gravel,VCG2,NA,NA,NA,NA,Trimble,NA
251,2804540.08,1266613.65,7453.72,PITRCK,Deploy 2019,4/16/2019,Before,230000111584,2,Riffle 2,32,145,141,67,128,2105,Cobble,SC2,NA,NA,NA,NA,Trimble,NA
252,2804538.97,1266607.91,7454.03,PITRCK,Deploy 2019,4/16/2019,Before,230000111512,2,Riffle 2,32,135,102,78,128,1872,Cobble,SC2,NA,NA,NA,NA,Trimble,NA
253,2804538.94,1266601.78,7454.28,PITRCK,Deploy 2019,4/16/2019,Before,230000111705,2,Riffle 2,32,160,84,69,90,1747,Cobble,SC1,NA,NA,NA,NA,Trimble,NA
254,2804537.20,1266595.64,7454.65,PITRCK,Deploy 2019,4/16/2019,Before,230000111586,2,Riffle 2,32,135,97,68,128,1766,Cobble,SC2,NA,NA,NA,NA,Trimble,NA
255,2804537.41,1266589.43,7454.62,PITRCK,Deploy 2019,4/16/2019,Before,228000607561,2,Riffle 2,23,106,53,49,64,350,Gravel,VCG2,NA,NA,NA,NA,Trimble,NA
256,2804536.62,1266581.73,7454.4,PITRCK,Deploy 2019,4/16/2019,Before,230000111553,2,Riffle 2,32,144,123,55,128,1551,Cobble,SC2,NA,NA,NA,NA,Trimble,NA
257,2804535.80,1266575.68,7454.24,PITRCK,Deploy 2019,4/16/2019,Before,230000111669,2,Riffle 2,32,151,137,65,128,2083,Cobble,SC2,NA,NA,NA,NA,Trimble,NA
258,2804536.90,1266569.47,7453.99,PITRCK,Deploy 2019,4/16/2019,Before,230000111655,2,Riffle 2,32,107,68,56,90,697,Cobble,SC1,NA,NA,NA,NA,Trimble,NA
259,2804536.72,1266563.30,7454.13,PITRCK,Deploy 2019,4/16/2019,Before,230000111738,2,Riffle 2,32,140,110,77,128,1999,Cobble,SC2,NA,NA,NA,NA,Trimble,NA
260,2804535.98,1266558.54,7453.61,PITRCK,Deploy 2019,4/16/2019,Before,228000607548,2,Riffle 2,23,67,55,52,64,344,Gravel,VCG2,NA,NA,NA,NA,Trimble,NA
261,2804534.94,1266551.81,7453.79,PITRCK,Deploy 2019,4/16/2019,Before,230000111634,2,Riffle 2,32,367,215,128,256,16700,Cobble,LC2,NA,NA,NA,NA,Trimble,NA
262,2804533.76,1266545.42,7453.45,PITRCK,Deploy 2019,4/16/2019,Before,230000111564,2,Riffle 2,32,109,85,42,90,747,Cobble,SC1,NA,NA,NA,NA,Trimble,NA
263,2804532.62,1266541.39,7453.43,PITRCK,Deploy 2019,4/16/2019,Before,230000111719,2,Riffle 2,32,165,110,61,128,1712,Cobble,SC2,NA,NA,NA,NA,Trimble,NA
264,2804532.16,1266535.35,7453.85,PITRCK,Deploy 2019,4/16/2019,Before,230000111587,2,Riffle 2,32,320,235,105,256,11600,Cobble,LC2,NA,NA,NA,NA,Trimble,NA
265,2804530.96,1266530.28,7453.58,PITRCK,Deploy 2019,4/16/2019,Before,230000111742,2,Riffle 2,32,111,72,46,90,646,Cobble,SC1,NA,NA,NA,NA,Trimble,NA
266,2804529.26,1266526.14,7453.8,PITRCK,Deploy 2019,4/16/2019,Before,230000111603,2,Riffle 2,32,181,125,100,128,3827,Cobble,SC2,NA,NA,NA,NA,Trimble,NA
267,2804528.95,1266521.70,7453.55,PITRCK,Deploy 2019,4/16/2019,Before,228000607538,2,Riffle 2,23,74,53,22,64,257,Gravel,VCG2,NA,NA,NA,NA,Trimble,NA
268,2804528.56,1266517.69,7453.78,PITRCK,Deploy 2019,4/16/2019,Before,230000111664,2,Riffle 2,32,116,88,67,90,904,Cobble,SC1,NA,NA,NA,NA,Trimble,NA
269,2804527.47,1266512.88,7453.79,PITRCK,Deploy 2019,4/16/2019,Before,230000111574,2,Riffle 2,32,122,118,43,128,1033,Cobble,SC2,NA,NA,NA,NA,Trimble,NA
270,2804526.59,1266508.53,7453.81,PITRCK,Deploy 2019,4/16/2019,Before,230000111585,2,Riffle 2,32,115,105,33,90,770,Cobble,SC1,NA,NA,NA,NA,Trimble,NA
271,2804526.36,1266503.68,7454.02,PITRCK,Deploy 2019,4/16/2019,Before,230000111642,2,Riffle 2,32,190,98,44,90,1225,Cobble,SC1,NA,NA,NA,NA,Trimble,NA
272,2804526.17,1266499.71,7454.17,PITRCK,Deploy 2019,4/16/2019,Before,230000111652,2,Riffle 2,32,120,78,71,90,861,Cobble,SC1,NA,NA,NA,NA,Trimble,NA
273,2804526.18,1266494.64,7454.24,PITRCK,Deploy 2019,4/16/2019,Before,228000607511,2,Riffle 2,23,120,75,50,64,466,Gravel,VCG2,NA,NA,NA,NA,Trimble,NA
274,2804524.80,1266489.77,7454.68,PITRCK,Deploy 2019,4/16/2019,Before,230000111660,2,Riffle 2,32,112,87,57,90,727,Cobble,SC1,NA,NA,NA,NA,Trimble,NA
275,2804558.73,1266614.95,7453.71,PITRCK,Deploy 2019,4/16/2019,Before,230000111602,2,Riffle 2,32,178,155,48,180,2087,Cobble,LC1,NA,NA,NA,NA,Trimble,NA
276,2804557.82,1266605.86,7454.81,PITRCK,Deploy 2019,4/16/2019,Before,230000111645,2,Riffle 2,32,134,101,91,128,2037,Cobble,SC2,NA,NA,NA,NA,Trimble,NA
277,2804556.72,1266600.01,7454.57,PITRCK,Deploy 2019,4/16/2019,Before,228000607547,2,Riffle 2,23,80,70,43,64,370,Gravel,VCG2,NA,NA,NA,NA,Trimble,NA
278,2804555.70,1266594.17,7454.57,PITRCK,Deploy 2019,4/16/2019,Before,230000111502,2,Riffle 2,32,148,121,63,128,2125,Cobble,SC2,NA,NA,NA,NA,Trimble,NA
279,2804554.78,1266588.70,7454.39,PITRCK,Deploy 2019,4/16/2019,Before,230000111504,2,Riffle 2,32,166,128,81,128,2127,Cobble,SC2,NA,NA,NA,NA,Trimble,NA
280,2804554.25,1266582.67,7454.23,PITRCK,Deploy 2019,4/16/2019,Before,230000111572,2,Riffle 2,32,162,104,67,128,1710,Cobble,SC2,NA,NA,NA,NA,Trimble,NA
281,2804552.98,1266575.71,7454.32,PITRCK,Deploy 2019,4/16/2019,Before,230000111729,2,Riffle 2,32,346,280,115,>256,21300,Boulder,SB1,NA,NA,NA,NA,Trimble,NA
282,2804552.35,1266568.70,7453.88,PITRCK,Deploy 2019,4/16/2019,Before,230000111538,2,Riffle 2,32,186,126,93,128,2956,Cobble,SC2,NA,NA,NA,NA,Trimble,NA
283,2804551.87,1266563.14,7453.78,PITRCK,Deploy 2019,4/16/2019,Before,230000111727,2,Riffle 2,32,165,125,60,128,2087,Cobble,SC2,NA,NA,NA,NA,Trimble,NA
284,2804550.75,1266557.37,7453.64,PITRCK,Deploy 2019,4/16/2019,Before,228000607539,2,Riffle 2,23,110,63,31,64,372,Gravel,VCG2,NA,NA,NA,NA,Trimble,NA
285,2804550.93,1266552.60,7453.62,PITRCK,Deploy 2019,4/16/2019,Before,230000111709,2,Riffle 2,32,201,182,58,180,3584,Cobble,LC1,NA,NA,NA,NA,Trimble,NA
286,2804550.02,1266546.86,7453.48,PITRCK,Deploy 2019,4/16/2019,Before,230000111605,2,Riffle 2,32,140,121,59,128,1380,Cobble,SC2,NA,NA,NA,NA,Trimble,NA
287,2804549.08,1266541.92,7453.67,PITRCK,Deploy 2019,4/16/2019,Before,230000111694,2,Riffle 2,32,150,109,88,128,1738,Cobble,SC2,NA,NA,NA,NA,Trimble,NA
288,2804549.09,1266536.36,7453.42,PITRCK,Deploy 2019,4/16/2019,Before,228000607514,2,Riffle 2,23,139,64,54,64,813,Gravel,VCG2,NA,NA,NA,NA,Trimble,NA
289,2804548.84,1266530.83,7453.8,PITRCK,Deploy 2019,4/16/2019,Before,230000111604,2,Riffle 2,32,195,62,56,90,1437,Cobble,SC1,NA,NA,NA,NA,Trimble,NA
290,2804548.38,1266525.66,7453.76,PITRCK,Deploy 2019,4/16/2019,Before,230000111593,2,Riffle 2,32,165,66,54,90,1192,Cobble,SC1,NA,NA,NA,NA,Trimble,NA
291,2804548.24,1266521.70,7453.82,PITRCK,Deploy 2019,4/16/2019,Before,230000111568,2,Riffle 2,32,133,87,49,90,784,Cobble,SC1,NA,NA,NA,NA,Trimble,NA
292,2804547.41,1266517.12,7453.93,PITRCK,Deploy 2019,4/16/2019,Before,228000607540,2,Riffle 2,23,100,67,46,64,506,Gravel,VCG2,NA,NA,NA,NA,Trimble,NA
293,2804547.34,1266511.57,7454.08,PITRCK,Deploy 2019,4/16/2019,Before,230000111745,2,Riffle 2,32,96,94,43,90,833,Cobble,SC1,NA,NA,NA,NA,Trimble,NA
294,2804546.69,1266506.74,7454,PITRCK,Deploy 2019,4/16/2019,Before,230000111622,2,Riffle 2,32,122,66,42,90,555,Cobble,SC1,NA,NA,NA,NA,Trimble,NA
295,2804546.98,1266501.89,7454.16,PITRCK,Deploy 2019,4/16/2019,Before,228000607569,2,Riffle 2,23,99,78,44,64,493,Gravel,VCG2,NA,NA,NA,NA,Trimble,NA
296,2804545.21,1266498.37,7454.18,PITRCK,Deploy 2019,4/16/2019,Before,228000607558,2,Riffle 2,23,88,73,38,64,444,Gravel,VCG2,NA,NA,NA,NA,Trimble,NA
297,2804544.94,1266493.46,7454.54,PITRCK,Deploy 2019,4/16/2019,Before,228000607504,2,Riffle 2,23,77,65,40,64,362,Gravel,VCG2,NA,NA,NA,NA,Trimble,NA
298,2804544.09,1266487.26,7454.83,PITRCK,Deploy 2019,4/16/2019,Before,228000607545,2,Riffle 2,23,71,65,55,64,387,Gravel,VCG2,NA,NA,NA,NA,Trimble,NA
299,2804542.74,1266482.34,7455.12,PITRCK,Deploy 2019,4/16/2019,Before,228000607527,2,Riffle 2,23,70,74,55,64,425,Gravel,VCG2,NA,NA,NA,NA,Trimble,NA
300,2802796.93,1266336.21,7447.81,PITRCK,Deploy 2019,4/16/2019,Before,228000607568,3,Riffle 3,23,91,69,40,64,384,Gravel,VCG2,NA,NA,NA,NA,Trimble,NA
301,2802799.55,1266330.65,7447.62,PITRCK,Deploy 2019,4/16/2019,Before,230000111687,3,Riffle 3,32,167,118,59,128,1363,Cobble,SC2,NA,NA,NA,NA,Trimble,NA
302,2802801.39,1266325.50,7447.59,PITRCK,Deploy 2019,4/16/2019,Before,230000111539,3,Riffle 3,32,153,112,75,128,1871,Cobble,SC2,NA,NA,NA,NA,Trimble,NA
303,2802803.69,1266320.87,7447.41,PITRCK,Deploy 2019,4/16/2019,Before,230000111628,3,Riffle 3,32,180,98,45,90,1341,Cobble,SC1,NA,NA,NA,NA,Trimble,NA
304,2802805.87,1266315.60,7447.34,PITRCK,Deploy 2019,4/16/2019,Before,230000111501,3,Riffle 3,32,148,110,100,128,2344,Cobble,SC2,NA,NA,NA,NA,Trimble,NA
305,2802809.27,1266311.62,7447.61,PITRCK,Deploy 2019,4/16/2019,Before,230000111616,3,Riffle 3,32,153,135,74,128,2113,Cobble,SC2,NA,NA,NA,NA,Trimble,NA
306,2802812.06,1266306.24,7447.35,PITRCK,Deploy 2019,4/16/2019,Before,228000607522,3,Riffle 3,23,136,61,33,64,516,Gravel,VCG2,NA,NA,NA,NA,Trimble,NA
307,2802813.65,1266302.34,7447.28,PITRCK,Deploy 2019,4/16/2019,Before,230000111524,3,Riffle 3,32,154,89,64,90,1292,Cobble,SC1,NA,NA,NA,NA,Trimble,NA
308,2802816.48,1266297.42,7447.36,PITRCK,Deploy 2019,4/16/2019,Before,230000111537,3,Riffle 3,32,158,99,67,128,1856,Cobble,SC2,NA,NA,NA,NA,Trimble,NA
309,2802819.11,1266292.71,7447.52,PITRCK,Deploy 2019,4/16/2019,Before,230000111552,3,Riffle 3,32,120,126,78,128,2224,Cobble,SC2,NA,NA,NA,NA,Trimble,NA
310,2802821.44,1266287.78,7447.77,PITRCK,Deploy 2019,4/16/2019,Before,230000111640,3,Riffle 3,32,336,221,183,256,18800,Cobble,LC2,NA,NA,NA,NA,Trimble,NA
311,2802825.37,1266282.79,7447.37,PITRCK,Deploy 2019,4/16/2019,Before,230000111591,3,Riffle 3,32,150,122,61,128,1204,Cobble,SC2,NA,NA,NA,NA,Trimble,NA
312,2802827.84,1266278.32,7447.46,PITRCK,Deploy 2019,4/16/2019,Before,230000111518,3,Riffle 3,32,129,102,56,90,1168,Cobble,SC1,NA,NA,NA,NA,Trimble,NA
313,2802830.17,1266274.22,7447.22,PITRCK,Deploy 2019,4/16/2019,Before,228000607525,3,Riffle 3,23,90,71,34,64,414,Gravel,VCG2,NA,NA,NA,NA,Trimble,NA
314,2802832.96,1266269.91,7447.25,PITRCK,Deploy 2019,4/16/2019,Before,230000111528,3,Riffle 3,32,116,93,67,90,1027,Cobble,SC1,NA,NA,NA,NA,Trimble,NA
315,2802835.90,1266264.64,7447.09,PITRCK,Deploy 2019,4/16/2019,Before,230000111571,3,Riffle 3,32,126,87,39,90,849,Cobble,SC1,NA,NA,NA,NA,Trimble,NA
316,2802838.86,1266259.75,7447.06,PITRCK,Deploy 2019,4/16/2019,Before,230000111662,3,Riffle 3,32,136,83,60,90,1117,Cobble,SC1,NA,NA,NA,NA,Trimble,NA
317,2802841.65,1266255.88,7447.01,PITRCK,Deploy 2019,4/16/2019,Before,228000607515,3,Riffle 3,23,61,57,54,64,362,Gravel,VCG2,NA,NA,NA,NA,Trimble,NA
318,2802844.05,1266251.41,7446.9,PITRCK,Deploy 2019,4/16/2019,Before,230000111688,3,Riffle 3,32,116,90,40,90,655,Cobble,SC1,NA,NA,NA,NA,Trimble,NA
319,2802846.42,1266247.87,7447.04,PITRCK,Deploy 2019,4/16/2019,Before,230000111579,3,Riffle 3,32,121,89,53,90,906,Cobble,SC1,NA,NA,NA,NA,Trimble,NA
320,2802848.50,1266243.93,7447.09,PITRCK,Deploy 2019,4/16/2019,Before,228000607556,3,Riffle 3,23,51,49,46,64,159,Gravel,VCG2,NA,NA,NA,NA,Trimble,NA
321,2802850.85,1266240.73,7447.06,PITRCK,Deploy 2019,4/16/2019,Before,230000111630,3,Riffle 3,32,115,98,59,90,1042,Cobble,SC1,NA,NA,NA,NA,Trimble,NA
322,2802853.27,1266236.48,7447.36,PITRCK,Deploy 2019,4/16/2019,Before,230000111509,3,Riffle 3,32,103,99,48,90,750,Cobble,SC1,NA,NA,NA,NA,Trimble,NA
323,2802855.99,1266232.90,7447.44,PITRCK,Deploy 2019,4/16/2019,Before,230000111609,3,Riffle 3,32,104,76,53,90,580,Cobble,SC1,NA,NA,NA,NA,Trimble,NA
324,2802859.71,1266227.48,7447.75,PITRCK,Deploy 2019,4/16/2019,Before,228000607562,3,Riffle 3,23,74,50,36,45,173,Gravel,VCG1,NA,NA,NA,NA,Trimble,NA
325,2802813.94,1266343.66,7447.62,PITRCK,Deploy 2019,4/16/2019,Before,228000607502,3,Riffle 3,23,118,54,52,64,615,Gravel,VCG2,NA,NA,NA,NA,Trimble,NA
326,2802817.04,1266339.05,7447.43,PITRCK,Deploy 2019,4/16/2019,Before,230000111743,3,Riffle 3,32,119,97,74,90,1151,Cobble,SC1,NA,NA,NA,NA,Trimble,NA
327,2802819.57,1266333.92,7447.46,PITRCK,Deploy 2019,4/16/2019,Before,230000111714,3,Riffle 3,32,152,118,46,128,1749,Cobble,SC2,NA,NA,NA,NA,Trimble,NA
328,2802821.81,1266328.55,7447.4,PITRCK,Deploy 2019,4/16/2019,Before,230000111744,3,Riffle 3,32,113,96,57,90,914,Cobble,SC1,NA,NA,NA,NA,Trimble,NA
329,2802823.28,1266324.45,7447.42,PITRCK,Deploy 2019,4/16/2019,Before,230000111702,3,Riffle 3,32,115,108,100,128,1144,Cobble,SC2,NA,NA,NA,NA,Trimble,NA
330,2802826.37,1266320.56,7447.58,PITRCK,Deploy 2019,4/16/2019,Before,230000111740,3,Riffle 3,32,145,94,62,90,1384,Cobble,SC1,NA,NA,NA,NA,Trimble,NA
331,2802828.97,1266314.93,7447.69,PITRCK,Deploy 2019,4/16/2019,Before,230000111500,3,Riffle 3,32,265,245,90,256,12100,Cobble,LC2,NA,NA,NA,NA,Trimble,NA
332,2802830.82,1266310.41,7447.45,PITRCK,Deploy 2019,4/16/2019,Before,228000607555,3,Riffle 3,23,73,52,40,64,263,Gravel,VCG2,NA,NA,NA,NA,Trimble,NA
333,2802832.56,1266306.07,7447.6,PITRCK,Deploy 2019,4/16/2019,Before,230000111659,3,Riffle 3,32,164,139,68,128,2411,Cobble,SC2,NA,NA,NA,NA,Trimble,NA
334,2802835.01,1266302.17,7447.6,PITRCK,Deploy 2019,4/16/2019,Before,230000111582,3,Riffle 3,32,115,113,51,90,1007,Cobble,SC1,NA,NA,NA,NA,Trimble,NA
335,2802836.63,1266297.61,7447.44,PITRCK,Deploy 2019,4/16/2019,Before,230000111559,3,Riffle 3,32,104,81,74,90,892,Cobble,SC1,NA,NA,NA,NA,Trimble,NA
336,2802838.99,1266292.88,7447.49,PITRCK,Deploy 2019,4/16/2019,Before,228000607510,3,Riffle 3,23,82,65,40,64,401,Gravel,VCG2,NA,NA,NA,NA,Trimble,NA
337,2802840.96,1266289.01,7447.58,PITRCK,Deploy 2019,4/16/2019,Before,230000111633,3,Riffle 3,32,123,109,74,128,1530,Cobble,SC2,NA,NA,NA,NA,Trimble,NA
338,2802843.09,1266284.95,7447.54,PITRCK,Deploy 2019,4/16/2019,Before,230000111692,3,Riffle 3,32,111,81,77,90,969,Cobble,SC1,NA,NA,NA,NA,Trimble,NA
339,2802845.93,1266280.63,7447.41,PITRCK,Deploy 2019,4/16/2019,Before,230000111724,3,Riffle 3,32,169,128,69,128,2436,Cobble,SC2,NA,NA,NA,NA,Trimble,NA
340,2802848.75,1266275.35,7447.55,PITRCK,Deploy 2019,4/16/2019,Before,230000111617,3,Riffle 3,32,327,250,89,256,9000,Cobble,LC2,NA,NA,NA,NA,Trimble,NA
341,2802851.27,1266270.86,7447.27,PITRCK,Deploy 2019,4/16/2019,Before,228000607551,3,Riffle 3,23,92,72,43,64,477,Gravel,VCG2,NA,NA,NA,NA,Trimble,NA
342,2802853.00,1266266.54,7447.16,PITRCK,Deploy 2019,4/16/2019,Before,230000111546,3,Riffle 3,32,135,108,38,128,1187,Cobble,SC2,NA,NA,NA,NA,Trimble,NA
343,2802855.44,1266262.19,7447.17,PITRCK,Deploy 2019,4/16/2019,Before,230000111635,3,Riffle 3,32,100,86,60,90,643,Cobble,SC1,NA,NA,NA,NA,Trimble,NA
344,2802857.58,1266257.49,7447.07,PITRCK,Deploy 2019,4/16/2019,Before,228000607523,3,Riffle 3,23,112,60,45,64,579,Gravel,VCG2,NA,NA,NA,NA,Trimble,NA
345,2802859.86,1266253.39,7447.11,PITRCK,Deploy 2019,4/16/2019,Before,230000111597,3,Riffle 3,32,130,76,70,90,1058,Cobble,SC1,NA,NA,NA,NA,Trimble,NA
346,2802861.36,1266248.62,7446.99,PITRCK,Deploy 2019,4/16/2019,Before,230000111600,3,Riffle 3,32,107,90,49,90,709,Cobble,SC1,NA,NA,NA,NA,Trimble,NA
347,2802864.09,1266244.27,7447.25,PITRCK,Deploy 2019,4/16/2019,Before,230000111543,3,Riffle 3,32,109,88,33,90,649,Cobble,SC1,NA,NA,NA,NA,Trimble,NA
348,2802866.51,1266239.67,7447.48,PITRCK,Deploy 2019,4/16/2019,Before,230000111663,3,Riffle 3,32,96,77,43,90,526,Cobble,SC1,NA,NA,NA,NA,Trimble,NA
349,2802869.82,1266234.66,7447.65,PITRCK,Deploy 2019,4/16/2019,Before,230000111722,3,Riffle 3,32,81,59,42,64,385,Gravel,VCG2,NA,NA,NA,NA,Trimble,NA
350,2802850.55,1266359.32,7447.67,PITRCK,Deploy 2019,4/16/2019,Before,228000607536,3,Riffle 3,23,70,68,51,64,373,Gravel,VCG2,NA,NA,NA,NA,Trimble,NA
351,2802852.99,1266354.96,7447.66,PITRCK,Deploy 2019,4/16/2019,Before,230000111637,3,Riffle 3,32,168,104,67,128,1687,Cobble,SC2,NA,NA,NA,NA,Trimble,NA
352,2802854.50,1266351.01,7447.52,PITRCK,Deploy 2019,4/16/2019,Before,230000111514,3,Riffle 3,32,107,96,62,90,894,Cobble,SC1,NA,NA,NA,NA,Trimble,NA
353,2802857.12,1266346.56,7447.32,PITRCK,Deploy 2019,4/16/2019,Before,230000111573,3,Riffle 3,32,137,93,55,90,1165,Cobble,SC1,NA,NA,NA,NA,Trimble,NA
354,2802858.75,1266342.88,7447.61,PITRCK,Deploy 2019,4/16/2019,Before,230000111749,3,Riffle 3,32,157,125,80,128,1961,Cobble,SC2,NA,NA,NA,NA,Trimble,NA
355,2802861.02,1266338.39,7447.34,PITRCK,Deploy 2019,4/16/2019,Before,230000111520,3,Riffle 3,32,134,95,42,90,1088,Cobble,SC1,NA,NA,NA,NA,Trimble,NA
356,2802863.40,1266333.85,7447.39,PITRCK,Deploy 2019,4/16/2019,Before,228000607500,3,Riffle 3,23,102,64,55,64,373,Gravel,VCG2,NA,NA,NA,NA,Trimble,NA
357,2802865.25,1266328.52,7447.5,PITRCK,Deploy 2019,4/16/2019,Before,230000111625,3,Riffle 3,32,118,106,77,128,1218,Cobble,SC2,NA,NA,NA,NA,Trimble,NA
358,2802866.70,1266322.48,7448.02,PITRCK,Deploy 2019,4/16/2019,Before,230000111557,3,Riffle 3,32,330,277,129,>256,17300,Boulder,SB1,NA,NA,NA,NA,Trimble,NA
359,2802869.60,1266317.01,7447.61,PITRCK,Deploy 2019,4/16/2019,Before,230000111580,3,Riffle 3,32,115,103,61,90,1055,Cobble,SC1,NA,NA,NA,NA,Trimble,NA
360,2802871.56,1266312.46,7447.52,PITRCK,Deploy 2019,4/16/2019,Before,228000607559,3,Riffle 3,23,63,54,45,64,235,Gravel,VCG2,NA,NA,NA,NA,Trimble,NA
361,2802873.38,1266308.03,7447.72,PITRCK,Deploy 2019,4/16/2019,Before,230000111748,3,Riffle 3,32,154,99,80,128,1669,Cobble,SC2,NA,NA,NA,NA,Trimble,NA
362,2802876.28,1266301.84,7447.73,PITRCK,Deploy 2019,4/16/2019,Before,230000111647,3,Riffle 3,32,170,140,55,128,2193,Cobble,SC2,NA,NA,NA,NA,Trimble,NA
363,2802877.97,1266297.13,7447.58,PITRCK,Deploy 2019,4/16/2019,Before,230000111706,3,Riffle 3,32,120,105,62,128,1063,Cobble,SC2,NA,NA,NA,NA,Trimble,NA
364,2802880.13,1266292.43,7447.53,PITRCK,Deploy 2019,4/16/2019,Before,230000111561,3,Riffle 3,32,125,98,59,90,1054,Cobble,SC1,NA,NA,NA,NA,Trimble,NA
365,2802881.64,1266288.26,7447.38,PITRCK,Deploy 2019,4/16/2019,Before,228000607566,3,Riffle 3,23,79,41,35,45,159,Gravel,VCG1,NA,NA,NA,NA,Trimble,NA
366,2802883.42,1266284.41,7447.59,PITRCK,Deploy 2019,4/16/2019,Before,230000111721,3,Riffle 3,32,187,97,51,90,1395,Cobble,SC1,NA,NA,NA,NA,Trimble,NA
367,2802885.56,1266280.04,7447.68,PITRCK,Deploy 2019,4/16/2019,Before,230000111710,3,Riffle 3,32,107,85,63,90,830,Cobble,SC1,NA,NA,NA,NA,Trimble,NA
368,2802887.64,1266276.07,7447.72,PITRCK,Deploy 2019,4/16/2019,Before,230000111626,3,Riffle 3,32,105,101,55,90,874,Cobble,SC1,NA,NA,NA,NA,Trimble,NA
369,2802889.27,1266272.26,7447.48,PITRCK,Deploy 2019,4/16/2019,Before,228000607519,3,Riffle 3,23,81,64,41,64,437,Gravel,VCG2,NA,NA,NA,NA,Trimble,NA
370,2802891.04,1266268.82,7447.47,PITRCK,Deploy 2019,4/16/2019,Before,230000111533,3,Riffle 3,32,98,93,48,90,686,Cobble,SC1,NA,NA,NA,NA,Trimble,NA
371,2802893.33,1266264.49,7447.59,PITRCK,Deploy 2019,4/16/2019,Before,230000111611,3,Riffle 3,32,105,76,43,90,548,Cobble,SC1,NA,NA,NA,NA,Trimble,NA
372,2802895.16,1266260.09,7447.67,PITRCK,Deploy 2019,4/16/2019,Before,230000111661,3,Riffle 3,32,141,67,45,90,711,Cobble,SC1,NA,NA,NA,NA,Trimble,NA
373,2802897.66,1266255.12,7447.51,PITRCK,Deploy 2019,4/16/2019,Before,228000607575,3,Riffle 3,23,105,71,43,64,522,Gravel,VCG2,NA,NA,NA,NA,Trimble,NA
374,2802898.69,1266250.28,7448.1,PITRCK,Deploy 2019,4/16/2019,Before,230000111563,3,Riffle 3,32,114,62,54,90,634,Cobble,SC1,NA,NA,NA,NA,Trimble,NA
375,2802864.53,1266374.96,7448.14,PITRCK,Deploy 2019,4/16/2019,Before,230000111542,3,Riffle 3,32,102,71,69,90,796,Cobble,SC1,NA,NA,NA,NA,Trimble,NA
376,2802867.15,1266370.30,7447.72,PITRCK,Deploy 2019,4/16/2019,Before,228000607574,3,Riffle 3,23,62,43,32,64,140,Gravel,VCG2,NA,NA,NA,NA,Trimble,NA
377,2802869.83,1266365.79,7447.91,PITRCK,Deploy 2019,4/16/2019,Before,230000111699,3,Riffle 3,32,185,124,79,128,3653,Cobble,SC2,NA,NA,NA,NA,Trimble,NA
378,2802871.42,1266361.09,7447.83,PITRCK,Deploy 2019,4/16/2019,Before,230000111612,3,Riffle 3,32,135,99,82,128,1821,Cobble,SC2,NA,NA,NA,NA,Trimble,NA
379,2802872.50,1266355.70,7447.76,PITRCK,Deploy 2019,4/16/2019,Before,230000111532,3,Riffle 3,32,134,126,67,128,1534,Cobble,SC2,NA,NA,NA,NA,Trimble,NA
380,2802873.48,1266351.04,7447.62,PITRCK,Deploy 2019,4/16/2019,Before,230000111680,3,Riffle 3,32,131,112,71,128,1468,Cobble,SC2,NA,NA,NA,NA,Trimble,NA
381,2802875.63,1266346.64,7448.01,PITRCK,Deploy 2019,4/16/2019,Before,230000111554,3,Riffle 3,32,375,265,193,>256,22700,Boulder,SB1,NA,NA,NA,NA,Trimble,NA
382,2802877.36,1266341.14,7447.6,PITRCK,Deploy 2019,4/16/2019,Before,230000111701,3,Riffle 3,32,144,135,89,128,2792,Cobble,SC2,NA,NA,NA,NA,Trimble,NA
383,2802878.86,1266336.63,7447.45,PITRCK,Deploy 2019,4/16/2019,Before,228000607542,3,Riffle 3,23,119,64,45,64,469,Gravel,VCG2,NA,NA,NA,NA,Trimble,NA
384,2802881.63,1266331.45,7447.85,PITRCK,Deploy 2019,4/16/2019,Before,230000111531,3,Riffle 3,32,123,113,67,128,1519,Cobble,SC2,NA,NA,NA,NA,Trimble,NA
385,2802884.25,1266326.49,7447.71,PITRCK,Deploy 2019,4/16/2019,Before,230000111608,3,Riffle 3,32,160,123,71,128,2236,Cobble,SC2,NA,NA,NA,NA,Trimble,NA
386,2802886.80,1266322.08,7447.98,PITRCK,Deploy 2019,4/16/2019,Before,230000111513,3,Riffle 3,32,148,93,75,90,1599,Cobble,SC1,NA,NA,NA,NA,Trimble,NA
387,2802888.74,1266317.82,7447.61,PITRCK,Deploy 2019,4/16/2019,Before,230000111589,3,Riffle 3,32,125,113,95,128,2284,Cobble,SC2,NA,NA,NA,NA,Trimble,NA
388,2802891.35,1266313.28,7447.7,PITRCK,Deploy 2019,4/16/2019,Before,228000607553,3,Riffle 3,23,76,59,50,64,435,Gravel,VCG2,NA,NA,NA,NA,Trimble,NA
389,2802893.16,1266309.52,7447.91,PITRCK,Deploy 2019,4/16/2019,Before,230000111519,3,Riffle 3,32,151,141,52,128,1937,Cobble,SC2,NA,NA,NA,NA,Trimble,NA
390,2802895.35,1266304.40,7447.87,PITRCK,Deploy 2019,4/16/2019,Before,230000111529,3,Riffle 3,32,248,168,104,180,5200,Cobble,LC1,NA,NA,NA,NA,Trimble,NA
391,2802898.57,1266298.98,7448.18,PITRCK,Deploy 2019,4/16/2019,Before,230000111565,3,Riffle 3,32,311,241,149,256,13100,Cobble,LC2,NA,NA,NA,NA,Trimble,NA
392,2802901.14,1266293.51,7447.81,PITRCK,Deploy 2019,4/16/2019,Before,228000607501,3,Riffle 3,23,78,52,34,64,212,Gravel,VCG2,NA,NA,NA,NA,Trimble,NA
393,2802903.50,1266288.80,7447.94,PITRCK,Deploy 2019,4/16/2019,Before,230000111691,3,Riffle 3,32,145,105,63,128,1716,Cobble,SC2,NA,NA,NA,NA,Trimble,NA
394,2802906.74,1266283.97,7447.76,PITRCK,Deploy 2019,4/16/2019,Before,230000111613,3,Riffle 3,32,136,112,43,90,1002,Cobble,SC1,NA,NA,NA,NA,Trimble,NA
395,2802908.96,1266278.58,7447.61,PITRCK,Deploy 2019,4/16/2019,Before,230000111505,3,Riffle 3,32,117,77,71,90,941,Cobble,SC1,NA,NA,NA,NA,Trimble,NA
396,2802911.84,1266273.91,7447.85,PITRCK,Deploy 2019,4/16/2019,Before,230000111511,3,Riffle 3,32,106,93,80,90,1175,Cobble,SC1,NA,NA,NA,NA,Trimble,NA
397,2802914.23,1266269.49,7447.68,PITRCK,Deploy 2019,4/16/2019,Before,230000111610,3,Riffle 3,32,130,85,56,90,936,Cobble,SC1,NA,NA,NA,NA,Trimble,NA
398,2802917.42,1266263.09,7448.11,PITRCK,Deploy 2019,4/16/2019,Before,230000111569,3,Riffle 3,32,94,71,67,90,638,Cobble,SC1,NA,NA,NA,NA,Trimble,NA
399,2802920.33,1266257.63,7448.03,PITRCK,Deploy 2019,4/16/2019,Before,228000607518,3,Riffle 3,23,86,66,38,64,NA,Gravel,VCG2,NA,NA,NA,NA,Trimble,NA
400,2806338.34,1266549.06,7459.52,PITRCK,Relocate 2019,9/17/2019,Before,230000111558,1,Riffle 1,32,145,118,52,128,1424,Cobble,SC2,0,0,0,0,Trimble,NA
401,2806337.88,1266558.05,7458.87,PITRCK,Relocate 2019,9/17/2019,Before,230000111677,1,Riffle 1,32,90,78,69,90,608,Cobble,SC1,0,0,0,0,Trimble,NA
402,2806338.05,1266564.81,7459.05,PITRCK,Relocate 2019,9/17/2019,Before,230000111624,1,Riffle 1,32,157,152,82,180,2584,Cobble,LC1,0,0,0,0,Trimble,NA
403,2806337.08,1266571.83,7459.04,PITRCK,Relocate 2019,9/17/2019,Before,228000607573,1,Riffle 1,23,102,61,48,64,550,Gravel,VCG2,0,0,0,0,Trimble,NA
404,2806336.24,1266579.77,7459.58,PITRCK,Relocate 2019,9/17/2019,Before,230000111731,1,Riffle 1,32,145,98,56,128,1335,Cobble,SC2,0,0,0,0,Trimble,NA
405,2806334.77,1266585.19,7459.55,PITRCK,Relocate 2019,9/17/2019,Before,230000111736,1,Riffle 1,32,155,109,66,128,1789,Cobble,SC2,0,0,0,0,Trimble,NA
406,2806326.14,1266592.08,7459.28,PITRCK,Relocate 2019,9/17/2019,Before,230000111684,1,Riffle 1,32,198,117,64,128,2248,Cobble,SC2,1,0,0,0,Trimble,NA
407,2806332.62,1266599.27,7459.46,PITRCK,Relocate 2019,9/17/2019,Before,230000111541,1,Riffle 1,32,356,290,138,>256,14100,Boulder,SB1,0,0,0,0,Trimble,NA
408,2806323.07,1266602.59,7459.24,PITRCK,Relocate 2019,9/17/2019,Before,228000607534,1,Riffle 1,23,70,63,55,64,654,Gravel,VCG2,1,0,0,0,Trimble,NA
409,2806333.37,1266613.97,7459.08,PITRCK,Relocate 2019,9/17/2019,Before,228000607505,1,Riffle 1,23,94,61,41,64,336,Gravel,VCG2,0,0,0,0,Trimble,NA
410,2806330.91,1266617.72,7459.01,PITRCK,Relocate 2019,9/17/2019,Before,230000111683,1,Riffle 1,32,132,90,80,128,1427,Cobble,SC2,1,0,0,0,Trimble,NA
411,2806334.26,1266624.38,7459.21,PITRCK,Relocate 2019,9/17/2019,Before,230000111737,1,Riffle 1,32,169,138,82,128,2929,Cobble,SC2,0,0,0,0,Trimble,NA
412,2806334.60,1266629.76,7458.81,PITRCK,Relocate 2019,9/17/2019,Before,230000111641,1,Riffle 1,32,124,104,56,90,1093,Cobble,SC1,0,0,0,0,Trimble,NA
413,2806333.71,1266635.53,7458.73,PITRCK,Relocate 2019,9/17/2019,Before,228000607513,1,Riffle 1,23,91,60,38,64,273,Gravel,VCG2,0,0,0,0,Trimble,NA
414,2806334.37,1266640.69,7459.05,PITRCK,Relocate 2019,9/17/2019,Before,230000111644,1,Riffle 1,32,135,93,72,90,1442,Cobble,SC1,0,0,0,0,Trimble,NA
415,2806331.49,1266645.07,7458.87,PITRCK,Relocate 2019,9/17/2019,Before,230000111632,1,Riffle 1,32,124,96,53,90,802,Cobble,SC1,1,0,0,0,Trimble,NA
416,2806335.34,1266650.10,7459.05,PITRCK,Relocate 2019,9/17/2019,Before,230000111695,1,Riffle 1,32,120,97,77,90,1034,Cobble,SC1,0,0,0,0,Trimble,NA
417,2806335.17,1266655.88,7459.15,PITRCK,Relocate 2019,9/17/2019,Before,228000607532,1,Riffle 1,23,90,55,42,64,446,Gravel,VCG2,0,1,0,0,Trimble,NA
418,2806334.56,1266661.12,7459.12,PITRCK,Relocate 2019,9/17/2019,Before,230000111631,1,Riffle 1,32,97,56,50,64,363,Gravel,VCG2,0,1,0,0,Trimble,NA
419,2806335.46,1266668.51,7459.21,PITRCK,Relocate 2019,9/17/2019,Before,230000111689,1,Riffle 1,32,141,84,37,90,888,Cobble,SC1,0,0,0,0,Trimble,NA
420,2806318.25,1266549.79,7459.24,PITRCK,Relocate 2019,9/17/2019,Before,228000607533,1,Riffle 1,23,89,65,52,64,400,Gravel,VCG2,0,0,0,0,Trimble,NA
421,2806317.57,1266555.68,7459.01,PITRCK,Relocate 2019,9/17/2019,Before,230000111712,1,Riffle 1,32,176,113,74,128,2062,Cobble,SC2,0,0,0,0,Trimble,NA
422,2806316.95,1266563.25,7458.96,PITRCK,Relocate 2019,9/17/2019,Before,230000111534,1,Riffle 1,32,157,135,130,180,3638,Cobble,LC1,0,0,0,0,Trimble,NA
423,2806316.31,1266570.37,7458.88,PITRCK,Relocate 2019,9/17/2019,Before,228000607520,1,Riffle 1,23,90,64,52,64,543,Gravel,VCG2,0,0,0,0,Trimble,NA
424,2806315.95,1266574.93,7459.29,PITRCK,Relocate 2019,9/17/2019,Before,230000111598,1,Riffle 1,32,142,104,54,128,1046,Cobble,SC2,0,0,0,0,Trimble,NA
425,2806316.03,1266580.01,7459.39,PITRCK,Relocate 2019,9/17/2019,Before,230000111741,1,Riffle 1,32,148,100,84,128,1958,Cobble,SC2,0,0,0,0,Trimble,NA
426,2806313.38,1266585.83,7459.31,PITRCK,Relocate 2019,9/17/2019,Before,228000607546,1,Riffle 1,23,97,71,35,64,338,Gravel,VCG2,0,0,0,0,Trimble,NA
427,2806314.10,1266591.66,7459.41,PITRCK,Relocate 2019,9/17/2019,Before,230000111523,1,Riffle 1,32,150,109,78,128,1992,Cobble,SC2,0,0,0,0,Trimble,NA
428,2806313.80,1266598.36,7459.16,PITRCK,Relocate 2019,9/17/2019,Before,230000111698,1,Riffle 1,32,89,82,70,90,771,Cobble,SC1,0,0,0,0,Trimble,NA
429,2806313.44,1266601.58,7459.17,PITRCK,Relocate 2019,9/17/2019,Before,230000111643,1,Riffle 1,32,184,125,58,128,2352,Cobble,SC2,0,0,0,0,Trimble,NA
430,2806313.39,1266606.97,7458.86,PITRCK,Relocate 2019,9/17/2019,Before,228000607537,1,Riffle 1,23,95,61,35,64,458,Gravel,VCG2,0,0,0,0,Trimble,NA
431,2806311.56,1266612.24,7459.05,PITRCK,Relocate 2019,9/17/2019,Before,230000111734,1,Riffle 1,32,120,104,64,128,1233,Cobble,SC2,1,0,0,0,Trimble,NA
432,2806312.24,1266617.13,7458.92,PITRCK,Relocate 2019,9/17/2019,Before,230000111651,1,Riffle 1,32,117,111,49,90,767,Cobble,SC1,0,0,0,0,Trimble,NA
433,2806311.03,1266623.53,7459.22,PITRCK,Relocate 2019,9/17/2019,Before,230000111733,1,Riffle 1,32,303,265,148,>256,15900,Boulder,SB1,0,0,0,0,Trimble,NA
434,2806310.04,1266629.30,7458.92,PITRCK,Relocate 2019,9/17/2019,Before,230000111679,1,Riffle 1,32,141,105,79,128,1381,Cobble,SC2,0,0,0,0,Trimble,NA
435,2806310.50,1266635.37,7458.82,PITRCK,Relocate 2019,9/17/2019,Before,230000111623,1,Riffle 1,32,136,109,36,90,858,Cobble,SC1,0,0,0,0,Trimble,NA
436,2806309.04,1266639.91,7458.93,PITRCK,Relocate 2019,9/17/2019,Before,230000111615,1,Riffle 1,32,134,115,42,128,986,Cobble,SC2,0,0,0,0,Trimble,NA
437,2806309.69,1266647.19,7458.85,PITRCK,Relocate 2019,9/17/2019,Before,230000111544,1,Riffle 1,32,86,73,51,90,518,Cobble,SC1,0,0,0,0,Trimble,NA
438,2806308.61,1266656.36,7459.18,PITRCK,Relocate 2019,9/17/2019,Before,230000111550,1,Riffle 1,32,107,91,42,90,571,Cobble,SC1,0,0,0,0,Trimble,NA
439,2806299.48,1266549.85,7459.03,PITRCK,Relocate 2019,9/17/2019,Before,228000607541,1,Riffle 1,23,91,64,40,64,398,Gravel,VCG2,0,1,0,0,Trimble,NA
440,2806298.77,1266555.75,7458.55,PITRCK,Relocate 2019,9/17/2019,Before,230000111517,1,Riffle 1,32,142,136,46,128,1173,Cobble,SC2,0,0,0,0,Trimble,NA
441,2806292.57,1266557.98,7458.46,PITRCK,Relocate 2019,9/17/2019,Before,230000111708,1,Riffle 1,32,181,124,84,128,2277,Cobble,SC2,1,0,0,0,Trimble,NA
442,2806296.99,1266565.11,7458.7,PITRCK,Relocate 2019,9/17/2019,Before,228000607524,1,Riffle 1,23,86,68,54,64,562,Gravel,VCG2,0,0,0,0,Trimble,NA
443,2806296.17,1266570.22,7458.91,PITRCK,Relocate 2019,9/17/2019,Before,230000111668,1,Riffle 1,32,177,112,67,128,1929,Cobble,SC2,0,0,0,0,Trimble,NA
444,2806295.01,1266576.26,7459.32,PITRCK,Relocate 2019,9/17/2019,Before,230000111510,1,Riffle 1,32,460,230,125,256,17100,Cobble,LC2,0,0,0,0,Trimble,NA
445,2806294.55,1266584.05,7459.1,PITRCK,Relocate 2019,9/17/2019,Before,228000607516,1,Riffle 1,23,81,63,55,64,514,Gravel,VCG2,0,0,0,0,Trimble,NA
446,2806287.90,1266588.01,7458.89,PITRCK,Relocate 2019,9/17/2019,Before,230000111595,1,Riffle 1,32,158,98,49,90,939,Cobble,SC1,1,0,0,0,Trimble,NA
447,2806293.03,1266596.03,7458.96,PITRCK,Relocate 2019,9/17/2019,Before,230000111676,1,Riffle 1,32,145,84,71,90,1337,Cobble,SC1,0,0,0,0,Trimble,NA
448,2806292.48,1266601.58,7459.11,PITRCK,Relocate 2019,9/17/2019,Before,230000111735,1,Riffle 1,32,141,117,56,128,1706,Cobble,SC2,0,0,0,0,Trimble,NA
449,2806284.09,1266606.70,7458.83,PITRCK,Relocate 2019,9/17/2019,Before,230000111686,1,Riffle 1,32,110,78,34,90,601,Cobble,SC1,1,0,0,0,Trimble,NA
450,2806291.11,1266613.23,7458.76,PITRCK,Relocate 2019,9/17/2019,Before,228000607509,1,Riffle 1,23,106,64,36,64,440,Gravel,VCG2,0,0,0,0,Trimble,NA
451,2806290.09,1266617.59,7458.77,PITRCK,Relocate 2019,9/17/2019,Before,230000111728,1,Riffle 1,32,165,123,75,180,2327,Cobble,LC1,0,0,0,0,Trimble,NA
452,2806289.95,1266624.25,7458.87,PITRCK,Relocate 2019,9/17/2019,Before,230000111594,1,Riffle 1,32,135,67,55,90,911,Cobble,SC1,0,0,0,0,Trimble,NA
453,2806290.82,1266630.38,7458.76,PITRCK,Relocate 2019,9/17/2019,Before,230000111566,1,Riffle 1,32,134,115,43,128,1003,Cobble,SC2,0,0,0,0,Trimble,NA
454,2806290.64,1266637.22,7458.92,PITRCK,Relocate 2019,9/17/2019,Before,230000111507,1,Riffle 1,32,331,236,143,256,11400,Cobble,LC2,0,0,0,0,Trimble,NA
455,2806288.44,1266642.51,7458.88,PITRCK,Relocate 2019,9/17/2019,Before,230000111717,1,Riffle 1,32,135,93,59,90,1398,Cobble,SC1,1,0,0,0,Trimble,NA
456,2806290.23,1266647.92,7458.94,PITRCK,Relocate 2019,9/17/2019,Before,230000111560,1,Riffle 1,32,91,75,50,64,337,Gravel,VCG2,0,0,0,0,Trimble,NA
457,2806289.71,1266652.07,7459.06,PITRCK,Relocate 2019,9/17/2019,Before,230000111720,1,Riffle 1,32,119,100,43,90,741,Cobble,SC1,0,0,0,0,Trimble,NA
458,2806289.60,1266659.32,7459.1,PITRCK,Relocate 2019,9/17/2019,Before,230000111527,1,Riffle 1,32,139,76,75,90,1153,Cobble,SC1,0,0,0,0,Trimble,NA
459,2806308.63,1266664.78,7459.4,PITRCK,Relocate 2019,9/17/2019,Before,230000111575,1,Riffle 1,32,135,96,53,90,1034,Cobble,SC1,0,0,0,0,Trimble,NA
460,2806259.37,1266536.73,7458.79,PITRCK,Relocate 2019,9/17/2019,Before,228000607549,1,Riffle 1,23,72,50,38,64,185,Gravel,VCG2,0,0,0,0,Trimble,NA
461,2806258.02,1266541.53,7458.62,PITRCK,Relocate 2019,9/17/2019,Before,230000111556,1,Riffle 1,32,116,113,59,128,1187,Cobble,SC2,0,0,0,0,Trimble,NA
462,2806257.79,1266547.56,7458.71,PITRCK,Relocate 2019,9/17/2019,Before,230000111570,1,Riffle 1,32,218,94,50,128,2142,Cobble,SC2,0,0,0,0,Trimble,NA
463,2806253.10,1266553.00,7458.3,PITRCK,Relocate 2019,9/17/2019,Before,228000607577,1,Riffle 1,23,94,66,23,64,361,Gravel,VCG2,0,0,0,0,Trimble,NA
464,2806254.48,1266557.90,7458.46,PITRCK,Relocate 2019,9/17/2019,Before,230000111636,1,Riffle 1,32,141,97,83,128,2024,Cobble,SC2,0,0,0,0,Trimble,NA
465,2806254.16,1266563.07,7458.3,PITRCK,Relocate 2019,9/17/2019,Before,230000111716,1,Riffle 1,32,129,116,60,128,1338,Cobble,SC2,0,0,0,0,Trimble,NA
466,2806252.75,1266568.40,7458.39,PITRCK,Relocate 2019,9/17/2019,Before,230000111592,1,Riffle 1,32,213,113,49,128,2412,Cobble,SC2,0,0,0,0,Trimble,NA
467,2806247.70,1266573.45,7458.41,PITRCK,Relocate 2019,9/17/2019,Before,228000607565,1,Riffle 1,23,94,58,56,64,433,Gravel,VCG2,0,0,0,0,Trimble,NA
468,2806251.53,1266580.03,7458.63,PITRCK,Relocate 2019,9/17/2019,Before,230000111551,1,Riffle 1,32,189,103,71,128,1963,Cobble,SC2,0,0,0,0,Trimble,NA
469,2806250.78,1266586.58,7458.47,PITRCK,Relocate 2019,9/17/2019,Before,230000111525,1,Riffle 1,32,104,86,46,90,837,Cobble,SC1,0,0,0,0,Trimble,NA
470,2806248.22,1266592.43,7458.82,PITRCK,Relocate 2019,9/17/2019,Before,230000111578,1,Riffle 1,32,374,275,144,>256,19700,Boulder,SB1,1,0,0,0,Trimble,NA
471,2806240.44,1266597.04,7458.23,PITRCK,Relocate 2019,9/17/2019,Before,230000111555,1,Riffle 1,32,109,71,69,90,826,Cobble,SC1,1,0,0,0,Trimble,NA
472,2806248.34,1266603.90,7458.38,PITRCK,Relocate 2019,9/17/2019,Before,230000111746,1,Riffle 1,32,111,68,59,90,775,Cobble,SC1,0,0,0,0,Trimble,NA
473,2806247.96,1266607.03,7458.45,PITRCK,Relocate 2019,9/17/2019,Before,230000111707,1,Riffle 1,32,151,98,58,90,1186,Cobble,SC1,0,0,0,0,Trimble,NA
474,2806248.01,1266612.68,7458.46,PITRCK,Relocate 2019,9/17/2019,Before,230000111577,1,Riffle 1,32,102,78,45,90,546,Cobble,SC1,0,0,0,0,Trimble,NA
475,2806245.51,1266617.83,7458.5,PITRCK,Relocate 2019,9/17/2019,Before,230000111607,1,Riffle 1,32,113,100,63,90,1093,Cobble,SC1,1,0,0,0,Trimble,NA
476,2806248.19,1266623.24,7458.3,PITRCK,Relocate 2019,9/17/2019,Before,230000111567,1,Riffle 1,32,128,104,33,90,645,Cobble,SC1,0,0,0,0,Trimble,NA
477,2806247.88,1266629.00,7457.76,PITRCK,Relocate 2019,9/17/2019,Before,228000607560,1,Riffle 1,23,82,64,37,64,407,Gravel,VCG2,0,1,0,0,Trimble,NA
478,2806246.63,1266634.17,7457.86,PITRCK,Relocate 2019,9/17/2019,Before,230000111648,1,Riffle 1,32,101,88,34,90,508,Cobble,SC1,0,0,0,0,Trimble,NA
479,2806245.68,1266641.93,7458.96,PITRCK,Relocate 2019,9/17/2019,Before,228000607517,1,Riffle 1,23,68,56,43,64,241,Gravel,VCG2,0,0,0,0,Trimble,NA
480,2806238.49,1266531.62,7458.67,PITRCK,Relocate 2019,9/17/2019,Before,230000111581,1,Riffle 1,32,113,101,43,90,755,Cobble,SC1,0,0,0,0,Trimble,NA
481,2806237.14,1266539.65,7458.38,PITRCK,Relocate 2019,9/17/2019,Before,228000607507,1,Riffle 1,23,65,45,42,64,197,Gravel,VCG2,0,0,0,0,Trimble,NA
482,2806236.67,1266544.89,7458.51,PITRCK,Relocate 2019,9/17/2019,Before,230000111693,1,Riffle 1,32,154,92,58,90,1342,Cobble,SC1,0,0,0,0,Trimble,NA
483,2806235.72,1266550.84,7458.37,PITRCK,Relocate 2019,9/17/2019,Before,230000111535,1,Riffle 1,32,168,101,97,128,1715,Cobble,SC2,0,0,0,0,Trimble,NA
484,2806234.21,1266554.66,7458.31,PITRCK,Relocate 2019,9/17/2019,Before,230000111562,1,Riffle 1,32,197,169,68,180,3575,Cobble,LC1,0,0,0,0,Trimble,NA
485,2806233.10,1266559.94,7458.13,PITRCK,Relocate 2019,9/17/2019,Before,228000607552,1,Riffle 1,23,75,64,54,64,543,Gravel,VCG2,0,0,0,0,Trimble,NA
486,2806227.93,1266562.01,7458.18,PITRCK,Relocate 2019,9/17/2019,Before,230000111700,1,Riffle 1,32,131,82,56,90,709,Cobble,SC1,1,0,0,0,Trimble,NA
487,2806231.91,1266569.97,7458.3,PITRCK,Relocate 2019,9/17/2019,Before,230000111521,1,Riffle 1,32,203,83,83,90,2179,Cobble,SC1,1,0,0,0,Trimble,NA
488,2806220.67,1266572.81,7458.35,PITRCK,Relocate 2019,9/17/2019,Before,230000111516,1,Riffle 1,32,126,96,79,128,1425,Cobble,SC2,1,0,0,0,Trimble,NA
489,2806230.53,1266579.06,7458.1,PITRCK,Relocate 2019,9/17/2019,Before,228000607535,1,Riffle 1,23,74,54,36,64,254,Gravel,VCG2,0,0,0,0,Trimble,NA
490,2806228.77,1266582.28,7458.21,PITRCK,Relocate 2019,9/17/2019,Before,230000111545,1,Riffle 1,32,121,71,58,90,829,Cobble,SC1,1,0,0,0,Trimble,NA
491,2806223.50,1266587.23,7457.99,PITRCK,Relocate 2019,9/17/2019,Before,230000111540,1,Riffle 1,32,119,82,59,90,734,Cobble,SC1,1,0,0,0,Trimble,NA
492,2806229.50,1266593.34,7458.13,PITRCK,Relocate 2019,9/17/2019,Before,230000111506,1,Riffle 1,32,110,108,41,128,941,Cobble,SC2,0,0,0,0,Trimble,NA
493,2806224.19,1266598.10,7458.08,PITRCK,Relocate 2019,9/17/2019,Before,230000111667,1,Riffle 1,32,153,114,52,128,1347,Cobble,SC2,1,0,0,0,Trimble,NA
494,2806226.28,1266606.42,7458.59,PITRCK,Relocate 2019,9/17/2019,Before,230000111614,1,Riffle 1,32,306,205,256,256,18900,Cobble,LC2,0,0,0,0,Trimble,NA
495,2806225.00,1266612.09,7458.15,PITRCK,Relocate 2019,9/17/2019,Before,230000111549,1,Riffle 1,32,82,76,75,90,643,Cobble,SC1,0,0,0,0,Trimble,NA
496,2806222.25,1266613.87,7457.97,PITRCK,Relocate 2019,9/17/2019,Before,230000111596,1,Riffle 1,32,86,73,64,90,548,Cobble,SC1,1,0,0,0,Trimble,NA
497,2806223.12,1266619.96,7458.12,PITRCK,Relocate 2019,9/17/2019,Before,230000111503,1,Riffle 1,32,156,92,43,90,895,Cobble,SC1,0,0,0,0,Trimble,NA
498,2806222.91,1266626.52,7458.38,PITRCK,Relocate 2019,9/17/2019,Before,230000111548,1,Riffle 1,32,90,76,52,90,530,Cobble,SC1,0,0,0,0,Trimble,NA
499,2806215.56,1266628.11,7458.45,PITRCK,Relocate 2019,9/17/2019,Before,228000607571,1,Riffle 1,23,127,71,31,64,415,Gravel,VCG2,1,0,0,0,Trimble,NA
500,2804503.25,1266619.22,7453.89,PITRCK,Relocate 2019,9/18/2019,Before,230000111682,2,Riffle 2,32,110,97,52,90,812,Cobble,SC1,0,0,0,0,Trimble,NA
501,2804502.00,1266612.88,7453.58,PITRCK,Relocate 2019,9/18/2019,Before,228000607570,2,Riffle 2,23,75,63,48,64,338,Gravel,VCG2,0,0,0,0,Trimble,NA
502,2804500.94,1266608.18,7453.67,PITRCK,Relocate 2019,9/18/2019,Before,230000111747,2,Riffle 2,32,110,100,59,128,897,Cobble,SC2,0,0,0,0,Trimble,NA
503,2804499.57,1266602.95,7453.56,PITRCK,Relocate 2019,9/18/2019,Before,230000111646,2,Riffle 2,32,93,77,55,90,508,Cobble,SC1,0,0,0,0,Trimble,NA
504,2804497.34,1266597.42,7453.74,PITRCK,Relocate 2019,9/18/2019,Before,230000111620,2,Riffle 2,32,159,120,46,128,1290,Cobble,SC2,0,0,0,0,Trimble,NA
505,2804486.93,1266594.31,7453.59,PITRCK,Relocate 2019,9/18/2019,Before,230000111681,2,Riffle 2,32,100,65,55,90,572,Cobble,SC1,1,0,0,0,Trimble,NA
506,2804492.88,1266589.69,7453.53,PITRCK,Relocate 2019,9/18/2019,Before,228000607576,2,Riffle 2,23,104,64,43,64,599,Gravel,VCG2,1,0,0,0,Trimble,NA
507,2804492.87,1266584.93,7453.62,PITRCK,Relocate 2019,9/18/2019,Before,230000111601,2,Riffle 2,32,129,115,45,128,1232,Cobble,SC2,1,0,0,0,Trimble,NA
508,2804492.84,1266579.48,7453.39,PITRCK,Relocate 2019,9/18/2019,Before,230000111723,2,Riffle 2,32,146,89,36,90,807,Cobble,SC1,0,0,0,0,Trimble,NA
509,2804491.14,1266575.56,7453.38,PITRCK,Relocate 2019,9/18/2019,Before,230000111704,2,Riffle 2,32,95,73,41,64,416,Gravel,VCG2,0,1,0,0,Trimble,NA
510,2804490.99,1266571.52,7453.83,PITRCK,Relocate 2019,9/18/2019,Before,230000111666,2,Riffle 2,32,321,290,200,>256,18300,Boulder,SB1,0,0,0,0,Trimble,NA
511,2804488.46,1266566.62,7453.34,PITRCK,Relocate 2019,9/18/2019,Before,230000111657,2,Riffle 2,32,100,72,42,64,379,Gravel,VCG2,1,0,0,0,Trimble,NA
512,2804488.43,1266563.67,7453.39,PITRCK,Relocate 2019,9/18/2019,Before,230000111547,2,Riffle 2,32,168,111,53,90,1488,Cobble,SC1,0,0,0,0,Trimble,NA
513,2804487.17,1266559.46,7453.01,PITRCK,Relocate 2019,9/18/2019,Before,230000111703,2,Riffle 2,32,114,85,37,90,604,Cobble,SC1,0,0,0,0,Trimble,NA
514,2804484.75,1266554.13,7453.08,PITRCK,Relocate 2019,9/18/2019,Before,230000111618,2,Riffle 2,32,115,108,78,128,1109,Cobble,SC2,1,0,0,0,Trimble,NA
515,2804485.46,1266550.21,7453.17,PITRCK,Relocate 2019,9/18/2019,Before,230000111654,2,Riffle 2,32,114,105,95,128,1678,Cobble,SC2,1,0,0,0,Trimble,NA
516,2804484.32,1266546.05,7453.02,PITRCK,Relocate 2019,9/18/2019,Before,230000111627,2,Riffle 2,32,151,80,39,90,787,Cobble,SC1,0,0,0,0,Trimble,NA
517,2804483.75,1266541.44,7453.53,PITRCK,Relocate 2019,9/18/2019,Before,230000111508,2,Riffle 2,32,256,214,190,256,16900,Cobble,LC2,0,0,0,0,Trimble,NA
518,2804483.47,1266538.13,7453.13,PITRCK,Relocate 2019,9/18/2019,Before,230000111583,2,Riffle 2,32,85,61,55,90,493,Cobble,SC1,0,0,0,0,Trimble,NA
519,2804481.79,1266533.96,7453.26,PITRCK,Relocate 2019,9/18/2019,Before,230000111619,2,Riffle 2,32,95,64,54,90,460,Cobble,SC1,0,0,0,0,Trimble,NA
520,2804480.97,1266529.26,7453.57,PITRCK,Relocate 2019,9/18/2019,Before,230000111672,2,Riffle 2,32,102,80,55,90,831,Cobble,SC1,0,0,0,0,Trimble,NA
521,2804479.35,1266525.25,7453.85,PITRCK,Relocate 2019,9/18/2019,Before,230000111673,2,Riffle 2,32,139,96,75,128,1437,Cobble,SC2,0,0,0,0,Trimble,NA
522,2804478.32,1266521.14,7453.89,PITRCK,Relocate 2019,9/18/2019,Before,230000111649,2,Riffle 2,32,150,87,55,90,1202,Cobble,SC1,0,0,0,0,Trimble,NA
523,2804478.05,1266516.74,7454.27,PITRCK,Relocate 2019,9/18/2019,Before,230000111713,2,Riffle 2,32,104,86,45,90,730,Cobble,SC1,0,0,0,0,Trimble,NA
524,2804475.67,1266509.90,7454.6,PITRCK,Relocate 2019,9/18/2019,Before,230000111685,2,Riffle 2,32,110,96,55,90,873,Cobble,SC1,0,0,0,0,Trimble,NA
525,2804521.96,1266623.45,7453.8,PITRCK,Relocate 2019,9/18/2019,Before,228000607572,2,Riffle 2,23,75,68,37,64,300,Gravel,VCG2,0,0,0,0,Trimble,NA
526,2804521.76,1266619.42,7453.46,PITRCK,Relocate 2019,9/18/2019,Before,230000111599,2,Riffle 2,32,135,120,75,128,1877,Cobble,SC2,0,0,0,0,Trimble,NA
527,2804519.88,1266613.71,7453.38,PITRCK,Relocate 2019,9/18/2019,Before,230000111715,2,Riffle 2,32,168,117,70,128,2178,Cobble,SC2,0,0,0,0,Trimble,NA
528,2804518.84,1266608.37,7453.64,PITRCK,Relocate 2019,9/18/2019,Before,230000111732,2,Riffle 2,32,210,158,107,180,3929,Cobble,LC1,0,0,0,0,Trimble,NA
529,2804517.30,1266603.70,7453.83,PITRCK,Relocate 2019,9/18/2019,Before,230000111675,2,Riffle 2,32,98,89,68,90,939,Cobble,SC1,0,0,0,0,Trimble,NA
530,2804514.72,1266598.23,7453.82,PITRCK,Relocate 2019,9/18/2019,Before,228000607528,2,Riffle 2,23,84,69,41,64,409,Gravel,VCG2,0,0,0,0,Trimble,NA
531,2804512.85,1266593.04,7454,PITRCK,Relocate 2019,9/18/2019,Before,230000111670,2,Riffle 2,32,95,80,51,90,627,Cobble,SC1,0,0,0,0,Trimble,NA
532,2804512.21,1266586.14,7453.82,PITRCK,Relocate 2019,9/18/2019,Before,230000111696,2,Riffle 2,32,103,89,59,90,759,Cobble,SC1,0,0,0,0,Trimble,NA
533,2804510.95,1266581.73,7453.93,PITRCK,Relocate 2019,9/18/2019,Before,230000111739,2,Riffle 2,32,99,86,33,90,557,Cobble,SC1,1,0,0,0,Trimble,NA
534,2804510.48,1266574.29,7453.75,PITRCK,Relocate 2019,9/18/2019,Before,228000607506,2,Riffle 2,23,87,72,35,64,423,Gravel,VCG2,0,0,0,0,Trimble,NA
535,2804509.50,1266567.81,7453.62,PITRCK,Relocate 2019,9/18/2019,Before,230000111697,2,Riffle 2,32,115,89,65,128,985,Cobble,SC2,0,0,0,0,Trimble,NA
536,2804509.09,1266561.83,7453.56,PITRCK,Relocate 2019,9/18/2019,Before,230000111621,2,Riffle 2,32,118,79,65,90,1151,Cobble,SC1,0,0,0,0,Trimble,NA
537,2804507.57,1266555.65,7453.39,PITRCK,Relocate 2019,9/18/2019,Before,230000111730,2,Riffle 2,32,120,114,65,128,1278,Cobble,SC2,0,0,0,0,Trimble,NA
538,2804509.70,1266550.14,7453.78,PITRCK,Relocate 2019,9/18/2019,Before,230000111522,2,Riffle 2,32,295,250,174,256,16100,Cobble,LC2,0,0,0,0,Trimble,NA
539,2804509.06,1266544.56,7453.22,PITRCK,Relocate 2019,9/18/2019,Before,230000111671,2,Riffle 2,32,110,93,42,90,657,Cobble,SC1,0,0,0,0,Trimble,NA
540,2804508.31,1266538.96,7453.26,PITRCK,Relocate 2019,9/18/2019,Before,228000607554,2,Riffle 2,23,81,64,30,64,213,Gravel,VCG2,0,0,0,0,Trimble,NA
541,2804508.33,1266532.62,7453.6,PITRCK,Relocate 2019,9/18/2019,Before,230000111638,2,Riffle 2,32,165,133,106,128,3239,Cobble,SC2,0,0,0,0,Trimble,NA
542,2804507.10,1266527.35,7453.47,PITRCK,Relocate 2019,9/18/2019,Before,230000111526,2,Riffle 2,32,119,101,43,90,1036,Cobble,SC1,1,0,0,0,Trimble,NA
543,2804506.26,1266521.50,7453.63,PITRCK,Relocate 2019,9/18/2019,Before,230000111711,2,Riffle 2,32,155,106,45,128,990,Cobble,SC2,0,0,0,0,Trimble,NA
544,2804506.15,1266516.88,7453.64,PITRCK,Relocate 2019,9/18/2019,Before,230000111629,2,Riffle 2,32,155,132,54,128,1834,Cobble,SC2,0,0,0,0,Trimble,NA
545,2804505.54,1266512.55,7453.49,PITRCK,Relocate 2019,9/18/2019,Before,228000607564,2,Riffle 2,23,108,64,45,64,477,Gravel,VCG2,0,0,0,0,Trimble,NA
546,2804505.77,1266507.57,7453.8,PITRCK,Relocate 2019,9/18/2019,Before,230000111606,2,Riffle 2,32,147,108,64,128,1636,Cobble,SC2,0,0,0,0,Trimble,NA
547,2804505.59,1266503.14,7453.43,PITRCK,Relocate 2019,9/18/2019,Before,230000111658,2,Riffle 2,32,90,83,56,90,732,Cobble,SC1,0,0,0,0,Trimble,NA
548,2804504.26,1266497.66,7453.67,PITRCK,Relocate 2019,9/18/2019,Before,230000111718,2,Riffle 2,32,85,72,57,90,509,Cobble,SC1,0,0,0,0,Trimble,NA
549,2804502.74,1266488.28,7454.76,PITRCK,Relocate 2019,9/18/2019,Before,230000111665,2,Riffle 2,32,83,68,48,90,400,Cobble,SC1,0,0,0,0,Trimble,NA
550,2804541.22,1266619.41,7454.28,PITRCK,Relocate 2019,9/18/2019,Before,228000607526,2,Riffle 2,23,117,74,43,64,561,Gravel,VCG2,0,0,0,0,Trimble,NA
551,2804539.98,1266613.96,7453.6,PITRCK,Relocate 2019,9/18/2019,Before,230000111584,2,Riffle 2,32,145,141,67,128,2105,Cobble,SC2,0,0,0,0,Trimble,NA
552,2804539.02,1266607.94,7454,PITRCK,Relocate 2019,9/18/2019,Before,230000111512,2,Riffle 2,32,135,102,78,128,1872,Cobble,SC2,0,0,0,0,Trimble,NA
553,2804538.79,1266602.29,7454.23,PITRCK,Relocate 2019,9/18/2019,Before,230000111705,2,Riffle 2,32,160,84,69,90,1747,Cobble,SC1,0,0,0,0,Trimble,NA
554,2804535.63,1266595.35,7454.69,PITRCK,Relocate 2019,9/18/2019,Before,230000111586,2,Riffle 2,32,135,97,68,128,1766,Cobble,SC2,1,0,0,0,Trimble,NA
555,2804533.90,1266589.48,7454.47,PITRCK,Relocate 2019,9/18/2019,Before,228000607561,2,Riffle 2,23,106,53,49,64,350,Gravel,VCG2,1,0,0,0,Trimble,NA
556,2804536.60,1266581.59,7454.42,PITRCK,Relocate 2019,9/18/2019,Before,230000111553,2,Riffle 2,32,144,123,55,128,1551,Cobble,SC2,0,0,0,0,Trimble,NA
557,2804535.43,1266575.50,7454.18,PITRCK,Relocate 2019,9/18/2019,Before,230000111669,2,Riffle 2,32,151,137,65,128,2083,Cobble,SC2,0,0,0,0,Trimble,NA
558,2804533.00,1266570.73,7453.88,PITRCK,Relocate 2019,9/18/2019,Before,230000111655,2,Riffle 2,32,107,68,56,90,697,Cobble,SC1,1,1,0,0,Trimble,NA
559,2804536.29,1266563.12,7453.96,PITRCK,Relocate 2019,9/18/2019,Before,230000111738,2,Riffle 2,32,140,110,77,128,1999,Cobble,SC2,0,0,0,0,Trimble,NA
560,2804535.27,1266558.82,7453.57,PITRCK,Relocate 2019,9/18/2019,Before,228000607548,2,Riffle 2,23,67,55,52,64,344,Gravel,VCG2,0,0,0,0,Trimble,NA
561,2804535.31,1266551.78,7453.69,PITRCK,Relocate 2019,9/18/2019,Before,230000111634,2,Riffle 2,32,367,215,128,256,16700,Cobble,LC2,0,0,0,0,Trimble,NA
562,2804533.38,1266545.31,7453.35,PITRCK,Relocate 2019,9/18/2019,Before,230000111564,2,Riffle 2,32,109,85,42,90,747,Cobble,SC1,0,0,0,0,Trimble,NA
563,2804532.40,1266540.63,7453.36,PITRCK,Relocate 2019,9/18/2019,Before,230000111719,2,Riffle 2,32,165,110,61,128,1712,Cobble,SC2,0,0,0,0,Trimble,NA
564,2804532.17,1266535.91,7453.81,PITRCK,Relocate 2019,9/18/2019,Before,230000111587,2,Riffle 2,32,320,235,105,256,11600,Cobble,LC2,0,0,0,0,Trimble,NA
565,2804530.82,1266530.18,7453.51,PITRCK,Relocate 2019,9/18/2019,Before,230000111742,2,Riffle 2,32,111,72,46,90,646,Cobble,SC1,0,0,0,0,Trimble,NA
566,2804525.87,1266526.66,7453.73,PITRCK,Relocate 2019,9/18/2019,Before,230000111603,2,Riffle 2,32,181,125,100,128,3827,Cobble,SC2,1,0,0,0,Trimble,NA
567,2804529.00,1266521.53,7453.57,PITRCK,Relocate 2019,9/18/2019,Before,228000607538,2,Riffle 2,23,74,53,22,64,257,Gravel,VCG2,0,0,0,0,Trimble,NA
568,2804528.57,1266517.64,7453.75,PITRCK,Relocate 2019,9/18/2019,Before,230000111664,2,Riffle 2,32,116,88,67,90,904,Cobble,SC1,0,0,0,0,Trimble,NA
569,2804527.41,1266513.04,7453.79,PITRCK,Relocate 2019,9/18/2019,Before,230000111574,2,Riffle 2,32,122,118,43,128,1033,Cobble,SC2,0,0,0,0,Trimble,NA
570,2804526.63,1266508.51,7453.83,PITRCK,Relocate 2019,9/18/2019,Before,230000111585,2,Riffle 2,32,115,105,33,90,770,Cobble,SC1,0,0,0,0,Trimble,NA
571,2804526.31,1266503.73,7454.02,PITRCK,Relocate 2019,9/18/2019,Before,230000111642,2,Riffle 2,32,190,98,44,90,1225,Cobble,SC1,0,0,0,0,Trimble,NA
572,2804526.05,1266499.72,7454.16,PITRCK,Relocate 2019,9/18/2019,Before,230000111652,2,Riffle 2,32,120,78,71,90,861,Cobble,SC1,0,0,0,0,Trimble,NA
573,2804526.01,1266494.72,7454.14,PITRCK,Relocate 2019,9/18/2019,Before,228000607511,2,Riffle 2,23,120,75,50,64,466,Gravel,VCG2,0,1,0,0,Trimble,NA
574,2804524.63,1266489.79,7454.52,PITRCK,Relocate 2019,9/18/2019,Before,230000111660,2,Riffle 2,32,112,87,57,90,727,Cobble,SC1,0,1,0,0,Trimble,NA
575,2804558.92,1266615.00,7453.74,PITRCK,Relocate 2019,9/18/2019,Before,230000111602,2,Riffle 2,32,178,155,48,180,2087,Cobble,LC1,0,0,0,0,Trimble,NA
576,2804557.06,1266605.99,7454.74,PITRCK,Relocate 2019,9/18/2019,Before,230000111645,2,Riffle 2,32,134,101,91,128,2037,Cobble,SC2,0,0,0,0,Trimble,NA
577,2804556.17,1266599.83,7454.46,PITRCK,Relocate 2019,9/18/2019,Before,228000607547,2,Riffle 2,23,80,70,43,64,370,Gravel,VCG2,0,0,0,0,Trimble,NA
578,2804555.67,1266594.36,7454.59,PITRCK,Relocate 2019,9/18/2019,Before,230000111502,2,Riffle 2,32,148,121,63,128,2125,Cobble,SC2,0,0,0,0,Trimble,NA
579,2804555.23,1266589.09,7454.39,PITRCK,Relocate 2019,9/18/2019,Before,230000111504,2,Riffle 2,32,166,128,81,128,2127,Cobble,SC2,0,0,0,0,Trimble,NA
580,2804552.37,1266581.88,7454.33,PITRCK,Relocate 2019,9/18/2019,Before,230000111572,2,Riffle 2,32,162,104,67,128,1710,Cobble,SC2,1,0,0,0,Trimble,NA
581,2804553.03,1266575.65,7454.3,PITRCK,Relocate 2019,9/18/2019,Before,230000111729,2,Riffle 2,32,346,280,115,>256,21300,Boulder,SB1,0,0,0,0,Trimble,NA
582,2804548.99,1266568.83,7453.87,PITRCK,Relocate 2019,9/18/2019,Before,230000111538,2,Riffle 2,32,186,126,93,128,2956,Cobble,SC2,1,1,0,0,Trimble,NA
583,2804551.85,1266562.85,7453.69,PITRCK,Relocate 2019,9/18/2019,Before,230000111727,2,Riffle 2,32,165,125,60,128,2087,Cobble,SC2,0,0,0,0,Trimble,NA
584,2804550.16,1266557.39,7453.59,PITRCK,Relocate 2019,9/18/2019,Before,228000607539,2,Riffle 2,23,110,63,31,64,372,Gravel,VCG2,0,0,0,0,Trimble,NA
585,2804550.94,1266552.65,7453.65,PITRCK,Relocate 2019,9/18/2019,Before,230000111709,2,Riffle 2,32,201,182,58,180,3584,Cobble,LC1,0,0,0,0,Trimble,NA
586,2804549.93,1266546.66,7453.55,PITRCK,Relocate 2019,9/18/2019,Before,230000111605,2,Riffle 2,32,140,121,59,128,1380,Cobble,SC2,0,0,0,0,Trimble,NA
587,2804548.63,1266541.73,7453.62,PITRCK,Relocate 2019,9/18/2019,Before,230000111694,2,Riffle 2,32,150,109,88,128,1738,Cobble,SC2,0,0,0,0,Trimble,NA
588,2804547.43,1266536.74,7453.4,PITRCK,Relocate 2019,9/18/2019,Before,228000607514,2,Riffle 2,23,139,64,54,64,813,Gravel,VCG2,1,0,0,0,Trimble,NA
589,2804547.14,1266531.27,7453.65,PITRCK,Relocate 2019,9/18/2019,Before,230000111604,2,Riffle 2,32,195,62,56,90,1437,Cobble,SC1,1,0,0,0,Trimble,NA
590,2804548.11,1266525.66,7453.71,PITRCK,Relocate 2019,9/18/2019,Before,230000111593,2,Riffle 2,32,165,66,54,90,1192,Cobble,SC1,0,0,0,0,Trimble,NA
591,2804548.08,1266521.60,7453.84,PITRCK,Relocate 2019,9/18/2019,Before,230000111568,2,Riffle 2,32,133,87,49,90,784,Cobble,SC1,0,0,0,0,Trimble,NA
592,2804547.31,1266517.12,7453.89,PITRCK,Relocate 2019,9/18/2019,Before,228000607540,2,Riffle 2,23,100,67,46,64,506,Gravel,VCG2,0,0,0,0,Trimble,NA
593,2804547.36,1266511.56,7454.06,PITRCK,Relocate 2019,9/18/2019,Before,230000111745,2,Riffle 2,32,96,94,43,90,833,Cobble,SC1,0,0,0,0,Trimble,NA
594,2804546.69,1266506.68,7453.95,PITRCK,Relocate 2019,9/18/2019,Before,230000111622,2,Riffle 2,32,122,66,42,90,555,Cobble,SC1,0,0,0,0,Trimble,NA
595,2804546.98,1266501.86,7454.12,PITRCK,Relocate 2019,9/18/2019,Before,228000607569,2,Riffle 2,23,99,78,44,64,493,Gravel,VCG2,0,1,0,0,Trimble,NA
596,2804545.30,1266498.28,7454.2,PITRCK,Relocate 2019,9/18/2019,Before,228000607558,2,Riffle 2,23,88,73,38,64,444,Gravel,VCG2,0,0,0,0,Trimble,NA
597,2804544.70,1266493.47,7454.55,PITRCK,Relocate 2019,9/18/2019,Before,228000607504,2,Riffle 2,23,77,65,40,64,362,Gravel,VCG2,0,0,0,0,Trimble,NA
598,2804544.05,1266487.28,7454.8,PITRCK,Relocate 2019,9/18/2019,Before,228000607545,2,Riffle 2,23,71,65,55,64,387,Gravel,VCG2,0,0,0,0,Trimble,NA
599,2804542.74,1266482.24,7454.95,PITRCK,Relocate 2019,9/18/2019,Before,228000607527,2,Riffle 2,23,70,74,55,64,425,Gravel,VCG2,0,0,0,0,Trimble,NA
600,2802797.04,1266336.21,7447.76,PITRCK,Relocate 2019,9/18/2019,Before,228000607568,3,Riffle 3,23,91,69,40,64,384,Gravel,VCG2,0,0,0,0,Trimble,NA
601,2802799.45,1266330.71,7447.51,PITRCK,Relocate 2019,9/18/2019,Before,230000111687,3,Riffle 3,32,167,118,59,128,1363,Cobble,SC2,0,0,0,0,Trimble,NA
602,2802800.50,1266324.99,7447.52,PITRCK,Relocate 2019,9/18/2019,Before,230000111539,3,Riffle 3,32,153,112,75,128,1871,Cobble,SC2,1,0,0,0,Trimble,NA
603,2802803.70,1266320.95,7447.39,PITRCK,Relocate 2019,9/18/2019,Before,230000111628,3,Riffle 3,32,180,98,45,90,1341,Cobble,SC1,0,0,0,0,Trimble,NA
604,2802806.05,1266315.59,7447.34,PITRCK,Relocate 2019,9/18/2019,Before,230000111501,3,Riffle 3,32,148,110,100,128,2344,Cobble,SC2,0,0,0,0,Trimble,NA
605,2802808.90,1266311.93,7447.51,PITRCK,Relocate 2019,9/18/2019,Before,230000111616,3,Riffle 3,32,153,135,74,128,2113,Cobble,SC2,0,0,0,0,Trimble,NA
606,2802812.29,1266306.19,7447.42,PITRCK,Relocate 2019,9/18/2019,Before,228000607522,3,Riffle 3,23,136,61,33,64,516,Gravel,VCG2,0,0,0,0,Trimble,NA
607,2802813.35,1266302.04,7447.31,PITRCK,Relocate 2019,9/18/2019,Before,230000111524,3,Riffle 3,32,154,89,64,90,1292,Cobble,SC1,0,0,0,0,Trimble,NA
608,2802816.43,1266297.30,7447.42,PITRCK,Relocate 2019,9/18/2019,Before,230000111537,3,Riffle 3,32,158,99,67,128,1856,Cobble,SC2,0,0,0,0,Trimble,NA
609,2802819.11,1266292.50,7447.51,PITRCK,Relocate 2019,9/18/2019,Before,230000111552,3,Riffle 3,32,120,126,78,128,2224,Cobble,SC2,0,0,0,0,Trimble,NA
610,2802821.39,1266287.74,7447.79,PITRCK,Relocate 2019,9/18/2019,Before,230000111640,3,Riffle 3,32,336,221,183,256,18800,Cobble,LC2,0,0,0,0,Trimble,NA
611,2802825.30,1266282.98,7447.37,PITRCK,Relocate 2019,9/18/2019,Before,230000111591,3,Riffle 3,32,150,122,61,128,1204,Cobble,SC2,0,0,0,0,Trimble,NA
612,2802827.56,1266278.12,7447.39,PITRCK,Relocate 2019,9/18/2019,Before,230000111518,3,Riffle 3,32,129,102,56,90,1168,Cobble,SC1,0,0,0,0,Trimble,NA
613,2802830.15,1266274.27,7447.25,PITRCK,Relocate 2019,9/18/2019,Before,228000607525,3,Riffle 3,23,90,71,34,64,414,Gravel,VCG2,0,0,0,0,Trimble,NA
614,2802832.88,1266269.89,7447.26,PITRCK,Relocate 2019,9/18/2019,Before,230000111528,3,Riffle 3,32,116,93,67,90,1027,Cobble,SC1,0,0,0,0,Trimble,NA
615,2802835.76,1266264.59,7447.25,PITRCK,Relocate 2019,9/18/2019,Before,230000111571,3,Riffle 3,32,126,87,39,90,849,Cobble,SC1,0,0,0,0,Trimble,NA
616,2802838.90,1266259.69,7447.16,PITRCK,Relocate 2019,9/18/2019,Before,230000111662,3,Riffle 3,32,136,83,60,90,1117,Cobble,SC1,0,0,0,0,Trimble,NA
617,2802840.93,1266254.97,7446.89,PITRCK,Relocate 2019,9/18/2019,Before,228000607515,3,Riffle 3,23,61,57,54,64,362,Gravel,VCG2,0,0,0,0,Trimble,NA
618,2802844.21,1266251.27,7446.95,PITRCK,Relocate 2019,9/18/2019,Before,230000111688,3,Riffle 3,32,116,90,40,90,655,Cobble,SC1,0,0,0,0,Trimble,NA
619,2802844.10,1266247.65,7447.09,PITRCK,Relocate 2019,9/18/2019,Before,230000111579,3,Riffle 3,32,121,89,53,90,906,Cobble,SC1,1,0,0,0,Trimble,NA
620,2802848.49,1266244.01,7447,PITRCK,Relocate 2019,9/18/2019,Before,228000607556,3,Riffle 3,23,51,49,46,64,159,Gravel,VCG2,0,0,0,0,Trimble,NA
621,2802850.24,1266240.50,7447.04,PITRCK,Relocate 2019,9/18/2019,Before,230000111630,3,Riffle 3,32,115,98,59,90,1042,Cobble,SC1,0,0,0,0,Trimble,NA
622,2802852.75,1266236.61,7447.29,PITRCK,Relocate 2019,9/18/2019,Before,230000111509,3,Riffle 3,32,103,99,48,90,750,Cobble,SC1,0,0,0,0,Trimble,NA
623,2802855.98,1266232.77,7447.57,PITRCK,Relocate 2019,9/18/2019,Before,230000111609,3,Riffle 3,32,104,76,53,90,580,Cobble,SC1,0,0,0,0,Trimble,NA
624,2802860.11,1266227.95,7447.75,PITRCK,Relocate 2019,9/18/2019,Before,228000607562,3,Riffle 3,23,74,50,36,45,173,Gravel,VCG1,0,0,0,0,Trimble,NA
625,2802814.14,1266343.28,7447.5,PITRCK,Relocate 2019,9/18/2019,Before,228000607502,3,Riffle 3,23,118,54,52,64,615,Gravel,VCG2,0,0,0,0,Trimble,NA
626,2802817.37,1266338.45,7447.27,PITRCK,Relocate 2019,9/18/2019,Before,230000111743,3,Riffle 3,32,119,97,74,90,1151,Cobble,SC1,1,0,0,0,Trimble,NA
627,2802819.66,1266333.12,7447.27,PITRCK,Relocate 2019,9/18/2019,Before,230000111714,3,Riffle 3,32,152,118,46,128,1749,Cobble,SC2,0,0,0,0,Trimble,NA
628,2802821.85,1266328.32,7447.3,PITRCK,Relocate 2019,9/18/2019,Before,230000111744,3,Riffle 3,32,113,96,57,90,914,Cobble,SC1,0,1,0,0,Trimble,NA
629,2802822.84,1266324.25,7447.28,PITRCK,Relocate 2019,9/18/2019,Before,230000111702,3,Riffle 3,32,115,108,100,128,1144,Cobble,SC2,0,0,0,0,Trimble,NA
630,2802826.35,1266320.60,7447.41,PITRCK,Relocate 2019,9/18/2019,Before,230000111740,3,Riffle 3,32,145,94,62,90,1384,Cobble,SC1,0,0,0,0,Trimble,NA
631,NA,NA,NA,NA,Relocate 2019,9/18/2019,Before,230000111500,3,Riffle 3,32,265,245,90,256,12100,Cobble,LC2,NA,NA,NA,NA,Trimble,NA
632,2802830.85,1266310.41,7447.39,PITRCK,Relocate 2019,9/18/2019,Before,228000607555,3,Riffle 3,23,73,52,40,64,263,Gravel,VCG2,0,0,0,0,Trimble,NA
633,2802831.77,1266306.21,7447.44,PITRCK,Relocate 2019,9/18/2019,Before,230000111659,3,Riffle 3,32,164,139,68,128,2411,Cobble,SC2,0,0,0,0,Trimble,NA
634,2802834.89,1266302.25,7447.55,PITRCK,Relocate 2019,9/18/2019,Before,230000111582,3,Riffle 3,32,115,113,51,90,1007,Cobble,SC1,0,0,0,0,Trimble,NA
635,2802836.33,1266297.50,7447.35,PITRCK,Relocate 2019,9/18/2019,Before,230000111559,3,Riffle 3,32,104,81,74,90,892,Cobble,SC1,1,0,0,0,Trimble,NA
636,2802838.34,1266292.09,7447.29,PITRCK,Relocate 2019,9/18/2019,Before,228000607510,3,Riffle 3,23,82,65,40,64,401,Gravel,VCG2,1,0,0,0,Trimble,NA
637,2802838.25,1266288.03,7447.52,PITRCK,Relocate 2019,9/18/2019,Before,230000111633,3,Riffle 3,32,123,109,74,128,1530,Cobble,SC2,1,0,0,0,Trimble,NA
638,2802842.72,1266285.06,7447.55,PITRCK,Relocate 2019,9/18/2019,Before,230000111692,3,Riffle 3,32,111,81,77,90,969,Cobble,SC1,0,0,0,0,Trimble,NA
639,2802845.43,1266279.81,7447.4,PITRCK,Relocate 2019,9/18/2019,Before,230000111724,3,Riffle 3,32,169,128,69,128,2436,Cobble,SC2,0,0,0,0,Trimble,NA
640,2802848.85,1266275.15,7447.49,PITRCK,Relocate 2019,9/18/2019,Before,230000111617,3,Riffle 3,32,327,250,89,256,9000,Cobble,LC2,0,0,0,0,Trimble,NA
641,2802851.22,1266270.72,7447.21,PITRCK,Relocate 2019,9/18/2019,Before,228000607551,3,Riffle 3,23,92,72,43,64,477,Gravel,VCG2,0,0,0,0,Trimble,NA
642,2802853.03,1266266.26,7447.03,PITRCK,Relocate 2019,9/18/2019,Before,230000111546,3,Riffle 3,32,135,108,38,128,1187,Cobble,SC2,0,0,0,0,Trimble,NA
643,2802855.37,1266262.18,7447.18,PITRCK,Relocate 2019,9/18/2019,Before,230000111635,3,Riffle 3,32,100,86,60,90,643,Cobble,SC1,0,0,0,0,Trimble,NA
644,2802857.63,1266257.38,7447.09,PITRCK,Relocate 2019,9/18/2019,Before,228000607523,3,Riffle 3,23,112,60,45,64,579,Gravel,VCG2,0,0,0,0,Trimble,NA
645,2802859.80,1266253.17,7447.23,PITRCK,Relocate 2019,9/18/2019,Before,230000111597,3,Riffle 3,32,130,76,70,90,1058,Cobble,SC1,0,0,0,0,Trimble,NA
646,2802861.37,1266248.60,7447.12,PITRCK,Relocate 2019,9/18/2019,Before,230000111600,3,Riffle 3,32,107,90,49,90,709,Cobble,SC1,0,0,0,0,Trimble,NA
647,2802864.09,1266244.24,7447.35,PITRCK,Relocate 2019,9/18/2019,Before,230000111543,3,Riffle 3,32,109,88,33,90,649,Cobble,SC1,0,0,0,0,Trimble,NA
648,2802866.19,1266239.75,7447.44,PITRCK,Relocate 2019,9/18/2019,Before,230000111663,3,Riffle 3,32,96,77,43,90,526,Cobble,SC1,0,0,0,0,Trimble,NA
649,2802869.74,1266234.71,7447.81,PITRCK,Relocate 2019,9/18/2019,Before,230000111722,3,Riffle 3,32,81,59,42,64,385,Gravel,VCG2,0,0,0,0,Trimble,NA
650,2802850.45,1266359.31,7447.53,PITRCK,Relocate 2019,9/18/2019,Before,228000607536,3,Riffle 3,23,70,68,51,64,373,Gravel,VCG2,0,0,0,0,Trimble,NA
651,2802853.05,1266355.07,7447.69,PITRCK,Relocate 2019,9/18/2019,Before,230000111637,3,Riffle 3,32,168,104,67,128,1687,Cobble,SC2,0,0,0,0,Trimble,NA
652,2802854.51,1266350.99,7447.54,PITRCK,Relocate 2019,9/18/2019,Before,230000111514,3,Riffle 3,32,107,96,62,90,894,Cobble,SC1,0,0,0,0,Trimble,NA
653,2802857.39,1266346.51,7447.28,PITRCK,Relocate 2019,9/18/2019,Before,230000111573,3,Riffle 3,32,137,93,55,90,1165,Cobble,SC1,0,0,0,0,Trimble,NA
654,2802855.67,1266340.66,7447.5,PITRCK,Relocate 2019,9/18/2019,Before,230000111749,3,Riffle 3,32,157,125,80,128,1961,Cobble,SC2,1,0,0,0,Trimble,NA
655,2802861.04,1266338.46,7447.27,PITRCK,Relocate 2019,9/18/2019,Before,230000111520,3,Riffle 3,32,134,95,42,90,1088,Cobble,SC1,0,1,0,0,Trimble,NA
656,2802863.54,1266333.84,7447.36,PITRCK,Relocate 2019,9/18/2019,Before,228000607500,3,Riffle 3,23,102,64,55,64,373,Gravel,VCG2,0,1,0,0,Trimble,NA
657,2802862.73,1266327.47,7447.48,PITRCK,Relocate 2019,9/18/2019,Before,230000111625,3,Riffle 3,32,118,106,77,128,1218,Cobble,SC2,1,0,0,0,Trimble,NA
658,2802866.65,1266322.37,7447.97,PITRCK,Relocate 2019,9/18/2019,Before,230000111557,3,Riffle 3,32,330,277,129,>256,17300,Boulder,SB1,0,0,0,0,Trimble,NA
659,2802869.62,1266316.88,7447.56,PITRCK,Relocate 2019,9/18/2019,Before,230000111580,3,Riffle 3,32,115,103,61,90,1055,Cobble,SC1,0,0,0,0,Trimble,NA
660,2802871.83,1266311.89,7447.4,PITRCK,Relocate 2019,9/18/2019,Before,228000607559,3,Riffle 3,23,63,54,45,64,235,Gravel,VCG2,0,0,0,0,Trimble,NA
661,2802873.31,1266308.02,7447.74,PITRCK,Relocate 2019,9/18/2019,Before,230000111748,3,Riffle 3,32,154,99,80,128,1669,Cobble,SC2,0,0,0,0,Trimble,NA
662,2802876.46,1266301.38,7447.69,PITRCK,Relocate 2019,9/18/2019,Before,230000111647,3,Riffle 3,32,170,140,55,128,2193,Cobble,SC2,0,0,0,0,Trimble,NA
663,2802877.96,1266297.17,7447.61,PITRCK,Relocate 2019,9/18/2019,Before,230000111706,3,Riffle 3,32,120,105,62,128,1063,Cobble,SC2,0,0,0,0,Trimble,NA
664,2802879.93,1266292.36,7447.5,PITRCK,Relocate 2019,9/18/2019,Before,230000111561,3,Riffle 3,32,125,98,59,90,1054,Cobble,SC1,0,0,0,0,Trimble,NA
665,2802881.55,1266288.17,7447.36,PITRCK,Relocate 2019,9/18/2019,Before,228000607566,3,Riffle 3,23,79,41,35,45,159,Gravel,VCG1,0,0,0,0,Trimble,NA
666,2802883.48,1266284.44,7447.69,PITRCK,Relocate 2019,9/18/2019,Before,230000111721,3,Riffle 3,32,187,97,51,90,1395,Cobble,SC1,0,0,0,0,Trimble,NA
667,2802885.65,1266279.97,7447.74,PITRCK,Relocate 2019,9/18/2019,Before,230000111710,3,Riffle 3,32,107,85,63,90,830,Cobble,SC1,0,0,0,0,Trimble,NA
668,2802887.55,1266276.17,7447.58,PITRCK,Relocate 2019,9/18/2019,Before,230000111626,3,Riffle 3,32,105,101,55,90,874,Cobble,SC1,0,0,0,0,Trimble,NA
669,2802889.35,1266272.20,7447.45,PITRCK,Relocate 2019,9/18/2019,Before,228000607519,3,Riffle 3,23,81,64,41,64,437,Gravel,VCG2,0,0,0,0,Trimble,NA
670,2802891.08,1266268.65,7447.46,PITRCK,Relocate 2019,9/18/2019,Before,230000111533,3,Riffle 3,32,98,93,48,90,686,Cobble,SC1,0,0,0,0,Trimble,NA
671,2802892.88,1266264.65,7447.43,PITRCK,Relocate 2019,9/18/2019,Before,230000111611,3,Riffle 3,32,105,76,43,90,548,Cobble,SC1,0,0,0,0,Trimble,NA
672,2802894.01,1266258.82,7447.4,PITRCK,Relocate 2019,9/18/2019,Before,230000111661,3,Riffle 3,32,141,67,45,90,711,Cobble,SC1,0,0,0,0,Trimble,NA
673,2802897.72,1266255.14,7447.48,PITRCK,Relocate 2019,9/18/2019,Before,228000607575,3,Riffle 3,23,105,71,43,64,522,Gravel,VCG2,0,0,0,0,Trimble,NA
674,2802898.33,1266250.38,7448.15,PITRCK,Relocate 2019,9/18/2019,Before,230000111563,3,Riffle 3,32,114,62,54,90,634,Cobble,SC1,0,0,0,0,Trimble,NA
675,2802864.66,1266374.92,7448.05,PITRCK,Relocate 2019,9/18/2019,Before,230000111542,3,Riffle 3,32,102,71,69,90,796,Cobble,SC1,0,0,0,0,Trimble,NA
676,2802867.14,1266370.25,7447.61,PITRCK,Relocate 2019,9/18/2019,Before,228000607574,3,Riffle 3,23,62,43,32,64,140,Gravel,VCG2,0,1,0,0,Trimble,NA
677,2802869.79,1266365.83,7447.84,PITRCK,Relocate 2019,9/18/2019,Before,230000111699,3,Riffle 3,32,185,124,79,128,3653,Cobble,SC2,0,0,0,0,Trimble,NA
678,2802870.81,1266360.80,7447.77,PITRCK,Relocate 2019,9/18/2019,Before,230000111612,3,Riffle 3,32,135,99,82,128,1821,Cobble,SC2,1,0,0,0,Trimble,NA
679,2802872.75,1266354.05,7447.55,PITRCK,Relocate 2019,9/18/2019,Before,230000111532,3,Riffle 3,32,134,126,67,128,1534,Cobble,SC2,1,0,0,0,Trimble,NA
680,2802873.21,1266350.81,7447.62,PITRCK,Relocate 2019,9/18/2019,Before,230000111680,3,Riffle 3,32,131,112,71,128,1468,Cobble,SC2,0,0,0,0,Trimble,NA
681,2802874.24,1266344.66,7447.97,PITRCK,Relocate 2019,9/18/2019,Before,230000111554,3,Riffle 3,32,375,265,193,>256,22700,Boulder,SB1,1,0,0,0,Trimble,NA
682,2802876.76,1266340.13,7447.62,PITRCK,Relocate 2019,9/18/2019,Before,230000111701,3,Riffle 3,32,144,135,89,128,2792,Cobble,SC2,1,0,0,0,Trimble,NA
683,2802878.94,1266336.48,7447.54,PITRCK,Relocate 2019,9/18/2019,Before,228000607542,3,Riffle 3,23,119,64,45,64,469,Gravel,VCG2,0,1,0,0,Trimble,NA
684,2802881.14,1266331.82,7447.8,PITRCK,Relocate 2019,9/18/2019,Before,230000111531,3,Riffle 3,32,123,113,67,128,1519,Cobble,SC2,0,0,0,0,Trimble,NA
685,2802880.49,1266325.01,7447.81,PITRCK,Relocate 2019,9/18/2019,Before,230000111608,3,Riffle 3,32,160,123,71,128,2236,Cobble,SC2,1,0,0,0,Trimble,NA
686,2802886.42,1266321.42,7447.96,PITRCK,Relocate 2019,9/18/2019,Before,230000111513,3,Riffle 3,32,148,93,75,90,1599,Cobble,SC1,0,0,0,0,Trimble,NA
687,2802888.72,1266317.97,7447.43,PITRCK,Relocate 2019,9/18/2019,Before,230000111589,3,Riffle 3,32,125,113,95,128,2284,Cobble,SC2,1,0,0,0,Trimble,NA
688,2802891.41,1266313.01,7447.63,PITRCK,Relocate 2019,9/18/2019,Before,228000607553,3,Riffle 3,23,76,59,50,64,435,Gravel,VCG2,1,0,0,0,Trimble,NA
689,2802893.21,1266309.27,7447.87,PITRCK,Relocate 2019,9/18/2019,Before,230000111519,3,Riffle 3,32,151,141,52,128,1937,Cobble,SC2,0,0,0,0,Trimble,NA
690,2802895.32,1266304.23,7447.84,PITRCK,Relocate 2019,9/18/2019,Before,230000111529,3,Riffle 3,32,248,168,104,180,5200,Cobble,LC1,0,0,0,0,Trimble,NA
691,2802898.49,1266298.90,7448.14,PITRCK,Relocate 2019,9/18/2019,Before,230000111565,3,Riffle 3,32,311,241,149,256,13100,Cobble,LC2,0,0,0,0,Trimble,NA
692,2802900.77,1266292.94,7447.65,PITRCK,Relocate 2019,9/18/2019,Before,228000607501,3,Riffle 3,23,78,52,34,64,212,Gravel,VCG2,1,0,0,0,Trimble,NA
693,2802902.92,1266288.43,7447.92,PITRCK,Relocate 2019,9/18/2019,Before,230000111691,3,Riffle 3,32,145,105,63,128,1716,Cobble,SC2,0,0,0,0,Trimble,NA
694,2802905.20,1266282.26,7447.77,PITRCK,Relocate 2019,9/18/2019,Before,230000111613,3,Riffle 3,32,136,112,43,90,1002,Cobble,SC1,1,0,0,0,Trimble,NA
695,2802908.98,1266278.55,7447.66,PITRCK,Relocate 2019,9/18/2019,Before,230000111505,3,Riffle 3,32,117,77,71,90,941,Cobble,SC1,0,0,0,0,Trimble,NA
696,2802911.85,1266273.59,7447.91,PITRCK,Relocate 2019,9/18/2019,Before,230000111511,3,Riffle 3,32,106,93,80,90,1175,Cobble,SC1,0,0,0,0,Trimble,NA
697,2802913.66,1266269.95,7447.63,PITRCK,Relocate 2019,9/18/2019,Before,230000111610,3,Riffle 3,32,130,85,56,90,936,Cobble,SC1,0,0,0,0,Trimble,NA
698,2802917.00,1266262.38,7447.98,PITRCK,Relocate 2019,9/18/2019,Before,230000111569,3,Riffle 3,32,94,71,67,90,638,Cobble,SC1,1,0,0,0,Trimble,NA
699,2802920.62,1266257.73,7448.05,PITRCK,Relocate 2019,9/18/2019,Before,228000607518,3,Riffle 3,23,86,66,38,64,NA,Gravel,VCG2,0,0,0,0,Trimble,NA
700,2806338.28,1266549.06,7459.6,PITRCK,Relocate 2020,9/29/2020,Before,230000111558,1,Riffle 1,32,145,118,52,128,1424,Cobble,SC2,0,0,0,0,Trimble,NA
701,2806337.99,1266558.02,7458.85,PITRCK,Relocate 2020,9/29/2020,Before,230000111677,1,Riffle 1,32,90,78,69,90,608,Cobble,SC1,0,0,0,0,Trimble,NA
702,2806337.99,1266564.81,7459.04,PITRCK,Relocate 2020,9/29/2020,Before,230000111624,1,Riffle 1,32,157,152,82,180,2584,Cobble,LC1,0,0,0,0,Trimble,NA
703,2806337.00,1266571.82,7459.09,PITRCK,Relocate 2020,9/29/2020,Before,228000607573,1,Riffle 1,23,102,61,48,64,550,Gravel,VCG2,0,0,0,0,Trimble,NA
704,2806336.22,1266579.56,7459.55,PITRCK,Relocate 2020,9/29/2020,Before,230000111731,1,Riffle 1,32,145,98,56,128,1335,Cobble,SC2,0,0,0,0,Trimble,NA
705,2806334.66,1266585.26,7459.6,PITRCK,Relocate 2020,9/29/2020,Before,230000111736,1,Riffle 1,32,155,109,66,128,1789,Cobble,SC2,0,0,0,0,Trimble,NA
706,2806326.07,1266592.23,7459.31,PITRCK,Relocate 2020,9/29/2020,Before,230000111684,1,Riffle 1,32,198,117,64,128,2248,Cobble,SC2,0,0,0,0,Trimble,NA
707,2806332.62,1266599.23,7459.42,PITRCK,Relocate 2020,9/29/2020,Before,230000111541,1,Riffle 1,32,356,290,138,>256,14100,Boulder,SB1,0,0,0,0,Trimble,NA
708,2806323.07,1266602.60,7459.33,PITRCK,Relocate 2020,9/29/2020,Before,228000607534,1,Riffle 1,23,70,63,55,64,654,Gravel,VCG2,0,0,0,0,Trimble,NA
709,2806331.53,1266614.09,7459.07,PITRCK,Relocate 2020,9/29/2020,Before,228000607505,1,Riffle 1,23,94,61,41,64,336,Gravel,VCG2,1,0,0,0,Trimble,moved ~1.0-1.5 ft
710,2806330.95,1266617.75,7459,PITRCK,Relocate 2020,9/29/2020,Before,230000111683,1,Riffle 1,32,132,90,80,128,1427,Cobble,SC2,0,0,0,0,Trimble,NA
711,2806334.10,1266624.27,7459.27,PITRCK,Relocate 2020,9/29/2020,Before,230000111737,1,Riffle 1,32,169,138,82,128,2929,Cobble,SC2,0,0,0,0,Trimble,NA
712,2806334.51,1266629.68,7458.83,PITRCK,Relocate 2020,9/29/2020,Before,230000111641,1,Riffle 1,32,124,104,56,90,1093,Cobble,SC1,0,0,0,0,Trimble,NA
713,2806333.64,1266635.52,7458.76,PITRCK,Relocate 2020,9/29/2020,Before,228000607513,1,Riffle 1,23,91,60,38,64,273,Gravel,VCG2,0,1,0,0,Trimble,NA
714,2806334.31,1266640.56,7459.15,PITRCK,Relocate 2020,9/29/2020,Before,230000111644,1,Riffle 1,32,135,93,72,90,1442,Cobble,SC1,0,1,0,0,Trimble,NA
715,2806331.46,1266645.11,7458.84,PITRCK,Relocate 2020,9/29/2020,Before,230000111632,1,Riffle 1,32,124,96,53,90,802,Cobble,SC1,0,0,0,0,Trimble,NA
716,2806335.36,1266649.99,7459.01,PITRCK,Relocate 2020,9/29/2020,Before,230000111695,1,Riffle 1,32,120,97,77,90,1034,Cobble,SC1,0,0,0,0,Trimble,NA
717,2806335.30,1266655.94,7459.11,PITRCK,Relocate 2020,9/29/2020,Before,228000607532,1,Riffle 1,23,90,55,42,64,446,Gravel,VCG2,0,1,0,0,Trimble,NA
718,2806334.55,1266661.19,7459.1,PITRCK,Relocate 2020,9/29/2020,Before,230000111631,1,Riffle 1,32,97,56,50,64,363,Gravel,VCG2,0,1,0,0,Trimble,embedded in sand
719,2806335.10,1266668.35,7459.23,PITRCK,Relocate 2020,9/29/2020,Before,230000111689,1,Riffle 1,32,141,84,37,90,888,Cobble,SC1,0,1,0,0,Trimble,NA
720,2806318.20,1266549.78,7459.12,PITRCK,Relocate 2020,9/29/2020,Before,228000607533,1,Riffle 1,23,89,65,52,64,400,Gravel,VCG2,0,1,0,0,Trimble,NA
721,2806317.50,1266555.66,7458.96,PITRCK,Relocate 2020,9/29/2020,Before,230000111712,1,Riffle 1,32,176,113,74,128,2062,Cobble,SC2,0,0,0,0,Trimble,NA
722,2806317.08,1266563.41,7458.89,PITRCK,Relocate 2020,9/29/2020,Before,230000111534,1,Riffle 1,32,157,135,130,180,3638,Cobble,LC1,0,0,0,0,Trimble,NA
723,2806316.36,1266570.41,7458.99,PITRCK,Relocate 2020,9/29/2020,Before,228000607520,1,Riffle 1,23,90,64,52,64,543,Gravel,VCG2,0,1,0,0,Trimble,NA
724,2806315.93,1266574.53,7459.26,PITRCK,Relocate 2020,9/29/2020,Before,230000111598,1,Riffle 1,32,142,104,54,128,1046,Cobble,SC2,0,0,0,0,Trimble,NA
725,2806315.94,1266579.94,7459.4,PITRCK,Relocate 2020,9/29/2020,Before,230000111741,1,Riffle 1,32,148,100,84,128,1958,Cobble,SC2,0,0,0,0,Trimble,NA
726,2806312.61,1266584.16,7459.21,PITRCK,Relocate 2020,9/29/2020,Before,228000607546,1,Riffle 1,23,97,71,35,64,338,Gravel,VCG2,1,0,0,0,Trimble,moved ~2.0 ft
727,2806314.03,1266591.01,7459.18,PITRCK,Relocate 2020,9/29/2020,Before,230000111523,1,Riffle 1,32,150,109,78,128,1992,Cobble,SC2,1,0,0,0,Trimble,moved ~1.0 ft
728,2806313.79,1266598.42,7459.21,PITRCK,Relocate 2020,9/29/2020,Before,230000111698,1,Riffle 1,32,89,82,70,90,771,Cobble,SC1,0,0,0,0,Trimble,NA
729,2806313.18,1266602.20,7459.2,PITRCK,Relocate 2020,9/29/2020,Before,230000111643,1,Riffle 1,32,184,125,58,128,2352,Cobble,SC2,1,0,0,0,Trimble,NA
730,2806313.32,1266607.06,7458.86,PITRCK,Relocate 2020,9/29/2020,Before,228000607537,1,Riffle 1,23,95,61,35,64,458,Gravel,VCG2,0,0,0,0,Trimble,NA
731,2806311.59,1266612.08,7459.01,PITRCK,Relocate 2020,9/29/2020,Before,230000111734,1,Riffle 1,32,120,104,64,128,1233,Cobble,SC2,0,0,0,0,Trimble,NA
732,2806312.11,1266616.62,7459.05,PITRCK,Relocate 2020,9/29/2020,Before,230000111651,1,Riffle 1,32,117,111,49,90,767,Cobble,SC1,1,0,0,0,Trimble,"moved ~0.25 ft, flipped"
733,2806310.93,1266623.42,7459.28,PITRCK,Relocate 2020,9/29/2020,Before,230000111733,1,Riffle 1,32,303,265,148,>256,15900,Boulder,SB1,0,0,0,0,Trimble,NA
734,2806310.03,1266629.15,7458.9,PITRCK,Relocate 2020,9/29/2020,Before,230000111679,1,Riffle 1,32,141,105,79,128,1381,Cobble,SC2,0,0,0,0,Trimble,NA
735,2806310.56,1266635.43,7458.8,PITRCK,Relocate 2020,9/29/2020,Before,230000111623,1,Riffle 1,32,136,109,36,90,858,Cobble,SC1,0,0,0,0,Trimble,NA
736,2806309.05,1266639.96,7458.86,PITRCK,Relocate 2020,9/29/2020,Before,230000111615,1,Riffle 1,32,134,115,42,128,986,Cobble,SC2,0,1,0,0,Trimble,NA
737,2806309.80,1266647.21,7458.85,PITRCK,Relocate 2020,9/29/2020,Before,230000111544,1,Riffle 1,32,86,73,51,90,518,Cobble,SC1,0,0,0,0,Trimble,NA
738,2806308.59,1266656.35,7459.13,PITRCK,Relocate 2020,9/29/2020,Before,230000111550,1,Riffle 1,32,107,91,42,90,571,Cobble,SC1,0,0,0,0,Trimble,NA
739,2806299.58,1266549.83,7458.91,PITRCK,Relocate 2020,9/29/2020,Before,228000607541,1,Riffle 1,23,91,64,40,64,398,Gravel,VCG2,0,1,0,0,Trimble,NA
740,2806298.54,1266555.81,7458.71,PITRCK,Relocate 2020,9/29/2020,Before,230000111517,1,Riffle 1,32,142,136,46,128,1173,Cobble,SC2,0,0,0,0,Trimble,NA
741,2806292.42,1266557.83,7458.6,PITRCK,Relocate 2020,9/29/2020,Before,230000111708,1,Riffle 1,32,181,124,84,128,2277,Cobble,SC2,1,0,0,0,Trimble,moved <0.25 ft
742,2806296.93,1266565.23,7458.62,PITRCK,Relocate 2020,9/29/2020,Before,228000607524,1,Riffle 1,23,86,68,54,64,562,Gravel,VCG2,0,0,0,0,Trimble,NA
743,2806295.95,1266570.31,7458.78,PITRCK,Relocate 2020,9/29/2020,Before,230000111668,1,Riffle 1,32,177,112,67,128,1929,Cobble,SC2,0,0,0,0,Trimble,NA
744,2806295.27,1266576.61,7459.24,PITRCK,Relocate 2020,9/29/2020,Before,230000111510,1,Riffle 1,32,460,230,125,256,17100,Cobble,LC2,0,0,0,0,Trimble,NA
745,2806294.26,1266583.97,7459,PITRCK,Relocate 2020,9/29/2020,Before,228000607516,1,Riffle 1,23,81,63,55,64,514,Gravel,VCG2,0,0,0,0,Trimble,NA
746,2806287.99,1266588.11,7458.87,PITRCK,Relocate 2020,9/29/2020,Before,230000111595,1,Riffle 1,32,158,98,49,90,939,Cobble,SC1,0,0,0,0,Trimble,NA
747,2806292.85,1266596.18,7458.88,PITRCK,Relocate 2020,9/29/2020,Before,230000111676,1,Riffle 1,32,145,84,71,90,1337,Cobble,SC1,0,0,0,0,Trimble,NA
748,2806292.26,1266601.66,7459.01,PITRCK,Relocate 2020,9/29/2020,Before,230000111735,1,Riffle 1,32,141,117,56,128,1706,Cobble,SC2,0,0,0,0,Trimble,NA
749,2806284.13,1266606.64,7458.87,PITRCK,Relocate 2020,9/29/2020,Before,230000111686,1,Riffle 1,32,110,78,34,90,601,Cobble,SC1,0,1,0,0,Trimble,NA
750,2806291.11,1266613.24,7458.69,PITRCK,Relocate 2020,9/29/2020,Before,228000607509,1,Riffle 1,23,106,64,36,64,440,Gravel,VCG2,0,1,0,0,Trimble,NA
751,2806290.03,1266617.66,7458.7,PITRCK,Relocate 2020,9/29/2020,Before,230000111728,1,Riffle 1,32,165,123,75,180,2327,Cobble,LC1,0,0,0,0,Trimble,NA
752,2806290.04,1266624.24,7458.86,PITRCK,Relocate 2020,9/29/2020,Before,230000111594,1,Riffle 1,32,135,67,55,90,911,Cobble,SC1,0,0,0,0,Trimble,NA
753,2806290.38,1266630.82,7458.72,PITRCK,Relocate 2020,9/29/2020,Before,230000111566,1,Riffle 1,32,134,115,43,128,1003,Cobble,SC2,0,0,0,0,Trimble,NA
754,2806290.04,1266636.66,7458.96,PITRCK,Relocate 2020,9/29/2020,Before,230000111507,1,Riffle 1,32,331,236,143,256,11400,Cobble,LC2,1,0,0,0,Trimble,moved <0.25 ft
755,2806288.46,1266642.43,7458.92,PITRCK,Relocate 2020,9/29/2020,Before,230000111717,1,Riffle 1,32,135,93,59,90,1398,Cobble,SC1,0,0,0,0,Trimble,NA
756,2806289.50,1266648.08,7458.94,PITRCK,Relocate 2020,9/29/2020,Before,230000111560,1,Riffle 1,32,91,75,50,64,337,Gravel,VCG2,1,1,0,0,Trimble,moved ~0.5-1.0 ft
757,2806288.95,1266651.89,7458.94,PITRCK,Relocate 2020,9/29/2020,Before,230000111720,1,Riffle 1,32,119,100,43,90,741,Cobble,SC1,1,1,0,0,Trimble,moved ~0.5 ft
758,2806289.35,1266659.44,7459.1,PITRCK,Relocate 2020,9/29/2020,Before,230000111527,1,Riffle 1,32,139,76,75,90,1153,Cobble,SC1,0,1,0,0,Trimble,NA
759,2806308.59,1266664.58,7459.27,PITRCK,Relocate 2020,9/29/2020,Before,230000111575,1,Riffle 1,32,135,96,53,90,1034,Cobble,SC1,0,0,0,0,Trimble,NA
760,2806259.12,1266536.84,7458.7,PITRCK,Relocate 2020,9/29/2020,Before,228000607549,1,Riffle 1,23,72,50,38,64,185,Gravel,VCG2,0,1,0,0,Trimble,NA
761,2806257.95,1266541.54,7458.2,PITRCK,Relocate 2020,9/29/2020,Before,230000111556,1,Riffle 1,32,116,113,59,128,1187,Cobble,SC2,0,1,0,0,Trimble,NA
762,2806257.98,1266547.48,7458.61,PITRCK,Relocate 2020,9/29/2020,Before,230000111570,1,Riffle 1,32,218,94,50,128,2142,Cobble,SC2,0,0,0,0,Trimble,NA
763,2806253.18,1266552.87,7458.24,PITRCK,Relocate 2020,9/29/2020,Before,228000607577,1,Riffle 1,23,94,66,23,64,361,Gravel,VCG2,0,0,0,0,Trimble,NA
764,2806254.34,1266558.07,7458.39,PITRCK,Relocate 2020,9/29/2020,Before,230000111636,1,Riffle 1,32,141,97,83,128,2024,Cobble,SC2,0,0,0,0,Trimble,NA
765,2806254.10,1266563.34,7458.12,PITRCK,Relocate 2020,9/29/2020,Before,230000111716,1,Riffle 1,32,129,116,60,128,1338,Cobble,SC2,0,0,0,0,Trimble,NA
766,2806251.41,1266568.13,7458.4,PITRCK,Relocate 2020,9/29/2020,Before,230000111592,1,Riffle 1,32,213,113,49,128,2412,Cobble,SC2,1,0,0,0,Trimble,moved ~1.0-1.5 ft
767,2806247.67,1266573.59,7458.42,PITRCK,Relocate 2020,9/29/2020,Before,228000607565,1,Riffle 1,23,94,58,56,64,433,Gravel,VCG2,0,1,0,0,Trimble,NA
768,2806250.70,1266579.43,7458.67,PITRCK,Relocate 2020,9/29/2020,Before,230000111551,1,Riffle 1,32,189,103,71,128,1963,Cobble,SC2,1,0,0,0,Trimble,moved ~2.0 ft
769,2806250.54,1266586.77,7458.49,PITRCK,Relocate 2020,9/29/2020,Before,230000111525,1,Riffle 1,32,104,86,46,90,837,Cobble,SC1,0,0,0,0,Trimble,NA
770,2806248.03,1266592.31,7458.88,PITRCK,Relocate 2020,9/29/2020,Before,230000111578,1,Riffle 1,32,374,275,144,>256,19700,Boulder,SB1,0,0,0,0,Trimble,NA
771,2806240.48,1266597.08,7458.2,PITRCK,Relocate 2020,9/29/2020,Before,230000111555,1,Riffle 1,32,109,71,69,90,826,Cobble,SC1,0,1,0,0,Trimble,NA
772,2806248.38,1266603.95,7458.41,PITRCK,Relocate 2020,9/29/2020,Before,230000111746,1,Riffle 1,32,111,68,59,90,775,Cobble,SC1,0,0,0,0,Trimble,NA
773,2806247.79,1266607.03,7458.41,PITRCK,Relocate 2020,9/29/2020,Before,230000111707,1,Riffle 1,32,151,98,58,90,1186,Cobble,SC1,0,0,0,0,Trimble,NA
774,2806244.99,1266611.86,7458.32,PITRCK,Relocate 2020,9/29/2020,Before,230000111577,1,Riffle 1,32,102,78,45,90,546,Cobble,SC1,1,0,0,0,Trimble,moved ~3.0 ft
775,2806245.35,1266617.84,7458.44,PITRCK,Relocate 2020,9/29/2020,Before,230000111607,1,Riffle 1,32,113,100,63,90,1093,Cobble,SC1,0,1,0,0,Trimble,NA
776,2806248.13,1266623.44,7458.32,PITRCK,Relocate 2020,9/29/2020,Before,230000111567,1,Riffle 1,32,128,104,33,90,645,Cobble,SC1,0,1,0,0,Trimble,NA
777,2806247.87,1266629.07,7457.79,PITRCK,Relocate 2020,9/29/2020,Before,228000607560,1,Riffle 1,23,82,64,37,64,407,Gravel,VCG2,0,1,0,0,Trimble,NA
778,2806247.06,1266633.81,7457.62,PITRCK,Relocate 2020,9/29/2020,Before,230000111648,1,Riffle 1,32,101,88,34,90,508,Cobble,SC1,0,1,0,0,Trimble,NA
779,2806245.67,1266641.80,7458.82,PITRCK,Relocate 2020,9/29/2020,Before,228000607517,1,Riffle 1,23,68,56,43,64,241,Gravel,VCG2,0,0,0,0,Trimble,NA
780,2806238.62,1266531.67,7458.51,PITRCK,Relocate 2020,9/29/2020,Before,230000111581,1,Riffle 1,32,113,101,43,90,755,Cobble,SC1,0,0,0,0,Trimble,NA
781,2806237.49,1266539.69,7458.28,PITRCK,Relocate 2020,9/29/2020,Before,228000607507,1,Riffle 1,23,65,45,42,64,197,Gravel,VCG2,0,0,0,0,Trimble,NA
782,2806236.49,1266545.03,7458.27,PITRCK,Relocate 2020,9/29/2020,Before,230000111693,1,Riffle 1,32,154,92,58,90,1342,Cobble,SC1,0,1,0,0,Trimble,NA
783,2806235.70,1266550.88,7458.31,PITRCK,Relocate 2020,9/29/2020,Before,230000111535,1,Riffle 1,32,168,101,97,128,1715,Cobble,SC2,0,0,0,0,Trimble,NA
784,2806234.32,1266554.73,7458.25,PITRCK,Relocate 2020,9/29/2020,Before,230000111562,1,Riffle 1,32,197,169,68,180,3575,Cobble,LC1,0,0,0,0,Trimble,NA
785,2806233.02,1266560.03,7458.22,PITRCK,Relocate 2020,9/29/2020,Before,228000607552,1,Riffle 1,23,75,64,54,64,543,Gravel,VCG2,0,0,0,0,Trimble,NA
786,2806227.90,1266562.14,7458.07,PITRCK,Relocate 2020,9/29/2020,Before,230000111700,1,Riffle 1,32,131,82,56,90,709,Cobble,SC1,0,0,0,0,Trimble,NA
787,2806231.74,1266570.06,7458.23,PITRCK,Relocate 2020,9/29/2020,Before,230000111521,1,Riffle 1,32,203,83,83,90,2179,Cobble,SC1,0,0,0,0,Trimble,NA
788,2806219.92,1266572.76,7458.25,PITRCK,Relocate 2020,9/29/2020,Before,230000111516,1,Riffle 1,32,126,96,79,128,1425,Cobble,SC2,1,0,0,0,Trimble,moved ~0.5-1.0 ft
789,2806230.48,1266579.05,7458.1,PITRCK,Relocate 2020,9/29/2020,Before,228000607535,1,Riffle 1,23,74,54,36,64,254,Gravel,VCG2,0,1,0,0,Trimble,NA
790,2806228.51,1266582.50,7458.15,PITRCK,Relocate 2020,9/29/2020,Before,230000111545,1,Riffle 1,32,121,71,58,90,829,Cobble,SC1,0,1,0,0,Trimble,NA
791,2806223.25,1266586.97,7458.01,PITRCK,Relocate 2020,9/29/2020,Before,230000111540,1,Riffle 1,32,119,82,59,90,734,Cobble,SC1,0,0,0,0,Trimble,NA
792,2806229.47,1266593.21,7458.08,PITRCK,Relocate 2020,9/29/2020,Before,230000111506,1,Riffle 1,32,110,108,41,128,941,Cobble,SC2,0,1,0,0,Trimble,NA
793,2806224.12,1266598.07,7458.12,PITRCK,Relocate 2020,9/29/2020,Before,230000111667,1,Riffle 1,32,153,114,52,128,1347,Cobble,SC2,0,0,0,0,Trimble,NA
794,2806226.22,1266606.01,7458.52,PITRCK,Relocate 2020,9/29/2020,Before,230000111614,1,Riffle 1,32,306,205,256,256,18900,Cobble,LC2,0,0,0,0,Trimble,NA
795,2806224.86,1266611.98,7457.99,PITRCK,Relocate 2020,9/29/2020,Before,230000111549,1,Riffle 1,32,82,76,75,90,643,Cobble,SC1,0,0,0,0,Trimble,NA
796,2806221.71,1266613.22,7457.82,PITRCK,Relocate 2020,9/29/2020,Before,230000111596,1,Riffle 1,32,86,73,64,90,548,Cobble,SC1,1,0,0,0,Trimble,moved ~1.0 ft
797,2806222.28,1266619.93,7458.17,PITRCK,Relocate 2020,9/29/2020,Before,230000111503,1,Riffle 1,32,156,92,43,90,895,Cobble,SC1,1,0,0,0,Trimble,moved ~0.5 ft
798,2806222.94,1266626.55,7458.4,PITRCK,Relocate 2020,9/29/2020,Before,230000111548,1,Riffle 1,32,90,76,52,90,530,Cobble,SC1,0,0,0,0,Trimble,NA
799,2806215.02,1266627.47,7458.47,PITRCK,Relocate 2020,9/29/2020,Before,228000607571,1,Riffle 1,23,127,71,31,64,415,Gravel,VCG2,0,1,0,0,Trimble,NA
800,2804503.19,1266619.32,7453.81,PITRCK,Relocate 2020,9/30/2020,Before,230000111682,2,Riffle 2,32,110,97,52,90,812,Cobble,SC1,0,0,0,0,Trimble,NA
801,2804501.80,1266612.98,7453.6,PITRCK,Relocate 2020,9/30/2020,Before,228000607570,2,Riffle 2,23,75,63,48,64,338,Gravel,VCG2,0,1,1,0,Trimble,first survey where embeddedness was recorded
802,2804500.73,1266608.19,7453.68,PITRCK,Relocate 2020,9/30/2020,Before,230000111747,2,Riffle 2,32,110,100,59,128,897,Cobble,SC2,0,0,1,0,Trimble,NA
803,2804499.54,1266602.93,7453.66,PITRCK,Relocate 2020,9/30/2020,Before,230000111646,2,Riffle 2,32,93,77,55,90,508,Cobble,SC1,0,1,1,0,Trimble,NA
804,2804497.38,1266597.54,7453.72,PITRCK,Relocate 2020,9/30/2020,Before,230000111620,2,Riffle 2,32,159,120,46,128,1290,Cobble,SC2,0,0,1,0,Trimble,NA
805,2804486.96,1266594.29,7453.61,PITRCK,Relocate 2020,9/30/2020,Before,230000111681,2,Riffle 2,32,100,65,55,90,572,Cobble,SC1,0,0,0,0,Trimble,NA
806,2804492.88,1266589.84,7453.64,PITRCK,Relocate 2020,9/30/2020,Before,228000607576,2,Riffle 2,23,104,64,43,64,599,Gravel,VCG2,0,0,0,0,Trimble,NA
807,2804491.89,1266585.27,7453.61,PITRCK,Relocate 2020,9/30/2020,Before,230000111601,2,Riffle 2,32,129,115,45,128,1232,Cobble,SC2,1,0,0,0,Trimble,moved ~1.0 ft
808,2804492.90,1266579.81,7453.49,PITRCK,Relocate 2020,9/30/2020,Before,230000111723,2,Riffle 2,32,146,89,36,90,807,Cobble,SC1,0,0,0,0,Trimble,NA
809,2804491.19,1266575.64,7453.34,PITRCK,Relocate 2020,9/30/2020,Before,230000111704,2,Riffle 2,32,95,73,41,64,416,Gravel,VCG2,0,1,1,0,Trimble,NA
810,2804490.91,1266571.57,7453.83,PITRCK,Relocate 2020,9/30/2020,Before,230000111666,2,Riffle 2,32,321,290,200,>256,18300,Boulder,SB1,0,0,0,0,Trimble,NA
811,2804488.30,1266566.72,7453.37,PITRCK,Relocate 2020,9/30/2020,Before,230000111657,2,Riffle 2,32,100,72,42,64,379,Gravel,VCG2,0,0,0,0,Trimble,NA
812,2804488.16,1266563.81,7453.42,PITRCK,Relocate 2020,9/30/2020,Before,230000111547,2,Riffle 2,32,168,111,53,90,1488,Cobble,SC1,1,0,0,0,Trimble,moved ~0.25 ft
813,2804487.12,1266559.58,7452.99,PITRCK,Relocate 2020,9/30/2020,Before,230000111703,2,Riffle 2,32,114,85,37,90,604,Cobble,SC1,0,0,0,0,Trimble,NA
814,2804484.74,1266554.00,7453.04,PITRCK,Relocate 2020,9/30/2020,Before,230000111618,2,Riffle 2,32,115,108,78,128,1109,Cobble,SC2,0,0,0,0,Trimble,NA
815,2804485.40,1266550.20,7453.18,PITRCK,Relocate 2020,9/30/2020,Before,230000111654,2,Riffle 2,32,114,105,95,128,1678,Cobble,SC2,0,0,0,0,Trimble,NA
816,2804484.25,1266546.19,7452.97,PITRCK,Relocate 2020,9/30/2020,Before,230000111627,2,Riffle 2,32,151,80,39,90,787,Cobble,SC1,0,1,0,0,Trimble,NA
817,2804483.17,1266542.15,7453.39,PITRCK,Relocate 2020,9/30/2020,Before,230000111508,2,Riffle 2,32,256,214,190,256,16900,Cobble,LC2,1,0,0,0,Trimble,moved ~1.0 ft
818,2804483.43,1266538.18,7453.1,PITRCK,Relocate 2020,9/30/2020,Before,230000111583,2,Riffle 2,32,85,61,55,90,493,Cobble,SC1,0,0,0,0,Trimble,NA
819,2804481.69,1266533.98,7453.23,PITRCK,Relocate 2020,9/30/2020,Before,230000111619,2,Riffle 2,32,95,64,54,90,460,Cobble,SC1,0,1,0,0,Trimble,NA
820,2804481.32,1266530.53,7453.48,PITRCK,Relocate 2020,9/30/2020,Before,230000111672,2,Riffle 2,32,102,80,55,90,831,Cobble,SC1,1,0,0,0,Trimble,moved ~1.0 ft
821,2804479.25,1266525.67,7453.9,PITRCK,Relocate 2020,9/30/2020,Before,230000111673,2,Riffle 2,32,139,96,75,128,1437,Cobble,SC2,1,0,0,0,Trimble,moved ~0.5 ft
822,2804478.21,1266520.94,7453.92,PITRCK,Relocate 2020,9/30/2020,Before,230000111649,2,Riffle 2,32,150,87,55,90,1202,Cobble,SC1,0,0,1,1,Trimble,buried
823,2804478.08,1266516.81,7454.22,PITRCK,Relocate 2020,9/30/2020,Before,230000111713,2,Riffle 2,32,104,86,45,90,730,Cobble,SC1,0,1,0,0,Trimble,NA
824,2804476.29,1266509.94,7454.49,PITRCK,Relocate 2020,9/30/2020,Before,230000111685,2,Riffle 2,32,110,96,55,90,873,Cobble,SC1,0,0,1,1,Trimble,buried
825,2804522.00,1266623.40,7453.75,PITRCK,Relocate 2020,9/30/2020,Before,228000607572,2,Riffle 2,23,75,68,37,64,300,Gravel,VCG2,0,0,1,0,Trimble,NA
826,2804521.86,1266619.35,7453.41,PITRCK,Relocate 2020,9/30/2020,Before,230000111599,2,Riffle 2,32,135,120,75,128,1877,Cobble,SC2,0,0,1,0,Trimble,NA
827,2804519.86,1266613.72,7453.38,PITRCK,Relocate 2020,9/30/2020,Before,230000111715,2,Riffle 2,32,168,117,70,128,2178,Cobble,SC2,0,0,1,0,Trimble,NA
828,2804518.56,1266608.06,7453.56,PITRCK,Relocate 2020,9/30/2020,Before,230000111732,2,Riffle 2,32,210,158,107,180,3929,Cobble,LC1,0,0,1,0,Trimble,NA
829,2804517.40,1266603.65,7453.8,PITRCK,Relocate 2020,9/30/2020,Before,230000111675,2,Riffle 2,32,98,89,68,90,939,Cobble,SC1,0,0,1,0,Trimble,NA
830,2804514.69,1266598.19,7453.83,PITRCK,Relocate 2020,9/30/2020,Before,228000607528,2,Riffle 2,23,84,69,41,64,409,Gravel,VCG2,0,0,1,0,Trimble,NA
831,2804512.94,1266593.12,7453.99,PITRCK,Relocate 2020,9/30/2020,Before,230000111670,2,Riffle 2,32,95,80,51,90,627,Cobble,SC1,0,0,1,0,Trimble,NA
832,2804512.28,1266586.17,7453.85,PITRCK,Relocate 2020,9/30/2020,Before,230000111696,2,Riffle 2,32,103,89,59,90,759,Cobble,SC1,0,1,1,0,Trimble,NA
833,2804510.96,1266582.03,7453.99,PITRCK,Relocate 2020,9/30/2020,Before,230000111739,2,Riffle 2,32,99,86,33,90,557,Cobble,SC1,1,1,0,0,Trimble,moved ~0.25 ft
834,2804510.54,1266574.23,7453.75,PITRCK,Relocate 2020,9/30/2020,Before,228000607506,2,Riffle 2,23,87,72,35,64,423,Gravel,VCG2,0,1,0,0,Trimble,NA
835,2804509.57,1266567.77,7453.6,PITRCK,Relocate 2020,9/30/2020,Before,230000111697,2,Riffle 2,32,115,89,65,128,985,Cobble,SC2,0,0,0,0,Trimble,NA
836,2804509.09,1266561.88,7453.58,PITRCK,Relocate 2020,9/30/2020,Before,230000111621,2,Riffle 2,32,118,79,65,90,1151,Cobble,SC1,0,1,0,0,Trimble,NA
837,2804507.49,1266555.85,7453.42,PITRCK,Relocate 2020,9/30/2020,Before,230000111730,2,Riffle 2,32,120,114,65,128,1278,Cobble,SC2,0,0,0,0,Trimble,NA
838,2804510.06,1266549.97,7453.74,PITRCK,Relocate 2020,9/30/2020,Before,230000111522,2,Riffle 2,32,295,250,174,256,16100,Cobble,LC2,0,0,0,0,Trimble,NA
839,2804508.98,1266544.61,7453.27,PITRCK,Relocate 2020,9/30/2020,Before,230000111671,2,Riffle 2,32,110,93,42,90,657,Cobble,SC1,0,1,0,0,Trimble,NA
840,2804508.31,1266538.94,7453.32,PITRCK,Relocate 2020,9/30/2020,Before,228000607554,2,Riffle 2,23,81,64,30,64,213,Gravel,VCG2,0,1,0,0,Trimble,NA
841,2804508.43,1266532.67,7453.63,PITRCK,Relocate 2020,9/30/2020,Before,230000111638,2,Riffle 2,32,165,133,106,128,3239,Cobble,SC2,0,0,0,0,Trimble,NA
842,2804507.18,1266527.44,7453.46,PITRCK,Relocate 2020,9/30/2020,Before,230000111526,2,Riffle 2,32,119,101,43,90,1036,Cobble,SC1,0,0,0,0,Trimble,NA
843,2804506.35,1266521.90,7453.55,PITRCK,Relocate 2020,9/30/2020,Before,230000111711,2,Riffle 2,32,155,106,45,128,990,Cobble,SC2,1,0,0,0,Trimble,moved ~0.5 ft
844,2804506.11,1266516.88,7453.64,PITRCK,Relocate 2020,9/30/2020,Before,230000111629,2,Riffle 2,32,155,132,54,128,1834,Cobble,SC2,0,0,0,0,Trimble,NA
845,2804505.65,1266512.43,7453.46,PITRCK,Relocate 2020,9/30/2020,Before,228000607564,2,Riffle 2,23,108,64,45,64,477,Gravel,VCG2,0,0,0,0,Trimble,NA
846,2804505.88,1266507.53,7453.8,PITRCK,Relocate 2020,9/30/2020,Before,230000111606,2,Riffle 2,32,147,108,64,128,1636,Cobble,SC2,0,0,0,0,Trimble,NA
847,2804505.51,1266503.03,7453.39,PITRCK,Relocate 2020,9/30/2020,Before,230000111658,2,Riffle 2,32,90,83,56,90,732,Cobble,SC1,0,0,0,0,Trimble,NA
848,2804504.70,1266497.55,7453.66,PITRCK,Relocate 2020,9/30/2020,Before,230000111718,2,Riffle 2,32,85,72,57,90,509,Cobble,SC1,0,1,0,0,Trimble,NA
849,2804502.87,1266488.31,7454.71,PITRCK,Relocate 2020,9/30/2020,Before,230000111665,2,Riffle 2,32,83,68,48,90,400,Cobble,SC1,0,0,0,0,Trimble,NA
850,2804540.98,1266619.25,7453.99,PITRCK,Relocate 2020,9/30/2020,Before,228000607526,2,Riffle 2,23,117,74,43,64,561,Gravel,VCG2,0,1,1,0,Trimble,NA
851,2804539.92,1266613.99,7453.63,PITRCK,Relocate 2020,9/30/2020,Before,230000111584,2,Riffle 2,32,145,141,67,128,2105,Cobble,SC2,0,0,0,0,Trimble,NA
852,2804539.01,1266607.88,7453.95,PITRCK,Relocate 2020,9/30/2020,Before,230000111512,2,Riffle 2,32,135,102,78,128,1872,Cobble,SC2,0,0,0,0,Trimble,NA
853,2804538.76,1266602.18,7454.26,PITRCK,Relocate 2020,9/30/2020,Before,230000111705,2,Riffle 2,32,160,84,69,90,1747,Cobble,SC1,0,1,0,0,Trimble,NA
854,2804535.61,1266595.34,7454.66,PITRCK,Relocate 2020,9/30/2020,Before,230000111586,2,Riffle 2,32,135,97,68,128,1766,Cobble,SC2,0,0,0,0,Trimble,NA
855,2804533.89,1266589.56,7454.45,PITRCK,Relocate 2020,9/30/2020,Before,228000607561,2,Riffle 2,23,106,53,49,64,350,Gravel,VCG2,0,0,0,0,Trimble,NA
856,2804536.58,1266581.63,7454.39,PITRCK,Relocate 2020,9/30/2020,Before,230000111553,2,Riffle 2,32,144,123,55,128,1551,Cobble,SC2,0,0,0,0,Trimble,NA
857,2804535.12,1266575.29,7454.25,PITRCK,Relocate 2020,9/30/2020,Before,230000111669,2,Riffle 2,32,151,137,65,128,2083,Cobble,SC2,0,0,0,0,Trimble,NA
858,2804532.84,1266570.94,7453.82,PITRCK,Relocate 2020,9/30/2020,Before,230000111655,2,Riffle 2,32,107,68,56,90,697,Cobble,SC1,1,0,1,0,Trimble,"moved ~0.25 ft, buried"
859,2804536.21,1266562.83,7453.77,PITRCK,Relocate 2020,9/30/2020,Before,230000111738,2,Riffle 2,32,140,110,77,128,1999,Cobble,SC2,1,1,0,0,Trimble,NA
860,2804535.25,1266559.25,7453.51,PITRCK,Relocate 2020,9/30/2020,Before,228000607548,2,Riffle 2,23,67,55,52,64,344,Gravel,VCG2,1,1,0,0,Trimble,NA
861,2804535.15,1266551.87,7453.65,PITRCK,Relocate 2020,9/30/2020,Before,230000111634,2,Riffle 2,32,367,215,128,256,16700,Cobble,LC2,0,0,0,0,Trimble,NA
862,2804533.31,1266545.33,7453.35,PITRCK,Relocate 2020,9/30/2020,Before,230000111564,2,Riffle 2,32,109,85,42,90,747,Cobble,SC1,0,0,1,0,Trimble,NA
863,2804531.45,1266539.91,7453.36,PITRCK,Relocate 2020,9/30/2020,Before,230000111719,2,Riffle 2,32,165,110,61,128,1712,Cobble,SC2,1,0,0,0,Trimble,moved ~1.0 ft
864,2804531.82,1266536.29,7453.58,PITRCK,Relocate 2020,9/30/2020,Before,230000111587,2,Riffle 2,32,320,235,105,256,11600,Cobble,LC2,0,0,0,0,Trimble,NA
865,2804530.71,1266530.07,7453.57,PITRCK,Relocate 2020,9/30/2020,Before,230000111742,2,Riffle 2,32,111,72,46,90,646,Cobble,SC1,0,1,1,0,Trimble,NA
866,2804525.57,1266526.66,7453.67,PITRCK,Relocate 2020,9/30/2020,Before,230000111603,2,Riffle 2,32,181,125,100,128,3827,Cobble,SC2,0,0,0,0,Trimble,NA
867,2804528.93,1266521.61,7453.57,PITRCK,Relocate 2020,9/30/2020,Before,228000607538,2,Riffle 2,23,74,53,22,64,257,Gravel,VCG2,0,0,0,0,Trimble,NA
868,2804528.51,1266517.66,7453.74,PITRCK,Relocate 2020,9/30/2020,Before,230000111664,2,Riffle 2,32,116,88,67,90,904,Cobble,SC1,0,0,1,0,Trimble,NA
869,2804527.42,1266513.10,7453.74,PITRCK,Relocate 2020,9/30/2020,Before,230000111574,2,Riffle 2,32,122,118,43,128,1033,Cobble,SC2,0,0,0,0,Trimble,NA
870,2804526.51,1266508.52,7453.79,PITRCK,Relocate 2020,9/30/2020,Before,230000111585,2,Riffle 2,32,115,105,33,90,770,Cobble,SC1,0,0,0,0,Trimble,NA
871,2804526.28,1266503.55,7454.02,PITRCK,Relocate 2020,9/30/2020,Before,230000111642,2,Riffle 2,32,190,98,44,90,1225,Cobble,SC1,0,0,0,0,Trimble,NA
872,2804525.96,1266499.63,7454.16,PITRCK,Relocate 2020,9/30/2020,Before,230000111652,2,Riffle 2,32,120,78,71,90,861,Cobble,SC1,0,1,0,0,Trimble,NA
873,2804525.98,1266494.76,7454.24,PITRCK,Relocate 2020,9/30/2020,Before,228000607511,2,Riffle 2,23,120,75,50,64,466,Gravel,VCG2,0,0,0,0,Trimble,NA
874,2804524.56,1266489.72,7454.57,PITRCK,Relocate 2020,9/30/2020,Before,230000111660,2,Riffle 2,32,112,87,57,90,727,Cobble,SC1,0,1,1,0,Trimble,NA
875,2804559.00,1266615.08,7453.66,PITRCK,Relocate 2020,9/30/2020,Before,230000111602,2,Riffle 2,32,178,155,48,180,2087,Cobble,LC1,0,0,1,0,Trimble,NA
876,2804557.06,1266606.07,7454.7,PITRCK,Relocate 2020,9/30/2020,Before,230000111645,2,Riffle 2,32,134,101,91,128,2037,Cobble,SC2,0,0,0,0,Trimble,NA
877,2804556.20,1266599.86,7454.44,PITRCK,Relocate 2020,9/30/2020,Before,228000607547,2,Riffle 2,23,80,70,43,64,370,Gravel,VCG2,0,1,1,0,Trimble,NA
878,2804555.77,1266594.29,7454.55,PITRCK,Relocate 2020,9/30/2020,Before,230000111502,2,Riffle 2,32,148,121,63,128,2125,Cobble,SC2,0,0,1,0,Trimble,NA
879,2804555.05,1266588.99,7454.33,PITRCK,Relocate 2020,9/30/2020,Before,230000111504,2,Riffle 2,32,166,128,81,128,2127,Cobble,SC2,0,0,0,0,Trimble,NA
880,2804552.85,1266581.72,7454.32,PITRCK,Relocate 2020,9/30/2020,Before,230000111572,2,Riffle 2,32,162,104,67,128,1710,Cobble,SC2,1,0,0,0,Trimble,moved ~0.5 ft
881,2804553.29,1266575.80,7454.34,PITRCK,Relocate 2020,9/30/2020,Before,230000111729,2,Riffle 2,32,346,280,115,>256,21300,Boulder,SB1,0,0,0,0,Trimble,NA
882,2804549.10,1266568.98,7453.89,PITRCK,Relocate 2020,9/30/2020,Before,230000111538,2,Riffle 2,32,186,126,93,128,2956,Cobble,SC2,0,0,0,0,Trimble,NA
883,2804551.87,1266562.28,7453.74,PITRCK,Relocate 2020,9/30/2020,Before,230000111727,2,Riffle 2,32,165,125,60,128,2087,Cobble,SC2,1,0,0,0,Trimble,moved ~0.5 ft
884,2804548.80,1266557.32,7453.62,PITRCK,Relocate 2020,9/30/2020,Before,228000607539,2,Riffle 2,23,110,63,31,64,372,Gravel,VCG2,1,1,0,0,Trimble,moved ~1.25 ft
885,2804550.96,1266552.25,7453.67,PITRCK,Relocate 2020,9/30/2020,Before,230000111709,2,Riffle 2,32,201,182,58,180,3584,Cobble,LC1,0,0,0,0,Trimble,NA
886,2804549.99,1266546.59,7453.49,PITRCK,Relocate 2020,9/30/2020,Before,230000111605,2,Riffle 2,32,140,121,59,128,1380,Cobble,SC2,0,0,0,0,Trimble,NA
887,2804548.72,1266541.61,7453.49,PITRCK,Relocate 2020,9/30/2020,Before,230000111694,2,Riffle 2,32,150,109,88,128,1738,Cobble,SC2,0,0,0,0,Trimble,NA
888,2804547.43,1266536.76,7453.39,PITRCK,Relocate 2020,9/30/2020,Before,228000607514,2,Riffle 2,23,139,64,54,64,813,Gravel,VCG2,0,0,0,0,Trimble,NA
889,2804547.22,1266531.35,7453.6,PITRCK,Relocate 2020,9/30/2020,Before,230000111604,2,Riffle 2,32,195,62,56,90,1437,Cobble,SC1,0,0,0,0,Trimble,NA
890,2804548.20,1266526.18,7453.72,PITRCK,Relocate 2020,9/30/2020,Before,230000111593,2,Riffle 2,32,165,66,54,90,1192,Cobble,SC1,1,0,0,0,Trimble,moved ~0.5 ft
891,2804547.96,1266523.03,7453.65,PITRCK,Relocate 2020,9/30/2020,Before,230000111568,2,Riffle 2,32,133,87,49,90,784,Cobble,SC1,0,0,0,0,Trimble,NA
892,2804547.35,1266517.20,7453.92,PITRCK,Relocate 2020,9/30/2020,Before,228000607540,2,Riffle 2,23,100,67,46,64,506,Gravel,VCG2,0,0,0,0,Trimble,NA
893,2804547.41,1266511.53,7454.08,PITRCK,Relocate 2020,9/30/2020,Before,230000111745,2,Riffle 2,32,96,94,43,90,833,Cobble,SC1,0,1,0,0,Trimble,NA
894,2804546.70,1266506.76,7453.98,PITRCK,Relocate 2020,9/30/2020,Before,230000111622,2,Riffle 2,32,122,66,42,90,555,Cobble,SC1,0,0,1,0,Trimble,NA
895,2804547.11,1266501.88,7454.15,PITRCK,Relocate 2020,9/30/2020,Before,228000607569,2,Riffle 2,23,99,78,44,64,493,Gravel,VCG2,0,1,0,0,Trimble,NA
896,2804545.11,1266498.25,7454.16,PITRCK,Relocate 2020,9/30/2020,Before,228000607558,2,Riffle 2,23,88,73,38,64,444,Gravel,VCG2,0,1,0,0,Trimble,NA
897,2804544.64,1266493.51,7454.44,PITRCK,Relocate 2020,9/30/2020,Before,228000607504,2,Riffle 2,23,77,65,40,64,362,Gravel,VCG2,0,1,0,0,Trimble,NA
898,2804543.84,1266487.57,7454.36,PITRCK,Relocate 2020,9/30/2020,Before,228000607545,2,Riffle 2,23,71,65,55,64,387,Gravel,VCG2,0,0,1,1,Trimble,"buried, exlcude from analysis, did not find rock"
899,2804542.38,1266482.43,7454.88,PITRCK,Relocate 2020,9/30/2020,Before,228000607527,2,Riffle 2,23,70,74,55,64,425,Gravel,VCG2,0,0,0,0,Trimble,NA
900,2802796.81,1266336.14,7447.87,PITRCK,Relocate 2020,9/30/2020,Before,228000607568,3,Riffle 3,23,91,69,40,64,384,Gravel,VCG2,0,0,0,0,Trimble,NA
901,2802799.44,1266330.58,7447.52,PITRCK,Relocate 2020,9/30/2020,Before,230000111687,3,Riffle 3,32,167,118,59,128,1363,Cobble,SC2,0,1,0,0,Trimble,NA
902,2802800.54,1266325.15,7447.43,PITRCK,Relocate 2020,9/30/2020,Before,230000111539,3,Riffle 3,32,153,112,75,128,1871,Cobble,SC2,0,1,0,0,Trimble,NA
903,2802803.66,1266320.74,7447.26,PITRCK,Relocate 2020,9/30/2020,Before,230000111628,3,Riffle 3,32,180,98,45,90,1341,Cobble,SC1,0,1,0,0,Trimble,NA
904,2802805.91,1266315.55,7447.35,PITRCK,Relocate 2020,9/30/2020,Before,230000111501,3,Riffle 3,32,148,110,100,128,2344,Cobble,SC2,0,1,0,0,Trimble,NA
905,2802808.44,1266311.97,7447.46,PITRCK,Relocate 2020,9/30/2020,Before,230000111616,3,Riffle 3,32,153,135,74,128,2113,Cobble,SC2,1,0,0,0,Trimble,moved ~0.5 ft
906,2802812.27,1266306.11,7447.32,PITRCK,Relocate 2020,9/30/2020,Before,228000607522,3,Riffle 3,23,136,61,33,64,516,Gravel,VCG2,0,1,0,0,Trimble,NA
907,2802813.39,1266302.00,7447.39,PITRCK,Relocate 2020,9/30/2020,Before,230000111524,3,Riffle 3,32,154,89,64,90,1292,Cobble,SC1,0,1,0,0,Trimble,NA
908,2802816.27,1266297.32,7447.35,PITRCK,Relocate 2020,9/30/2020,Before,230000111537,3,Riffle 3,32,158,99,67,128,1856,Cobble,SC2,0,0,0,0,Trimble,NA
909,2802818.96,1266292.23,7447.51,PITRCK,Relocate 2020,9/30/2020,Before,230000111552,3,Riffle 3,32,120,126,78,128,2224,Cobble,SC2,0,0,0,0,Trimble,NA
910,2802821.48,1266287.65,7447.71,PITRCK,Relocate 2020,9/30/2020,Before,230000111640,3,Riffle 3,32,336,221,183,256,18800,Cobble,LC2,0,0,0,0,Trimble,NA
911,2802825.55,1266282.74,7447.28,PITRCK,Relocate 2020,9/30/2020,Before,230000111591,3,Riffle 3,32,150,122,61,128,1204,Cobble,SC2,0,0,0,0,Trimble,NA
912,2802827.42,1266278.11,7447.35,PITRCK,Relocate 2020,9/30/2020,Before,230000111518,3,Riffle 3,32,129,102,56,90,1168,Cobble,SC1,0,0,0,0,Trimble,NA
913,2802830.19,1266274.17,7447.21,PITRCK,Relocate 2020,9/30/2020,Before,228000607525,3,Riffle 3,23,90,71,34,64,414,Gravel,VCG2,0,1,0,0,Trimble,NA
914,2802832.95,1266269.83,7447.23,PITRCK,Relocate 2020,9/30/2020,Before,230000111528,3,Riffle 3,32,116,93,67,90,1027,Cobble,SC1,0,0,0,0,Trimble,NA
915,2802835.85,1266262.69,7447.02,PITRCK,Relocate 2020,9/30/2020,Before,230000111571,3,Riffle 3,32,126,87,39,90,849,Cobble,SC1,1,0,0,0,Trimble,moved ~2.0 ft
916,2802838.94,1266259.62,7447,PITRCK,Relocate 2020,9/30/2020,Before,230000111662,3,Riffle 3,32,136,83,60,90,1117,Cobble,SC1,0,0,0,0,Trimble,NA
917,2802840.85,1266254.87,7446.84,PITRCK,Relocate 2020,9/30/2020,Before,228000607515,3,Riffle 3,23,61,57,54,64,362,Gravel,VCG2,0,0,0,0,Trimble,NA
918,2802843.88,1266251.18,7446.91,PITRCK,Relocate 2020,9/30/2020,Before,230000111688,3,Riffle 3,32,116,90,40,90,655,Cobble,SC1,1,0,0,0,Trimble,moved ~0.25 ft
919,2802843.60,1266247.62,7446.93,PITRCK,Relocate 2020,9/30/2020,Before,230000111579,3,Riffle 3,32,121,89,53,90,906,Cobble,SC1,1,1,0,0,Trimble,moved ~0.5 ft
920,2802848.52,1266244.13,7447.14,PITRCK,Relocate 2020,9/30/2020,Before,228000607556,3,Riffle 3,23,51,49,46,64,159,Gravel,VCG2,0,1,0,0,Trimble,NA
921,2802850.27,1266240.44,7447.05,PITRCK,Relocate 2020,9/30/2020,Before,230000111630,3,Riffle 3,32,115,98,59,90,1042,Cobble,SC1,0,0,0,0,Trimble,NA
922,2802852.70,1266236.56,7447.21,PITRCK,Relocate 2020,9/30/2020,Before,230000111509,3,Riffle 3,32,103,99,48,90,750,Cobble,SC1,0,0,0,0,Trimble,NA
923,2802856.98,1266233.12,7447.66,PITRCK,Relocate 2020,9/30/2020,Before,230000111609,3,Riffle 3,32,104,76,53,90,580,Cobble,SC1,1,0,0,0,Trimble,moved ~1.0 ft
924,2802859.54,1266228.05,7447.51,PITRCK,Relocate 2020,9/30/2020,Before,228000607562,3,Riffle 3,23,74,50,36,45,173,Gravel,VCG1,1,0,1,0,Trimble,"moved ~0.5 ft, buried"
925,2802813.83,1266343.31,7447.46,PITRCK,Relocate 2020,9/30/2020,Before,228000607502,3,Riffle 3,23,118,54,52,64,615,Gravel,VCG2,0,1,0,0,Trimble,NA
926,2802817.35,1266338.43,7447.38,PITRCK,Relocate 2020,9/30/2020,Before,230000111743,3,Riffle 3,32,119,97,74,90,1151,Cobble,SC1,0,0,0,0,Trimble,NA
927,2802818.86,1266331.65,7447.27,PITRCK,Relocate 2020,9/30/2020,Before,230000111714,3,Riffle 3,32,152,118,46,128,1749,Cobble,SC2,1,0,0,0,Trimble,moved ~1.5 ft
928,2802821.78,1266328.32,7447.24,PITRCK,Relocate 2020,9/30/2020,Before,230000111744,3,Riffle 3,32,113,96,57,90,914,Cobble,SC1,0,1,0,0,Trimble,NA
929,2802822.95,1266324.12,7447.3,PITRCK,Relocate 2020,9/30/2020,Before,230000111702,3,Riffle 3,32,115,108,100,128,1144,Cobble,SC2,0,0,0,0,Trimble,NA
930,2802826.42,1266320.66,7447.43,PITRCK,Relocate 2020,9/30/2020,Before,230000111740,3,Riffle 3,32,145,94,62,90,1384,Cobble,SC1,0,1,0,0,Trimble,NA
931,2802827.38,1266314.63,7447.65,PITRCK,Relocate 2020,9/30/2020,Before,230000111500,3,Riffle 3,32,265,245,90,256,12100,Cobble,LC2,0,1,0,0,Trimble,"no 2019 coordinates, check survey data"
932,2802830.93,1266310.40,7447.38,PITRCK,Relocate 2020,9/30/2020,Before,228000607555,3,Riffle 3,23,73,52,40,64,263,Gravel,VCG2,0,1,0,0,Trimble,NA
933,2802831.05,1266306.88,7447.5,PITRCK,Relocate 2020,9/30/2020,Before,230000111659,3,Riffle 3,32,164,139,68,128,2411,Cobble,SC2,1,1,0,0,Trimble,moved ~0.75 ft
934,2802834.86,1266302.41,7447.51,PITRCK,Relocate 2020,9/30/2020,Before,230000111582,3,Riffle 3,32,115,113,51,90,1007,Cobble,SC1,0,1,0,0,Trimble,NA
935,2802836.30,1266297.56,7447.34,PITRCK,Relocate 2020,9/30/2020,Before,230000111559,3,Riffle 3,32,104,81,74,90,892,Cobble,SC1,0,1,0,0,Trimble,NA
936,2802838.35,1266292.07,7447.37,PITRCK,Relocate 2020,9/30/2020,Before,228000607510,3,Riffle 3,23,82,65,40,64,401,Gravel,VCG2,0,1,0,0,Trimble,NA
937,2802838.31,1266288.22,7447.44,PITRCK,Relocate 2020,9/30/2020,Before,230000111633,3,Riffle 3,32,123,109,74,128,1530,Cobble,SC2,0,0,0,0,Trimble,NA
938,2802842.58,1266285.28,7447.58,PITRCK,Relocate 2020,9/30/2020,Before,230000111692,3,Riffle 3,32,111,81,77,90,969,Cobble,SC1,1,0,0,0,Trimble,moved ~0.25 ft
939,2802845.50,1266279.85,7447.41,PITRCK,Relocate 2020,9/30/2020,Before,230000111724,3,Riffle 3,32,169,128,69,128,2436,Cobble,SC2,0,0,0,0,Trimble,NA
940,2802848.91,1266275.40,7447.51,PITRCK,Relocate 2020,9/30/2020,Before,230000111617,3,Riffle 3,32,327,250,89,256,9000,Cobble,LC2,0,0,0,0,Trimble,NA
941,2802851.25,1266270.85,7447.17,PITRCK,Relocate 2020,9/30/2020,Before,228000607551,3,Riffle 3,23,92,72,43,64,477,Gravel,VCG2,0,0,1,0,Trimble,NA
942,2802852.98,1266266.35,7447.18,PITRCK,Relocate 2020,9/30/2020,Before,230000111546,3,Riffle 3,32,135,108,38,128,1187,Cobble,SC2,0,0,0,0,Trimble,NA
943,2802855.51,1266262.31,7447.18,PITRCK,Relocate 2020,9/30/2020,Before,230000111635,3,Riffle 3,32,100,86,60,90,643,Cobble,SC1,0,0,1,0,Trimble,NA
944,2802857.77,1266257.37,7447.17,PITRCK,Relocate 2020,9/30/2020,Before,228000607523,3,Riffle 3,23,112,60,45,64,579,Gravel,VCG2,0,0,0,0,Trimble,NA
945,2802859.21,1266252.48,7447.07,PITRCK,Relocate 2020,9/30/2020,Before,230000111597,3,Riffle 3,32,130,76,70,90,1058,Cobble,SC1,1,0,0,0,Trimble,moved ~0.5-1.0 ft
946,2802861.39,1266248.77,7447.17,PITRCK,Relocate 2020,9/30/2020,Before,230000111600,3,Riffle 3,32,107,90,49,90,709,Cobble,SC1,0,0,1,0,Trimble,NA
947,2802864.30,1266244.28,7447.22,PITRCK,Relocate 2020,9/30/2020,Before,230000111543,3,Riffle 3,32,109,88,33,90,649,Cobble,SC1,1,0,0,0,Trimble,moved ~0.2 ft
948,2802866.19,1266239.72,7447.42,PITRCK,Relocate 2020,9/30/2020,Before,230000111663,3,Riffle 3,32,96,77,43,90,526,Cobble,SC1,0,0,0,0,Trimble,NA
949,2802870.00,1266234.67,7447.61,PITRCK,Relocate 2020,9/30/2020,Before,230000111722,3,Riffle 3,32,81,59,42,64,385,Gravel,VCG2,1,0,1,0,Trimble,"moved ~0.25 ft, buried"
950,2802850.42,1266359.34,7447.55,PITRCK,Relocate 2020,9/30/2020,Before,228000607536,3,Riffle 3,23,70,68,51,64,373,Gravel,VCG2,0,0,1,1,Trimble,buried
951,2802853.03,1266355.14,7447.67,PITRCK,Relocate 2020,9/30/2020,Before,230000111637,3,Riffle 3,32,168,104,67,128,1687,Cobble,SC2,0,1,0,0,Trimble,NA
952,2802854.54,1266351.02,7447.34,PITRCK,Relocate 2020,9/30/2020,Before,230000111514,3,Riffle 3,32,107,96,62,90,894,Cobble,SC1,0,1,0,0,Trimble,NA
953,2802857.33,1266346.51,7447.21,PITRCK,Relocate 2020,9/30/2020,Before,230000111573,3,Riffle 3,32,137,93,55,90,1165,Cobble,SC1,0,1,0,0,Trimble,NA
954,2802855.44,1266340.70,7447.5,PITRCK,Relocate 2020,9/30/2020,Before,230000111749,3,Riffle 3,32,157,125,80,128,1961,Cobble,SC2,1,1,0,0,Trimble,moved ~0.25 ft
955,2802861.01,1266338.26,7447.25,PITRCK,Relocate 2020,9/30/2020,Before,230000111520,3,Riffle 3,32,134,95,42,90,1088,Cobble,SC1,0,1,0,0,Trimble,NA
956,2802863.25,1266333.73,7447.35,PITRCK,Relocate 2020,9/30/2020,Before,228000607500,3,Riffle 3,23,102,64,55,64,373,Gravel,VCG2,1,1,0,0,Trimble,moved ~0.4 ft
957,2802862.67,1266327.52,7447.39,PITRCK,Relocate 2020,9/30/2020,Before,230000111625,3,Riffle 3,32,118,106,77,128,1218,Cobble,SC2,0,1,0,0,Trimble,NA
958,2802866.23,1266321.14,7447.94,PITRCK,Relocate 2020,9/30/2020,Before,230000111557,3,Riffle 3,32,330,277,129,>256,17300,Boulder,SB1,1,1,0,0,Trimble,moved ~1.0 ft
959,2802869.57,1266316.95,7447.61,PITRCK,Relocate 2020,9/30/2020,Before,230000111580,3,Riffle 3,32,115,103,61,90,1055,Cobble,SC1,0,0,0,0,Trimble,NA
960,2802870.62,1266310.25,7447.55,PITRCK,Relocate 2020,9/30/2020,Before,228000607559,3,Riffle 3,23,63,54,45,64,235,Gravel,VCG2,1,0,0,0,Trimble,moved ~2.0 ft
961,2802873.24,1266308.09,7447.71,PITRCK,Relocate 2020,9/30/2020,Before,230000111748,3,Riffle 3,32,154,99,80,128,1669,Cobble,SC2,0,1,0,0,Trimble,NA
962,2802876.43,1266301.26,7447.64,PITRCK,Relocate 2020,9/30/2020,Before,230000111647,3,Riffle 3,32,170,140,55,128,2193,Cobble,SC2,0,0,0,0,Trimble,NA
963,2802877.94,1266297.07,7447.6,PITRCK,Relocate 2020,9/30/2020,Before,230000111706,3,Riffle 3,32,120,105,62,128,1063,Cobble,SC2,0,0,0,0,Trimble,NA
964,2802879.97,1266292.32,7447.57,PITRCK,Relocate 2020,9/30/2020,Before,230000111561,3,Riffle 3,32,125,98,59,90,1054,Cobble,SC1,0,0,0,0,Trimble,NA
965,2802881.54,1266288.14,7447.42,PITRCK,Relocate 2020,9/30/2020,Before,228000607566,3,Riffle 3,23,79,41,35,45,159,Gravel,VCG1,0,0,1,0,Trimble,NA
966,2802883.46,1266284.35,7447.66,PITRCK,Relocate 2020,9/30/2020,Before,230000111721,3,Riffle 3,32,187,97,51,90,1395,Cobble,SC1,0,0,0,0,Trimble,NA
967,2802885.76,1266279.79,7447.57,PITRCK,Relocate 2020,9/30/2020,Before,230000111710,3,Riffle 3,32,107,85,63,90,830,Cobble,SC1,0,1,0,0,Trimble,NA
968,2802887.56,1266276.19,7447.63,PITRCK,Relocate 2020,9/30/2020,Before,230000111626,3,Riffle 3,32,105,101,55,90,874,Cobble,SC1,0,0,0,0,Trimble,NA
969,2802888.95,1266271.65,7447.44,PITRCK,Relocate 2020,9/30/2020,Before,228000607519,3,Riffle 3,23,81,64,41,64,437,Gravel,VCG2,1,0,0,0,Trimble,moved ~0.5 ft
970,2802890.96,1266268.66,7447.41,PITRCK,Relocate 2020,9/30/2020,Before,230000111533,3,Riffle 3,32,98,93,48,90,686,Cobble,SC1,0,0,0,0,Trimble,NA
971,2802892.87,1266264.62,7447.52,PITRCK,Relocate 2020,9/30/2020,Before,230000111611,3,Riffle 3,32,105,76,43,90,548,Cobble,SC1,0,0,0,0,Trimble,NA
972,2802893.94,1266258.94,7447.4,PITRCK,Relocate 2020,9/30/2020,Before,230000111661,3,Riffle 3,32,141,67,45,90,711,Cobble,SC1,0,1,0,0,Trimble,NA
973,2802897.69,1266255.12,7447.39,PITRCK,Relocate 2020,9/30/2020,Before,228000607575,3,Riffle 3,23,105,71,43,64,522,Gravel,VCG2,0,0,1,0,Trimble,NA
974,2802898.44,1266250.43,7448.02,PITRCK,Relocate 2020,9/30/2020,Before,230000111563,3,Riffle 3,32,114,62,54,90,634,Cobble,SC1,0,0,0,0,Trimble,NA
975,2802864.62,1266375.08,7448.09,PITRCK,Relocate 2020,9/30/2020,Before,230000111542,3,Riffle 3,32,102,71,69,90,796,Cobble,SC1,0,0,0,0,Trimble,NA
976,2802867.24,1266370.31,7447.64,PITRCK,Relocate 2020,9/30/2020,Before,228000607574,3,Riffle 3,23,62,43,32,64,140,Gravel,VCG2,0,0,1,1,Trimble,buried
977,2802869.68,1266366.09,7447.86,PITRCK,Relocate 2020,9/30/2020,Before,230000111699,3,Riffle 3,32,185,124,79,128,3653,Cobble,SC2,1,0,0,0,Trimble,moved ~0.25 ft
978,2802870.76,1266361.15,7447.64,PITRCK,Relocate 2020,9/30/2020,Before,230000111612,3,Riffle 3,32,135,99,82,128,1821,Cobble,SC2,1,0,0,0,Trimble,moved ~0.4 ft
979,2802872.69,1266354.10,7447.48,PITRCK,Relocate 2020,9/30/2020,Before,230000111532,3,Riffle 3,32,134,126,67,128,1534,Cobble,SC2,0,1,0,0,Trimble,NA
980,2802873.09,1266350.84,7447.48,PITRCK,Relocate 2020,9/30/2020,Before,230000111680,3,Riffle 3,32,131,112,71,128,1468,Cobble,SC2,0,1,0,0,Trimble,NA
981,2802874.07,1266344.40,7447.89,PITRCK,Relocate 2020,9/30/2020,Before,230000111554,3,Riffle 3,32,375,265,193,>256,22700,Boulder,SB1,0,0,0,0,Trimble,NA
982,2802876.87,1266340.22,7447.57,PITRCK,Relocate 2020,9/30/2020,Before,230000111701,3,Riffle 3,32,144,135,89,128,2792,Cobble,SC2,0,0,0,0,Trimble,NA
983,2802879.02,1266336.58,7447.47,PITRCK,Relocate 2020,9/30/2020,Before,228000607542,3,Riffle 3,23,119,64,45,64,469,Gravel,VCG2,0,1,0,0,Trimble,NA
984,2802881.04,1266332.31,7447.74,PITRCK,Relocate 2020,9/30/2020,Before,230000111531,3,Riffle 3,32,123,113,67,128,1519,Cobble,SC2,1,0,0,0,Trimble,moved ~0.5 ft
985,2802879.46,1266324.99,7447.68,PITRCK,Relocate 2020,9/30/2020,Before,230000111608,3,Riffle 3,32,160,123,71,128,2236,Cobble,SC2,1,0,0,0,Trimble,moved ~1.0 ft
986,2802886.38,1266321.57,7447.95,PITRCK,Relocate 2020,9/30/2020,Before,230000111513,3,Riffle 3,32,148,93,75,90,1599,Cobble,SC1,0,1,0,0,Trimble,NA
987,2802886.79,1266317.51,7447.66,PITRCK,Relocate 2020,9/30/2020,Before,230000111589,3,Riffle 3,32,125,113,95,128,2284,Cobble,SC2,1,0,0,0,Trimble,moved ~2.0 ft
988,2802891.50,1266313.06,7447.54,PITRCK,Relocate 2020,9/30/2020,Before,228000607553,3,Riffle 3,23,76,59,50,64,435,Gravel,VCG2,0,0,0,0,Trimble,NA
989,2802893.09,1266309.17,7447.73,PITRCK,Relocate 2020,9/30/2020,Before,230000111519,3,Riffle 3,32,151,141,52,128,1937,Cobble,SC2,0,0,0,0,Trimble,NA
990,2802895.44,1266304.40,7447.81,PITRCK,Relocate 2020,9/30/2020,Before,230000111529,3,Riffle 3,32,248,168,104,180,5200,Cobble,LC1,0,0,0,0,Trimble,NA
991,2802898.47,1266298.92,7448.15,PITRCK,Relocate 2020,9/30/2020,Before,230000111565,3,Riffle 3,32,311,241,149,256,13100,Cobble,LC2,0,0,0,0,Trimble,NA
992,2802900.95,1266292.73,7447.68,PITRCK,Relocate 2020,9/30/2020,Before,228000607501,3,Riffle 3,23,78,52,34,64,212,Gravel,VCG2,0,1,0,0,Trimble,NA
993,2802902.90,1266288.05,7447.89,PITRCK,Relocate 2020,9/30/2020,Before,230000111691,3,Riffle 3,32,145,105,63,128,1716,Cobble,SC2,1,0,0,0,Trimble,moved ~0.4 ft
994,2802904.64,1266282.21,7447.78,PITRCK,Relocate 2020,9/30/2020,Before,230000111613,3,Riffle 3,32,136,112,43,90,1002,Cobble,SC1,1,0,0,0,Trimble,moved ~0.5 ft
995,2802909.02,1266278.61,7447.69,PITRCK,Relocate 2020,9/30/2020,Before,230000111505,3,Riffle 3,32,117,77,71,90,941,Cobble,SC1,0,0,0,0,Trimble,NA
996,2802911.88,1266273.64,7447.89,PITRCK,Relocate 2020,9/30/2020,Before,230000111511,3,Riffle 3,32,106,93,80,90,1175,Cobble,SC1,0,0,0,0,Trimble,NA
997,2802913.70,1266269.90,7447.56,PITRCK,Relocate 2020,9/30/2020,Before,230000111610,3,Riffle 3,32,130,85,56,90,936,Cobble,SC1,0,0,0,0,Trimble,NA
998,2802917.08,1266262.56,7447.94,PITRCK,Relocate 2020,9/30/2020,Before,230000111569,3,Riffle 3,32,94,71,67,90,638,Cobble,SC1,0,1,0,0,Trimble,NA
999,2802920.66,1266257.78,7448.03,PITRCK,Relocate 2020,9/30/2020,Before,228000607518,3,Riffle 3,23,86,66,38,64,NA,Gravel,VCG2,0,0,1,1,Trimble,buried
1000,2806338.12,1266549.34,7459.61,PITRCK,Relocate 2022,4/27/2022,Before,230000111558,1,Riffle 1,32,145,118,52,128,1424,Cobble,SC2,0,1,0,0,Trimble,NA
1001,2806337.91,1266558.13,7459,PITRCK,Relocate 2022,4/27/2022,Before,230000111677,1,Riffle 1,32,90,78,69,90,608,Cobble,SC1,0,0,0,0,Trimble,NA
1002,2806338.09,1266564.76,7458.97,PITRCK,Relocate 2022,4/27/2022,Before,230000111624,1,Riffle 1,32,157,152,82,180,2584,Cobble,LC1,0,0,0,0,Trimble,NA
1003,2806337.12,1266571.85,7459.1,PITRCK,Relocate 2022,4/27/2022,Before,228000607573,1,Riffle 1,23,102,61,48,64,550,Gravel,VCG2,0,0,0,0,Trimble,NA
1004,2806336.33,1266579.13,7459.53,PITRCK,Relocate 2022,4/27/2022,Before,230000111731,1,Riffle 1,32,145,98,56,128,1335,Cobble,SC2,1,0,0,0,Trimble,NA
1005,2806334.25,1266584.91,7459.43,PITRCK,Relocate 2022,4/27/2022,Before,230000111736,1,Riffle 1,32,155,109,66,128,1789,Cobble,SC2,1,0,0,0,Trimble,NA
1006,2806326.03,1266592.20,7459.35,PITRCK,Relocate 2022,4/27/2022,Before,230000111684,1,Riffle 1,32,198,117,64,128,2248,Cobble,SC2,0,0,0,0,Trimble,NA
1007,2806332.66,1266599.21,7459.51,PITRCK,Relocate 2022,4/27/2022,Before,230000111541,1,Riffle 1,32,356,290,138,>256,14100,Boulder,SB1,0,0,0,0,Trimble,NA
1008,2806323.06,1266602.59,7459.32,PITRCK,Relocate 2022,4/27/2022,Before,228000607534,1,Riffle 1,23,70,63,55,64,654,Gravel,VCG2,0,1,0,0,Trimble,NA
1009,2806331.54,1266614.13,7459.11,PITRCK,Relocate 2022,4/27/2022,Before,228000607505,1,Riffle 1,23,94,61,41,64,336,Gravel,VCG2,0,1,0,0,Trimble,NA
1010,2806329.82,1266618.05,7459.06,PITRCK,Relocate 2022,4/27/2022,Before,230000111683,1,Riffle 1,32,132,90,80,128,1427,Cobble,SC2,0,0,0,0,Trimble,NA
1011,2806333.89,1266624.34,7459.24,PITRCK,Relocate 2022,4/27/2022,Before,230000111737,1,Riffle 1,32,169,138,82,128,2929,Cobble,SC2,0,0,0,0,Trimble,NA
1012,2806334.25,1266629.63,7458.77,PITRCK,Relocate 2022,4/27/2022,Before,230000111641,1,Riffle 1,32,124,104,56,90,1093,Cobble,SC1,0,0,0,0,Trimble,NA
1013,2806333.66,1266635.52,7458.7,PITRCK,Relocate 2022,4/27/2022,Before,228000607513,1,Riffle 1,23,91,60,38,64,273,Gravel,VCG2,0,1,0,0,Trimble,NA
1014,2806334.21,1266640.74,7458.93,PITRCK,Relocate 2022,4/27/2022,Before,230000111644,1,Riffle 1,32,135,93,72,90,1442,Cobble,SC1,0,0,0,0,Trimble,NA
1015,2806331.26,1266645.11,7458.9,PITRCK,Relocate 2022,4/27/2022,Before,230000111632,1,Riffle 1,32,124,96,53,90,802,Cobble,SC1,0,0,0,0,Trimble,NA
1016,2806335.35,1266650.16,7458.99,PITRCK,Relocate 2022,4/27/2022,Before,230000111695,1,Riffle 1,32,120,97,77,90,1034,Cobble,SC1,0,0,0,0,Trimble,NA
1017,2806335.15,1266656.04,7459.13,PITRCK,Relocate 2022,4/27/2022,Before,228000607532,1,Riffle 1,23,90,55,42,64,446,Gravel,VCG2,0,1,0,0,Trimble,NA
1018,2806334.36,1266661.92,7459.09,PITRCK,Relocate 2022,4/27/2022,Before,230000111631,1,Riffle 1,32,97,56,50,64,363,Gravel,VCG2,1,0,0,0,Trimble,NA
1019,2806334.38,1266668.29,7459.21,PITRCK,Relocate 2022,4/27/2022,Before,230000111689,1,Riffle 1,32,141,84,37,90,888,Cobble,SC1,1,0,0,0,Trimble,NA
1020,2806318.26,1266549.86,7459.19,PITRCK,Relocate 2022,4/27/2022,Before,228000607533,1,Riffle 1,23,89,65,52,64,400,Gravel,VCG2,0,1,0,0,Trimble,NA
1021,2806317.51,1266555.89,7458.97,PITRCK,Relocate 2022,4/27/2022,Before,230000111712,1,Riffle 1,32,176,113,74,128,2062,Cobble,SC2,0,0,0,0,Trimble,NA
1022,2806317.01,1266563.33,7458.9,PITRCK,Relocate 2022,4/27/2022,Before,230000111534,1,Riffle 1,32,157,135,130,180,3638,Cobble,LC1,0,0,0,0,Trimble,NA
1023,2806316.39,1266570.38,7458.95,PITRCK,Relocate 2022,4/27/2022,Before,228000607520,1,Riffle 1,23,90,64,52,64,543,Gravel,VCG2,0,0,0,0,Trimble,NA
1024,2806316.08,1266574.67,7459.23,PITRCK,Relocate 2022,4/27/2022,Before,230000111598,1,Riffle 1,32,142,104,54,128,1046,Cobble,SC2,0,0,0,0,Trimble,NA
1025,2806315.99,1266580.01,7459.37,PITRCK,Relocate 2022,4/27/2022,Before,230000111741,1,Riffle 1,32,148,100,84,128,1958,Cobble,SC2,0,0,0,0,Trimble,NA
1026,2806312.51,1266584.18,7459.17,PITRCK,Relocate 2022,4/27/2022,Before,228000607546,1,Riffle 1,23,97,71,35,64,338,Gravel,VCG2,0,0,0,0,Trimble,NA
1027,2806314.02,1266590.95,7459.26,PITRCK,Relocate 2022,4/27/2022,Before,230000111523,1,Riffle 1,32,150,109,78,128,1992,Cobble,SC2,0,1,0,0,Trimble,NA
1028,2806313.75,1266598.49,7459.23,PITRCK,Relocate 2022,4/27/2022,Before,230000111698,1,Riffle 1,32,89,82,70,90,771,Cobble,SC1,0,0,0,0,Trimble,NA
1029,2806312.37,1266601.70,7459.08,PITRCK,Relocate 2022,4/27/2022,Before,230000111643,1,Riffle 1,32,184,125,58,128,2352,Cobble,SC2,1,0,0,0,Trimble,NA
1030,2806312.80,1266607.00,7459.03,PITRCK,Relocate 2022,4/27/2022,Before,228000607537,1,Riffle 1,23,95,61,35,64,458,Gravel,VCG2,0,0,0,0,Trimble,NA
1031,2806311.62,1266612.21,7459.02,PITRCK,Relocate 2022,4/27/2022,Before,230000111734,1,Riffle 1,32,120,104,64,128,1233,Cobble,SC2,0,0,0,0,Trimble,NA
1032,2806311.42,1266616.22,7459.06,PITRCK,Relocate 2022,4/27/2022,Before,230000111651,1,Riffle 1,32,117,111,49,90,767,Cobble,SC1,1,0,0,0,Trimble,NA
1033,2806310.88,1266623.67,7459.28,PITRCK,Relocate 2022,4/27/2022,Before,230000111733,1,Riffle 1,32,303,265,148,>256,15900,Boulder,SB1,0,0,0,0,Trimble,NA
1034,2806309.94,1266629.07,7458.99,PITRCK,Relocate 2022,4/27/2022,Before,230000111679,1,Riffle 1,32,141,105,79,128,1381,Cobble,SC2,0,0,1,0,Trimble,NA
1035,2806309.28,1266634.87,7458.72,PITRCK,Relocate 2022,4/27/2022,Before,230000111623,1,Riffle 1,32,136,109,36,90,858,Cobble,SC1,1,0,0,0,Trimble,NA
1036,2806308.84,1266639.99,7458.78,PITRCK,Relocate 2022,4/27/2022,Before,230000111615,1,Riffle 1,32,134,115,42,128,986,Cobble,SC2,0,0,0,0,Trimble,NA
1037,2806309.41,1266647.00,7458.84,PITRCK,Relocate 2022,4/27/2022,Before,230000111544,1,Riffle 1,32,86,73,51,90,518,Cobble,SC1,1,0,0,0,Trimble,NA
1038,2806308.64,1266656.49,7459.28,PITRCK,Relocate 2022,4/27/2022,Before,230000111550,1,Riffle 1,32,107,91,42,90,571,Cobble,SC1,0,1,0,0,Trimble,NA
1039,2806299.57,1266550.00,7459.01,PITRCK,Relocate 2022,4/27/2022,Before,228000607541,1,Riffle 1,23,91,64,40,64,398,Gravel,VCG2,0,0,0,0,Trimble,NA
1040,2806298.53,1266555.82,7458.67,PITRCK,Relocate 2022,4/27/2022,Before,230000111517,1,Riffle 1,32,142,136,46,128,1173,Cobble,SC2,0,0,0,0,Trimble,NA
1041,2806292.42,1266557.89,7458.73,PITRCK,Relocate 2022,4/27/2022,Before,230000111708,1,Riffle 1,32,181,124,84,128,2277,Cobble,SC2,0,0,0,0,Trimble,NA
1042,2806296.89,1266565.18,7458.7,PITRCK,Relocate 2022,4/27/2022,Before,228000607524,1,Riffle 1,23,86,68,54,64,562,Gravel,VCG2,0,0,0,0,Trimble,NA
1043,2806295.71,1266570.25,7458.85,PITRCK,Relocate 2022,4/27/2022,Before,230000111668,1,Riffle 1,32,177,112,67,128,1929,Cobble,SC2,0,0,0,0,Trimble,NA
1044,2806295.16,1266576.67,7459.19,PITRCK,Relocate 2022,4/27/2022,Before,230000111510,1,Riffle 1,32,460,230,125,256,17100,Cobble,LC2,0,0,0,0,Trimble,NA
1045,2806294.19,1266583.99,7458.93,PITRCK,Relocate 2022,4/27/2022,Before,228000607516,1,Riffle 1,23,81,63,55,64,514,Gravel,VCG2,0,1,0,0,Trimble,NA
1046,2806287.86,1266588.03,7458.97,PITRCK,Relocate 2022,4/27/2022,Before,230000111595,1,Riffle 1,32,158,98,49,90,939,Cobble,SC1,0,0,0,0,Trimble,NA
1047,2806292.94,1266596.04,7458.95,PITRCK,Relocate 2022,4/27/2022,Before,230000111676,1,Riffle 1,32,145,84,71,90,1337,Cobble,SC1,0,0,0,0,Trimble,NA
1048,2806292.22,1266601.55,7459.01,PITRCK,Relocate 2022,4/27/2022,Before,230000111735,1,Riffle 1,32,141,117,56,128,1706,Cobble,SC2,0,0,0,0,Trimble,NA
1049,2806284.01,1266606.64,7458.88,PITRCK,Relocate 2022,4/27/2022,Before,230000111686,1,Riffle 1,32,110,78,34,90,601,Cobble,SC1,0,1,0,0,Trimble,NA
1050,2806290.46,1266612.95,7458.8,PITRCK,Relocate 2022,4/27/2022,Before,228000607509,1,Riffle 1,23,106,64,36,64,440,Gravel,VCG2,1,1,0,0,Trimble,NA
1051,2806290.19,1266617.48,7458.9,PITRCK,Relocate 2022,4/27/2022,Before,230000111728,1,Riffle 1,32,165,123,75,180,2327,Cobble,LC1,0,0,0,0,Trimble,NA
1052,2806289.92,1266624.16,7458.9,PITRCK,Relocate 2022,4/27/2022,Before,230000111594,1,Riffle 1,32,135,67,55,90,911,Cobble,SC1,0,0,0,0,Trimble,NA
1053,2806290.33,1266630.82,7458.72,PITRCK,Relocate 2022,4/27/2022,Before,230000111566,1,Riffle 1,32,134,115,43,128,1003,Cobble,SC2,0,0,0,0,Trimble,NA
1054,2806289.94,1266636.55,7458.94,PITRCK,Relocate 2022,4/27/2022,Before,230000111507,1,Riffle 1,32,331,236,143,256,11400,Cobble,LC2,0,0,0,0,Trimble,NA
1055,2806288.47,1266642.48,7458.93,PITRCK,Relocate 2022,4/27/2022,Before,230000111717,1,Riffle 1,32,135,93,59,90,1398,Cobble,SC1,0,0,0,0,Trimble,NA
1056,2806289.56,1266648.25,7458.82,PITRCK,Relocate 2022,4/27/2022,Before,230000111560,1,Riffle 1,32,91,75,50,64,337,Gravel,VCG2,0,1,0,0,Trimble,NA
1057,2806288.95,1266651.72,7459.04,PITRCK,Relocate 2022,4/27/2022,Before,230000111720,1,Riffle 1,32,119,100,43,90,741,Cobble,SC1,0,1,0,0,Trimble,NA
1058,2806289.41,1266659.27,7459.15,PITRCK,Relocate 2022,4/27/2022,Before,230000111527,1,Riffle 1,32,139,76,75,90,1153,Cobble,SC1,0,1,0,0,Trimble,NA
1059,2806308.40,1266664.31,7459.36,PITRCK,Relocate 2022,4/27/2022,Before,230000111575,1,Riffle 1,32,135,96,53,90,1034,Cobble,SC1,1,0,0,0,Trimble,NA
1060,2806258.89,1266536.81,7459.02,PITRCK,Relocate 2022,4/27/2022,Before,228000607549,1,Riffle 1,23,72,50,38,64,185,Gravel,VCG2,0,0,0,0,Trimble,NA
1061,2806257.82,1266541.48,7458.58,PITRCK,Relocate 2022,4/27/2022,Before,230000111556,1,Riffle 1,32,116,113,59,128,1187,Cobble,SC2,0,0,0,0,Trimble,NA
1062,2806257.65,1266547.30,7458.63,PITRCK,Relocate 2022,4/27/2022,Before,230000111570,1,Riffle 1,32,218,94,50,128,2142,Cobble,SC2,0,0,0,0,Trimble,NA
1063,2806253.09,1266553.02,7458.27,PITRCK,Relocate 2022,4/27/2022,Before,228000607577,1,Riffle 1,23,94,66,23,64,361,Gravel,VCG2,0,0,0,0,Trimble,NA
1064,2806254.39,1266558.06,7458.41,PITRCK,Relocate 2022,4/27/2022,Before,230000111636,1,Riffle 1,32,141,97,83,128,2024,Cobble,SC2,0,0,0,0,Trimble,performed post-hoc position correction after base station fell over
1065,2806254.02,1266563.38,7458.3,PITRCK,Relocate 2022,4/27/2022,Before,230000111716,1,Riffle 1,32,129,116,60,128,1338,Cobble,SC2,0,0,0,0,Trimble,performed post-hoc position correction after base station fell over
1066,2806251.37,1266568.13,7458.34,PITRCK,Relocate 2022,4/27/2022,Before,230000111592,1,Riffle 1,32,213,113,49,128,2412,Cobble,SC2,0,0,0,0,Trimble,performed post-hoc position correction after base station fell over
1067,2806247.63,1266573.67,7458.38,PITRCK,Relocate 2022,4/27/2022,Before,228000607565,1,Riffle 1,23,94,58,56,64,433,Gravel,VCG2,0,0,0,0,Trimble,performed post-hoc position correction after base station fell over
1068,2806250.91,1266579.54,7458.64,PITRCK,Relocate 2022,4/27/2022,Before,230000111551,1,Riffle 1,32,189,103,71,128,1963,Cobble,SC2,1,0,0,0,Trimble,performed post-hoc position correction after base station fell over
1069,2806248.65,1266585.98,7458.43,PITRCK,Relocate 2022,4/27/2022,Before,230000111525,1,Riffle 1,32,104,86,46,90,837,Cobble,SC1,1,0,0,0,Trimble,performed post-hoc position correction after base station fell over
1070,2806248.14,1266592.44,7458.8,PITRCK,Relocate 2022,4/27/2022,Before,230000111578,1,Riffle 1,32,374,275,144,>256,19700,Boulder,SB1,0,0,0,0,Trimble,performed post-hoc position correction after base station fell over
1071,2806239.40,1266595.92,7457.9,PITRCK,Relocate 2022,4/27/2022,Before,230000111555,1,Riffle 1,32,109,71,69,90,826,Cobble,SC1,1,0,0,0,Trimble,performed post-hoc position correction after base station fell over
1072,2806247.50,1266603.23,7458.31,PITRCK,Relocate 2022,4/27/2022,Before,230000111746,1,Riffle 1,32,111,68,59,90,775,Cobble,SC1,1,0,0,0,Trimble,performed post-hoc position correction after base station fell over
1073,2806247.37,1266606.60,7458.36,PITRCK,Relocate 2022,4/27/2022,Before,230000111707,1,Riffle 1,32,151,98,58,90,1186,Cobble,SC1,1,0,0,0,Trimble,performed post-hoc position correction after base station fell over
1074,2806244.43,1266611.41,7458.17,PITRCK,Relocate 2022,4/27/2022,Before,230000111577,1,Riffle 1,32,102,78,45,90,546,Cobble,SC1,1,0,0,0,Trimble,performed post-hoc position correction after base station fell over
1075,2806245.37,1266617.78,7458.61,PITRCK,Relocate 2022,4/27/2022,Before,230000111607,1,Riffle 1,32,113,100,63,90,1093,Cobble,SC1,0,0,0,0,Trimble,performed post-hoc position correction after base station fell over
1076,2806247.95,1266623.71,7458.2,PITRCK,Relocate 2022,4/27/2022,Before,230000111567,1,Riffle 1,32,128,104,33,90,645,Cobble,SC1,1,0,0,0,Trimble,performed post-hoc position correction after base station fell over
1077,2806246.75,1266628.61,7457.68,PITRCK,Relocate 2022,4/27/2022,Before,228000607560,1,Riffle 1,23,82,64,37,64,407,Gravel,VCG2,1,0,0,0,Trimble,performed post-hoc position correction after base station fell over
1078,2806247.83,1266633.68,7457.52,PITRCK,Relocate 2022,4/27/2022,Before,230000111648,1,Riffle 1,32,101,88,34,90,508,Cobble,SC1,1,0,0,0,Trimble,performed post-hoc position correction after base station fell over
1079,2806245.21,1266640.70,7458.89,PITRCK,Relocate 2022,4/27/2022,Before,228000607517,1,Riffle 1,23,68,56,43,64,241,Gravel,VCG2,1,0,0,0,Trimble,NA
1080,2806238.55,1266531.70,7458.39,PITRCK,Relocate 2022,4/27/2022,Before,230000111581,1,Riffle 1,32,113,101,43,90,755,Cobble,SC1,0,0,1,0,Trimble,NA
1081,2806237.57,1266539.77,7458.22,PITRCK,Relocate 2022,4/27/2022,Before,228000607507,1,Riffle 1,23,65,45,42,64,197,Gravel,VCG2,0,0,0,0,Trimble,NA
1082,2806236.46,1266545.13,7458.3,PITRCK,Relocate 2022,4/27/2022,Before,230000111693,1,Riffle 1,32,154,92,58,90,1342,Cobble,SC1,0,0,0,0,Trimble,NA
1083,2806234.48,1266551.51,7458.37,PITRCK,Relocate 2022,4/27/2022,Before,230000111535,1,Riffle 1,32,168,101,97,128,1715,Cobble,SC2,1,0,0,0,Trimble,NA
1084,2806234.27,1266554.71,7458.21,PITRCK,Relocate 2022,4/27/2022,Before,230000111562,1,Riffle 1,32,197,169,68,180,3575,Cobble,LC1,0,0,0,0,Trimble,NA
1085,2806232.98,1266560.08,7458.07,PITRCK,Relocate 2022,4/27/2022,Before,228000607552,1,Riffle 1,23,75,64,54,64,543,Gravel,VCG2,0,0,0,0,Trimble,NA
1086,2806227.93,1266562.05,7458.04,PITRCK,Relocate 2022,4/27/2022,Before,230000111700,1,Riffle 1,32,131,82,56,90,709,Cobble,SC1,0,0,1,0,Trimble,NA
1087,2806231.83,1266570.06,7458.21,PITRCK,Relocate 2022,4/27/2022,Before,230000111521,1,Riffle 1,32,203,83,83,90,2179,Cobble,SC1,0,0,1,0,Trimble,NA
1088,2806216.49,1266572.08,7458.14,PITRCK,Relocate 2022,4/27/2022,Before,230000111516,1,Riffle 1,32,126,96,79,128,1425,Cobble,SC2,1,0,0,0,Trimble,NA
1089,2806230.46,1266579.14,7458.11,PITRCK,Relocate 2022,4/27/2022,Before,228000607535,1,Riffle 1,23,74,54,36,64,254,Gravel,VCG2,0,0,0,0,Trimble,NA
1090,2806228.62,1266582.49,7458.17,PITRCK,Relocate 2022,4/27/2022,Before,230000111545,1,Riffle 1,32,121,71,58,90,829,Cobble,SC1,0,0,0,0,Trimble,NA
1091,2806223.37,1266587.01,7458,PITRCK,Relocate 2022,4/27/2022,Before,230000111540,1,Riffle 1,32,119,82,59,90,734,Cobble,SC1,0,0,0,0,Trimble,NA
1092,2806229.45,1266593.22,7458.08,PITRCK,Relocate 2022,4/27/2022,Before,230000111506,1,Riffle 1,32,110,108,41,128,941,Cobble,SC2,0,0,0,0,Trimble,NA
1093,2806224.13,1266598.24,7458.06,PITRCK,Relocate 2022,4/27/2022,Before,230000111667,1,Riffle 1,32,153,114,52,128,1347,Cobble,SC2,0,0,0,0,Trimble,NA
1094,2806225.95,1266605.62,7458.49,PITRCK,Relocate 2022,4/27/2022,Before,230000111614,1,Riffle 1,32,306,205,256,256,18900,Cobble,LC2,0,0,0,0,Trimble,NA
1095,2806224.93,1266612.08,7457.99,PITRCK,Relocate 2022,4/27/2022,Before,230000111549,1,Riffle 1,32,82,76,75,90,643,Cobble,SC1,0,1,0,0,Trimble,NA
1096,2806221.61,1266613.36,7457.86,PITRCK,Relocate 2022,4/27/2022,Before,230000111596,1,Riffle 1,32,86,73,64,90,548,Cobble,SC1,0,0,0,0,Trimble,NA
1097,2806221.30,1266618.71,7458.06,PITRCK,Relocate 2022,4/27/2022,Before,230000111503,1,Riffle 1,32,156,92,43,90,895,Cobble,SC1,0,0,0,0,Trimble,NA
1098,2806222.95,1266626.53,7458.42,PITRCK,Relocate 2022,4/27/2022,Before,230000111548,1,Riffle 1,32,90,76,52,90,530,Cobble,SC1,0,0,1,0,Trimble,NA
1099,2806211.18,1266625.35,7458.37,PITRCK,Relocate 2022,4/27/2022,Before,228000607571,1,Riffle 1,23,127,71,31,64,415,Gravel,VCG2,1,0,0,0,Trimble,NA
1100,2804503.23,1266619.35,7453.84,PITRCK,Relocate 2022,4/28/2022,Before,230000111682,2,Riffle 2,32,110,97,52,90,812,Cobble,SC1,0,0,1,0,Trimble,NA
1101,2804501.85,1266612.95,7453.64,PITRCK,Relocate 2022,4/28/2022,Before,228000607570,2,Riffle 2,23,75,63,48,64,338,Gravel,VCG2,0,0,0,0,Trimble,NA
1102,2804500.73,1266608.18,7453.75,PITRCK,Relocate 2022,4/28/2022,Before,230000111747,2,Riffle 2,32,110,100,59,128,897,Cobble,SC2,0,0,0,0,Trimble,NA
1103,2804499.53,1266602.90,7453.7,PITRCK,Relocate 2022,4/28/2022,Before,230000111646,2,Riffle 2,32,93,77,55,90,508,Cobble,SC1,0,0,1,0,Trimble,NA
1104,2804497.24,1266597.45,7453.77,PITRCK,Relocate 2022,4/28/2022,Before,230000111620,2,Riffle 2,32,159,120,46,128,1290,Cobble,SC2,0,0,1,0,Trimble,NA
1105,2804486.95,1266594.29,7453.66,PITRCK,Relocate 2022,4/28/2022,Before,230000111681,2,Riffle 2,32,100,65,55,90,572,Cobble,SC1,0,0,0,0,Trimble,NA
1106,2804492.81,1266589.78,7453.6,PITRCK,Relocate 2022,4/28/2022,Before,228000607576,2,Riffle 2,23,104,64,43,64,599,Gravel,VCG2,0,0,0,0,Trimble,NA
1107,2804491.79,1266585.35,7453.62,PITRCK,Relocate 2022,4/28/2022,Before,230000111601,2,Riffle 2,32,129,115,45,128,1232,Cobble,SC2,0,0,0,0,Trimble,NA
1108,2804492.83,1266579.80,7453.53,PITRCK,Relocate 2022,4/28/2022,Before,230000111723,2,Riffle 2,32,146,89,36,90,807,Cobble,SC1,0,0,0,0,Trimble,NA
1109,2804491.13,1266575.68,7453.38,PITRCK,Relocate 2022,4/28/2022,Before,230000111704,2,Riffle 2,32,95,73,41,64,416,Gravel,VCG2,0,0,1,0,Trimble,aquatic vegetation present
1110,2804490.75,1266571.61,7453.87,PITRCK,Relocate 2022,4/28/2022,Before,230000111666,2,Riffle 2,32,321,290,200,>256,18300,Boulder,SB1,0,0,0,0,Trimble,aquatic vegetation present
1111,2804488.19,1266566.65,7453.35,PITRCK,Relocate 2022,4/28/2022,Before,230000111657,2,Riffle 2,32,100,72,42,64,379,Gravel,VCG2,0,0,1,0,Trimble,aquatic vegetation present
1112,2804488.05,1266563.88,7453.44,PITRCK,Relocate 2022,4/28/2022,Before,230000111547,2,Riffle 2,32,168,111,53,90,1488,Cobble,SC1,0,0,0,0,Trimble,aquatic vegetation present
1113,2804487.01,1266559.53,7452.99,PITRCK,Relocate 2022,4/28/2022,Before,230000111703,2,Riffle 2,32,114,85,37,90,604,Cobble,SC1,0,0,0,0,Trimble,NA
1114,2804484.68,1266554.13,7452.98,PITRCK,Relocate 2022,4/28/2022,Before,230000111618,2,Riffle 2,32,115,108,78,128,1109,Cobble,SC2,0,0,0,0,Trimble,NA
1115,2804485.29,1266550.54,7453.12,PITRCK,Relocate 2022,4/28/2022,Before,230000111654,2,Riffle 2,32,114,105,95,128,1678,Cobble,SC2,0,0,0,0,Trimble,NA
1116,2804484.25,1266546.22,7452.93,PITRCK,Relocate 2022,4/28/2022,Before,230000111627,2,Riffle 2,32,151,80,39,90,787,Cobble,SC1,0,0,0,0,Trimble,NA
1117,2804483.24,1266542.15,7453.42,PITRCK,Relocate 2022,4/28/2022,Before,230000111508,2,Riffle 2,32,256,214,190,256,16900,Cobble,LC2,0,0,0,0,Trimble,NA
1118,2804483.26,1266538.29,7453.07,PITRCK,Relocate 2022,4/28/2022,Before,230000111583,2,Riffle 2,32,85,61,55,90,493,Cobble,SC1,0,0,0,0,Trimble,NA
1119,2804481.58,1266534.23,7453.3,PITRCK,Relocate 2022,4/28/2022,Before,230000111619,2,Riffle 2,32,95,64,54,90,460,Cobble,SC1,0,1,0,0,Trimble,NA
1120,2804481.40,1266530.62,7453.42,PITRCK,Relocate 2022,4/28/2022,Before,230000111672,2,Riffle 2,32,102,80,55,90,831,Cobble,SC1,0,0,0,0,Trimble,NA
1121,2804479.36,1266525.65,7453.85,PITRCK,Relocate 2022,4/28/2022,Before,230000111673,2,Riffle 2,32,139,96,75,128,1437,Cobble,SC2,0,0,0,0,Trimble,NA
1122,2804478.21,1266521.02,7453.91,PITRCK,Relocate 2022,4/28/2022,Before,230000111649,2,Riffle 2,32,150,87,55,90,1202,Cobble,SC1,0,1,0,0,Trimble,NA
1123,2804478.01,1266516.87,7454.2,PITRCK,Relocate 2022,4/28/2022,Before,230000111713,2,Riffle 2,32,104,86,45,90,730,Cobble,SC1,0,1,0,0,Trimble,NA
1124,2804476.56,1266509.92,7454.44,PITRCK,Relocate 2022,4/28/2022,Before,230000111685,2,Riffle 2,32,110,96,55,90,873,Cobble,SC1,0,1,0,0,Trimble,NA
1125,2804521.91,1266623.27,7453.81,PITRCK,Relocate 2022,4/28/2022,Before,228000607572,2,Riffle 2,23,75,68,37,64,300,Gravel,VCG2,0,0,1,0,Trimble,NA
1126,2804521.79,1266619.37,7453.48,PITRCK,Relocate 2022,4/28/2022,Before,230000111599,2,Riffle 2,32,135,120,75,128,1877,Cobble,SC2,0,0,1,0,Trimble,NA
1127,2804519.97,1266613.76,7453.44,PITRCK,Relocate 2022,4/28/2022,Before,230000111715,2,Riffle 2,32,168,117,70,128,2178,Cobble,SC2,0,0,1,0,Trimble,NA
1128,2804519.05,1266608.62,7453.72,PITRCK,Relocate 2022,4/28/2022,Before,230000111732,2,Riffle 2,32,210,158,107,180,3929,Cobble,LC1,1,0,0,0,Trimble,NA
1129,2804517.49,1266603.68,7453.82,PITRCK,Relocate 2022,4/28/2022,Before,230000111675,2,Riffle 2,32,98,89,68,90,939,Cobble,SC1,0,0,1,0,Trimble,NA
1130,2804514.57,1266598.23,7453.87,PITRCK,Relocate 2022,4/28/2022,Before,228000607528,2,Riffle 2,23,84,69,41,64,409,Gravel,VCG2,0,1,1,0,Trimble,NA
1131,2804512.91,1266593.07,7454.04,PITRCK,Relocate 2022,4/28/2022,Before,230000111670,2,Riffle 2,32,95,80,51,90,627,Cobble,SC1,0,0,1,0,Trimble,NA
1132,2804512.15,1266586.12,7453.86,PITRCK,Relocate 2022,4/28/2022,Before,230000111696,2,Riffle 2,32,103,89,59,90,759,Cobble,SC1,0,1,1,0,Trimble,NA
1133,2804510.80,1266582.07,7453.84,PITRCK,Relocate 2022,4/28/2022,Before,230000111739,2,Riffle 2,32,99,86,33,90,557,Cobble,SC1,0,0,0,0,Trimble,NA
1134,2804510.45,1266574.30,7453.76,PITRCK,Relocate 2022,4/28/2022,Before,228000607506,2,Riffle 2,23,87,72,35,64,423,Gravel,VCG2,0,0,0,0,Trimble,NA
1135,2804509.53,1266567.69,7453.6,PITRCK,Relocate 2022,4/28/2022,Before,230000111697,2,Riffle 2,32,115,89,65,128,985,Cobble,SC2,0,0,0,0,Trimble,NA
1136,2804509.05,1266561.88,7453.62,PITRCK,Relocate 2022,4/28/2022,Before,230000111621,2,Riffle 2,32,118,79,65,90,1151,Cobble,SC1,0,1,0,0,Trimble,NA
1137,2804506.72,1266556.34,7453.46,PITRCK,Relocate 2022,4/28/2022,Before,230000111730,2,Riffle 2,32,120,114,65,128,1278,Cobble,SC2,1,0,0,0,Trimble,NA
1138,2804509.92,1266549.62,7453.75,PITRCK,Relocate 2022,4/28/2022,Before,230000111522,2,Riffle 2,32,295,250,174,256,16100,Cobble,LC2,0,0,0,0,Trimble,NA
1139,2804509.02,1266544.57,7453.24,PITRCK,Relocate 2022,4/28/2022,Before,230000111671,2,Riffle 2,32,110,93,42,90,657,Cobble,SC1,0,0,0,0,Trimble,NA
1140,2804508.44,1266539.00,7453.17,PITRCK,Relocate 2022,4/28/2022,Before,228000607554,2,Riffle 2,23,81,64,30,64,213,Gravel,VCG2,0,1,0,0,Trimble,NA
1141,2804508.37,1266532.67,7453.66,PITRCK,Relocate 2022,4/28/2022,Before,230000111638,2,Riffle 2,32,165,133,106,128,3239,Cobble,SC2,0,0,0,0,Trimble,protruding
1142,2804507.11,1266527.33,7453.49,PITRCK,Relocate 2022,4/28/2022,Before,230000111526,2,Riffle 2,32,119,101,43,90,1036,Cobble,SC1,0,0,0,0,Trimble,NA
1143,2804506.20,1266521.91,7453.6,PITRCK,Relocate 2022,4/28/2022,Before,230000111711,2,Riffle 2,32,155,106,45,128,990,Cobble,SC2,0,0,0,0,Trimble,NA
1144,2804506.07,1266517.04,7453.63,PITRCK,Relocate 2022,4/28/2022,Before,230000111629,2,Riffle 2,32,155,132,54,128,1834,Cobble,SC2,0,0,0,0,Trimble,NA
1145,2804505.59,1266512.31,7453.44,PITRCK,Relocate 2022,4/28/2022,Before,228000607564,2,Riffle 2,23,108,64,45,64,477,Gravel,VCG2,0,0,0,0,Trimble,NA
1146,2804505.94,1266507.37,7453.72,PITRCK,Relocate 2022,4/28/2022,Before,230000111606,2,Riffle 2,32,147,108,64,128,1636,Cobble,SC2,0,1,0,0,Trimble,NA
1147,2804505.59,1266503.23,7453.4,PITRCK,Relocate 2022,4/28/2022,Before,230000111658,2,Riffle 2,32,90,83,56,90,732,Cobble,SC1,0,0,1,0,Trimble,NA
1148,2804504.66,1266497.52,7453.72,PITRCK,Relocate 2022,4/28/2022,Before,230000111718,2,Riffle 2,32,85,72,57,90,509,Cobble,SC1,0,0,1,0,Trimble,NA
1149,2804502.83,1266488.41,7454.74,PITRCK,Relocate 2022,4/28/2022,Before,230000111665,2,Riffle 2,32,83,68,48,90,400,Cobble,SC1,0,0,0,0,Trimble,NA
1150,2804540.98,1266619.18,7454,PITRCK,Relocate 2022,4/28/2022,Before,228000607526,2,Riffle 2,23,117,74,43,64,561,Gravel,VCG2,0,1,1,0,Trimble,NA
1151,2804539.92,1266613.85,7453.66,PITRCK,Relocate 2022,4/28/2022,Before,230000111584,2,Riffle 2,32,145,141,67,128,2105,Cobble,SC2,0,0,1,0,Trimble,NA
1152,2804538.86,1266607.89,7453.96,PITRCK,Relocate 2022,4/28/2022,Before,230000111512,2,Riffle 2,32,135,102,78,128,1872,Cobble,SC2,0,0,1,0,Trimble,NA
1153,2804538.70,1266602.27,7454.28,PITRCK,Relocate 2022,4/28/2022,Before,230000111705,2,Riffle 2,32,160,84,69,90,1747,Cobble,SC1,0,1,0,0,Trimble,NA
1154,2804535.56,1266595.26,7454.63,PITRCK,Relocate 2022,4/28/2022,Before,230000111586,2,Riffle 2,32,135,97,68,128,1766,Cobble,SC2,0,0,0,0,Trimble,NA
1155,2804533.87,1266589.53,7454.5,PITRCK,Relocate 2022,4/28/2022,Before,228000607561,2,Riffle 2,23,106,53,49,64,350,Gravel,VCG2,0,0,0,0,Trimble,NA
1156,2804536.56,1266581.81,7454.41,PITRCK,Relocate 2022,4/28/2022,Before,230000111553,2,Riffle 2,32,144,123,55,128,1551,Cobble,SC2,0,0,0,0,Trimble,NA
1157,2804535.05,1266575.25,7454.24,PITRCK,Relocate 2022,4/28/2022,Before,230000111669,2,Riffle 2,32,151,137,65,128,2083,Cobble,SC2,0,0,0,0,Trimble,NA
1158,2804532.74,1266570.96,7453.9,PITRCK,Relocate 2022,4/28/2022,Before,230000111655,2,Riffle 2,32,107,68,56,90,697,Cobble,SC1,0,0,0,0,Trimble,NA
1159,2804536.20,1266562.79,7453.8,PITRCK,Relocate 2022,4/28/2022,Before,230000111738,2,Riffle 2,32,140,110,77,128,1999,Cobble,SC2,0,1,0,0,Trimble,NA
1160,2804535.17,1266559.14,7453.56,PITRCK,Relocate 2022,4/28/2022,Before,228000607548,2,Riffle 2,23,67,55,52,64,344,Gravel,VCG2,0,1,0,0,Trimble,NA
1161,2804535.11,1266551.78,7453.69,PITRCK,Relocate 2022,4/28/2022,Before,230000111634,2,Riffle 2,32,367,215,128,256,16700,Cobble,LC2,0,0,0,0,Trimble,protruding
1162,2804533.26,1266545.27,7453.43,PITRCK,Relocate 2022,4/28/2022,Before,230000111564,2,Riffle 2,32,109,85,42,90,747,Cobble,SC1,0,0,0,0,Trimble,NA
1163,2804530.41,1266539.82,7453.42,PITRCK,Relocate 2022,4/28/2022,Before,230000111719,2,Riffle 2,32,165,110,61,128,1712,Cobble,SC2,1,0,0,0,Trimble,NA
1164,2804531.83,1266536.34,7453.52,PITRCK,Relocate 2022,4/28/2022,Before,230000111587,2,Riffle 2,32,320,235,105,256,11600,Cobble,LC2,0,0,0,0,Trimble,protruding
1165,2804529.45,1266530.08,7453.45,PITRCK,Relocate 2022,4/28/2022,Before,230000111742,2,Riffle 2,32,111,72,46,90,646,Cobble,SC1,1,0,0,0,Trimble,NA
1166,2804525.58,1266526.57,7453.69,PITRCK,Relocate 2022,4/28/2022,Before,230000111603,2,Riffle 2,32,181,125,100,128,3827,Cobble,SC2,0,0,0,0,Trimble,NA
1167,2804528.81,1266521.68,7453.62,PITRCK,Relocate 2022,4/28/2022,Before,228000607538,2,Riffle 2,23,74,53,22,64,257,Gravel,VCG2,0,0,0,0,Trimble,NA
1168,2804528.50,1266517.56,7453.77,PITRCK,Relocate 2022,4/28/2022,Before,230000111664,2,Riffle 2,32,116,88,67,90,904,Cobble,SC1,0,0,0,0,Trimble,NA
1169,2804527.44,1266513.04,7453.75,PITRCK,Relocate 2022,4/28/2022,Before,230000111574,2,Riffle 2,32,122,118,43,128,1033,Cobble,SC2,0,0,0,0,Trimble,NA
1170,2804526.48,1266508.36,7453.83,PITRCK,Relocate 2022,4/28/2022,Before,230000111585,2,Riffle 2,32,115,105,33,90,770,Cobble,SC1,0,0,0,0,Trimble,NA
1171,2804526.23,1266503.55,7454.04,PITRCK,Relocate 2022,4/28/2022,Before,230000111642,2,Riffle 2,32,190,98,44,90,1225,Cobble,SC1,0,0,0,0,Trimble,NA
1172,2804525.86,1266499.57,7454.24,PITRCK,Relocate 2022,4/28/2022,Before,230000111652,2,Riffle 2,32,120,78,71,90,861,Cobble,SC1,0,1,0,0,Trimble,NA
1173,2804526.05,1266494.83,7454.21,PITRCK,Relocate 2022,4/28/2022,Before,228000607511,2,Riffle 2,23,120,75,50,64,466,Gravel,VCG2,0,1,0,0,Trimble,NA
1174,2804524.42,1266489.86,7454.56,PITRCK,Relocate 2022,4/28/2022,Before,230000111660,2,Riffle 2,32,112,87,57,90,727,Cobble,SC1,0,1,0,0,Trimble,NA
1175,2804558.95,1266615.12,7453.66,PITRCK,Relocate 2022,4/28/2022,Before,230000111602,2,Riffle 2,32,178,155,48,180,2087,Cobble,LC1,0,0,1,0,Trimble,NA
1176,2804557.07,1266606.11,7454.67,PITRCK,Relocate 2022,4/28/2022,Before,230000111645,2,Riffle 2,32,134,101,91,128,2037,Cobble,SC2,0,0,0,0,Trimble,RS
1177,2804556.02,1266599.93,7454.48,PITRCK,Relocate 2022,4/28/2022,Before,228000607547,2,Riffle 2,23,80,70,43,64,370,Gravel,VCG2,1,0,0,0,Trimble,RS
1178,2804554.37,1266594.96,7454.49,PITRCK,Relocate 2022,4/28/2022,Before,230000111502,2,Riffle 2,32,148,121,63,128,2125,Cobble,SC2,1,0,0,0,Trimble,RS
1179,2804555.03,1266588.91,7454.41,PITRCK,Relocate 2022,4/28/2022,Before,230000111504,2,Riffle 2,32,166,128,81,128,2127,Cobble,SC2,0,1,0,0,Trimble,NA
1180,2804553.00,1266581.78,7454.21,PITRCK,Relocate 2022,4/28/2022,Before,230000111572,2,Riffle 2,32,162,104,67,128,1710,Cobble,SC2,0,1,0,0,Trimble,NA
1181,2804553.10,1266575.70,7454.31,PITRCK,Relocate 2022,4/28/2022,Before,230000111729,2,Riffle 2,32,346,280,115,>256,21300,Boulder,SB1,0,0,0,0,Trimble,protruding
1182,2804549.02,1266568.88,7453.95,PITRCK,Relocate 2022,4/28/2022,Before,230000111538,2,Riffle 2,32,186,126,93,128,2956,Cobble,SC2,0,0,0,0,Trimble,NA
1183,2804551.99,1266562.10,7453.76,PITRCK,Relocate 2022,4/28/2022,Before,230000111727,2,Riffle 2,32,165,125,60,128,2087,Cobble,SC2,0,0,0,0,Trimble,NA
1184,2804548.58,1266557.39,7453.65,PITRCK,Relocate 2022,4/28/2022,Before,228000607539,2,Riffle 2,23,110,63,31,64,372,Gravel,VCG2,0,0,0,0,Trimble,NA
1185,2804550.99,1266552.51,7453.55,PITRCK,Relocate 2022,4/28/2022,Before,230000111709,2,Riffle 2,32,201,182,58,180,3584,Cobble,LC1,0,0,0,0,Trimble,NA
1186,2804549.92,1266546.56,7453.5,PITRCK,Relocate 2022,4/28/2022,Before,230000111605,2,Riffle 2,32,140,121,59,128,1380,Cobble,SC2,0,0,0,0,Trimble,NA
1187,2804548.73,1266541.60,7453.51,PITRCK,Relocate 2022,4/28/2022,Before,230000111694,2,Riffle 2,32,150,109,88,128,1738,Cobble,SC2,0,0,0,0,Trimble,NA
1188,2804547.38,1266536.60,7453.41,PITRCK,Relocate 2022,4/28/2022,Before,228000607514,2,Riffle 2,23,139,64,54,64,813,Gravel,VCG2,0,0,0,0,Trimble,NA
1189,2804547.21,1266531.41,7453.64,PITRCK,Relocate 2022,4/28/2022,Before,230000111604,2,Riffle 2,32,195,62,56,90,1437,Cobble,SC1,0,0,0,0,Trimble,NA
1190,2804548.38,1266526.17,7453.72,PITRCK,Relocate 2022,4/28/2022,Before,230000111593,2,Riffle 2,32,165,66,54,90,1192,Cobble,SC1,0,0,0,0,Trimble,NA
1191,2804547.85,1266522.86,7453.74,PITRCK,Relocate 2022,4/28/2022,Before,230000111568,2,Riffle 2,32,133,87,49,90,784,Cobble,SC1,0,0,0,0,Trimble,NA
1192,2804547.37,1266517.19,7453.91,PITRCK,Relocate 2022,4/28/2022,Before,228000607540,2,Riffle 2,23,100,67,46,64,506,Gravel,VCG2,0,0,0,0,Trimble,NA
1193,2804547.23,1266511.55,7454.08,PITRCK,Relocate 2022,4/28/2022,Before,230000111745,2,Riffle 2,32,96,94,43,90,833,Cobble,SC1,0,0,0,0,Trimble,NA
1194,2804546.69,1266506.71,7453.99,PITRCK,Relocate 2022,4/28/2022,Before,230000111622,2,Riffle 2,32,122,66,42,90,555,Cobble,SC1,0,0,1,0,Trimble,NA
1195,2804547.21,1266501.88,7454.13,PITRCK,Relocate 2022,4/28/2022,Before,228000607569,2,Riffle 2,23,99,78,44,64,493,Gravel,VCG2,0,1,0,0,Trimble,NA
1196,2804544.81,1266498.06,7454.18,PITRCK,Relocate 2022,4/28/2022,Before,228000607558,2,Riffle 2,23,88,73,38,64,444,Gravel,VCG2,0,1,0,0,Trimble,NA
1197,2804544.13,1266493.37,7454.35,PITRCK,Relocate 2022,4/28/2022,Before,228000607504,2,Riffle 2,23,77,65,40,64,362,Gravel,VCG2,1,1,0,0,Trimble,NA
1198,2804543.81,1266487.34,7454.31,PITRCK,Relocate 2022,4/28/2022,Before,228000607545,2,Riffle 2,23,71,65,55,64,387,Gravel,VCG2,0,0,0,1,Trimble,"detected tag, but did not find rock, possibly buried"
1199,2804542.39,1266482.41,7454.94,PITRCK,Relocate 2022,4/28/2022,Before,228000607527,2,Riffle 2,23,70,74,55,64,425,Gravel,VCG2,0,1,1,0,Trimble,NA
1200,2802796.87,1266335.45,7447.84,PITRCK,Relocate 2022,4/28/2022,Before,228000607568,3,Riffle 3,23,91,69,40,64,384,Gravel,VCG2,1,1,0,0,Trimble,NA
1201,2802799.80,1266329.01,7447.33,PITRCK,Relocate 2022,4/28/2022,Before,230000111687,3,Riffle 3,32,167,118,59,128,1363,Cobble,SC2,1,1,0,0,Trimble,NA
1202,2802800.21,1266325.64,7447.41,PITRCK,Relocate 2022,4/28/2022,Before,230000111539,3,Riffle 3,32,153,112,75,128,1871,Cobble,SC2,1,1,0,0,Trimble,NA
1203,2802803.16,1266320.65,7447.22,PITRCK,Relocate 2022,4/28/2022,Before,230000111628,3,Riffle 3,32,180,98,45,90,1341,Cobble,SC1,1,1,0,0,Trimble,NA
1204,2802803.77,1266315.90,7447.4,PITRCK,Relocate 2022,4/28/2022,Before,230000111501,3,Riffle 3,32,148,110,100,128,2344,Cobble,SC2,1,1,0,0,Trimble,NA
1205,2802807.45,1266312.37,7447.26,PITRCK,Relocate 2022,4/28/2022,Before,230000111616,3,Riffle 3,32,153,135,74,128,2113,Cobble,SC2,1,1,0,0,Trimble,NA
1206,2802811.38,1266305.24,7447.2,PITRCK,Relocate 2022,4/28/2022,Before,228000607522,3,Riffle 3,23,136,61,33,64,516,Gravel,VCG2,1,1,0,0,Trimble,NA
1207,2802812.97,1266302.97,7447.37,PITRCK,Relocate 2022,4/28/2022,Before,230000111524,3,Riffle 3,32,154,89,64,90,1292,Cobble,SC1,1,1,0,0,Trimble,NA
1208,2802816.04,1266297.18,7447.31,PITRCK,Relocate 2022,4/28/2022,Before,230000111537,3,Riffle 3,32,158,99,67,128,1856,Cobble,SC2,0,1,0,0,Trimble,NA
1209,2802818.48,1266291.01,7447.43,PITRCK,Relocate 2022,4/28/2022,Before,230000111552,3,Riffle 3,32,120,126,78,128,2224,Cobble,SC2,1,0,0,0,Trimble,NA
1210,2802820.54,1266287.42,7447.67,PITRCK,Relocate 2022,4/28/2022,Before,230000111640,3,Riffle 3,32,336,221,183,256,18800,Cobble,LC2,1,0,0,0,Trimble,protruding
1211,2802825.22,1266282.70,7447.2,PITRCK,Relocate 2022,4/28/2022,Before,230000111591,3,Riffle 3,32,150,122,61,128,1204,Cobble,SC2,1,1,0,0,Trimble,barely moved
1212,2802827.23,1266278.07,7447.32,PITRCK,Relocate 2022,4/28/2022,Before,230000111518,3,Riffle 3,32,129,102,56,90,1168,Cobble,SC1,0,0,0,0,Trimble,NA
1213,2802829.37,1266273.78,7447.19,PITRCK,Relocate 2022,4/28/2022,Before,228000607525,3,Riffle 3,23,90,71,34,64,414,Gravel,VCG2,1,1,0,0,Trimble,NA
1214,2802833.02,1266269.96,7447.12,PITRCK,Relocate 2022,4/28/2022,Before,230000111528,3,Riffle 3,32,116,93,67,90,1027,Cobble,SC1,0,0,0,0,Trimble,NA
1215,2802835.56,1266262.88,7446.92,PITRCK,Relocate 2022,4/28/2022,Before,230000111571,3,Riffle 3,32,126,87,39,90,849,Cobble,SC1,1,1,0,0,Trimble,barely moved
1216,2802838.86,1266259.48,7447.02,PITRCK,Relocate 2022,4/28/2022,Before,230000111662,3,Riffle 3,32,136,83,60,90,1117,Cobble,SC1,0,1,0,0,Trimble,NA
1217,2802840.60,1266254.96,7446.88,PITRCK,Relocate 2022,4/28/2022,Before,228000607515,3,Riffle 3,23,61,57,54,64,362,Gravel,VCG2,0,0,1,0,Trimble,NA
1218,2802841.81,1266251.19,7446.75,PITRCK,Relocate 2022,4/28/2022,Before,230000111688,3,Riffle 3,32,116,90,40,90,655,Cobble,SC1,1,1,0,0,Trimble,NA
1219,2802843.52,1266247.44,7446.69,PITRCK,Relocate 2022,4/28/2022,Before,230000111579,3,Riffle 3,32,121,89,53,90,906,Cobble,SC1,0,0,1,0,Trimble,NA
1220,2802847.39,1266243.70,7446.87,PITRCK,Relocate 2022,4/28/2022,Before,228000607556,3,Riffle 3,23,51,49,46,64,159,Gravel,VCG2,1,1,0,0,Trimble,NA
1221,2802850.38,1266240.36,7447.01,PITRCK,Relocate 2022,4/28/2022,Before,230000111630,3,Riffle 3,32,115,98,59,90,1042,Cobble,SC1,0,1,0,0,Trimble,NA
1222,2802852.24,1266237.25,7447.07,PITRCK,Relocate 2022,4/28/2022,Before,230000111509,3,Riffle 3,32,103,99,48,90,750,Cobble,SC1,1,1,0,0,Trimble,NA
1223,2802857.20,1266233.20,7447.5,PITRCK,Relocate 2022,4/28/2022,Before,230000111609,3,Riffle 3,32,104,76,53,90,580,Cobble,SC1,1,1,0,0,Trimble,NA
1224,2802859.92,1266228.07,7447.47,PITRCK,Relocate 2022,4/28/2022,Before,228000607562,3,Riffle 3,23,74,50,36,45,173,Gravel,VCG1,0,1,1,0,Trimble,NA
1225,2802814.01,1266342.30,7447.48,PITRCK,Relocate 2022,4/28/2022,Before,228000607502,3,Riffle 3,23,118,54,52,64,615,Gravel,VCG2,1,0,0,0,Trimble,NA
1226,2802816.99,1266338.13,7447.2,PITRCK,Relocate 2022,4/28/2022,Before,230000111743,3,Riffle 3,32,119,97,74,90,1151,Cobble,SC1,0,0,0,0,Trimble,NA
1227,2802818.02,1266331.56,7447.29,PITRCK,Relocate 2022,4/28/2022,Before,230000111714,3,Riffle 3,32,152,118,46,128,1749,Cobble,SC2,1,1,0,0,Trimble,NA
1228,2802821.45,1266328.18,7447.15,PITRCK,Relocate 2022,4/28/2022,Before,230000111744,3,Riffle 3,32,113,96,57,90,914,Cobble,SC1,0,0,0,0,Trimble,NA
1229,2802822.92,1266323.76,7447.35,PITRCK,Relocate 2022,4/28/2022,Before,230000111702,3,Riffle 3,32,115,108,100,128,1144,Cobble,SC2,0,0,1,0,Trimble,NA
1230,2802826.18,1266320.53,7447.33,PITRCK,Relocate 2022,4/28/2022,Before,230000111740,3,Riffle 3,32,145,94,62,90,1384,Cobble,SC1,1,0,1,1,Trimble,buried
1231,2802826.87,1266314.14,7447.53,PITRCK,Relocate 2022,4/28/2022,Before,230000111500,3,Riffle 3,32,265,245,90,256,12100,Cobble,LC2,0,0,0,0,Trimble,NA
1232,2802830.85,1266310.52,7447.18,PITRCK,Relocate 2022,4/28/2022,Before,228000607555,3,Riffle 3,23,73,52,40,64,263,Gravel,VCG2,0,0,1,1,Trimble,buried
1233,2802830.91,1266306.70,7447.33,PITRCK,Relocate 2022,4/28/2022,Before,230000111659,3,Riffle 3,32,164,139,68,128,2411,Cobble,SC2,0,0,0,0,Trimble,NA
1234,2802834.87,1266301.98,7447.38,PITRCK,Relocate 2022,4/28/2022,Before,230000111582,3,Riffle 3,32,115,113,51,90,1007,Cobble,SC1,1,1,0,0,Trimble,NA
1235,2802836.38,1266297.75,7447.31,PITRCK,Relocate 2022,4/28/2022,Before,230000111559,3,Riffle 3,32,104,81,74,90,892,Cobble,SC1,0,0,1,0,Trimble,NA
1236,2802837.83,1266291.74,7447.36,PITRCK,Relocate 2022,4/28/2022,Before,228000607510,3,Riffle 3,23,82,65,40,64,401,Gravel,VCG2,1,1,0,0,Trimble,NA
1237,2802838.11,1266288.37,7447.44,PITRCK,Relocate 2022,4/28/2022,Before,230000111633,3,Riffle 3,32,123,109,74,128,1530,Cobble,SC2,0,0,0,0,Trimble,NA
1238,2802839.40,1266284.97,7447.35,PITRCK,Relocate 2022,4/28/2022,Before,230000111692,3,Riffle 3,32,111,81,77,90,969,Cobble,SC1,1,0,0,0,Trimble,NA
1239,2802844.83,1266279.14,7447.32,PITRCK,Relocate 2022,4/28/2022,Before,230000111724,3,Riffle 3,32,169,128,69,128,2436,Cobble,SC2,1,0,0,0,Trimble,NA
1240,2802848.72,1266275.32,7447.37,PITRCK,Relocate 2022,4/28/2022,Before,230000111617,3,Riffle 3,32,327,250,89,256,9000,Cobble,LC2,0,0,0,0,Trimble,protruding
1241,2802849.91,1266269.89,7447.13,PITRCK,Relocate 2022,4/28/2022,Before,228000607551,3,Riffle 3,23,92,72,43,64,477,Gravel,VCG2,1,0,0,0,Trimble,NA
1242,2802852.62,1266266.66,7447.08,PITRCK,Relocate 2022,4/28/2022,Before,230000111546,3,Riffle 3,32,135,108,38,128,1187,Cobble,SC2,1,0,0,0,Trimble,NA
1243,2802854.79,1266262.44,7447.15,PITRCK,Relocate 2022,4/28/2022,Before,230000111635,3,Riffle 3,32,100,86,60,90,643,Cobble,SC1,1,0,0,0,Trimble,NA
1244,2802857.48,1266257.69,7447.11,PITRCK,Relocate 2022,4/28/2022,Before,228000607523,3,Riffle 3,23,112,60,45,64,579,Gravel,VCG2,1,0,0,0,Trimble,NA
1245,2802859.26,1266252.09,7446.92,PITRCK,Relocate 2022,4/28/2022,Before,230000111597,3,Riffle 3,32,130,76,70,90,1058,Cobble,SC1,1,0,0,0,Trimble,NA
1246,2802860.86,1266249.12,7446.95,PITRCK,Relocate 2022,4/28/2022,Before,230000111600,3,Riffle 3,32,107,90,49,90,709,Cobble,SC1,1,0,0,0,Trimble,NA
1247,2802862.58,1266243.58,7447.2,PITRCK,Relocate 2022,4/28/2022,Before,230000111543,3,Riffle 3,32,109,88,33,90,649,Cobble,SC1,1,0,0,0,Trimble,NA
1248,2802865.14,1266239.06,7447.33,PITRCK,Relocate 2022,4/28/2022,Before,230000111663,3,Riffle 3,32,96,77,43,90,526,Cobble,SC1,1,0,0,0,Trimble,NA
1249,2802869.91,1266234.56,7447.6,PITRCK,Relocate 2022,4/28/2022,Before,230000111722,3,Riffle 3,32,81,59,42,64,385,Gravel,VCG2,0,0,1,1,Trimble,buried
1250,2802850.39,1266359.33,7447.41,PITRCK,Relocate 2022,4/28/2022,Before,228000607536,3,Riffle 3,23,70,68,51,64,373,Gravel,VCG2,0,0,1,1,Trimble,buried
1251,2802852.73,1266355.70,7447.55,PITRCK,Relocate 2022,4/28/2022,Before,230000111637,3,Riffle 3,32,168,104,67,128,1687,Cobble,SC2,1,0,0,0,Trimble,NA
1252,2802854.49,1266351.06,7447.32,PITRCK,Relocate 2022,4/28/2022,Before,230000111514,3,Riffle 3,32,107,96,62,90,894,Cobble,SC1,0,1,0,0,Trimble,NA
1253,2802857.35,1266346.60,7447.17,PITRCK,Relocate 2022,4/28/2022,Before,230000111573,3,Riffle 3,32,137,93,55,90,1165,Cobble,SC1,0,0,1,1,Trimble,buried
1254,2802855.24,1266340.91,7447.41,PITRCK,Relocate 2022,4/28/2022,Before,230000111749,3,Riffle 3,32,157,125,80,128,1961,Cobble,SC2,0,1,0,0,Trimble,NA
1255,2802860.85,1266338.31,7447.27,PITRCK,Relocate 2022,4/28/2022,Before,230000111520,3,Riffle 3,32,134,95,42,90,1088,Cobble,SC1,0,0,0,0,Trimble,NA
1256,2802863.13,1266333.74,7447.35,PITRCK,Relocate 2022,4/28/2022,Before,228000607500,3,Riffle 3,23,102,64,55,64,373,Gravel,VCG2,0,1,0,0,Trimble,NA
1257,2802862.61,1266327.59,7447.38,PITRCK,Relocate 2022,4/28/2022,Before,230000111625,3,Riffle 3,32,118,106,77,128,1218,Cobble,SC2,0,1,0,0,Trimble,NA
1258,2802866.07,1266321.16,7447.81,PITRCK,Relocate 2022,4/28/2022,Before,230000111557,3,Riffle 3,32,330,277,129,>256,17300,Boulder,SB1,0,0,0,0,Trimble,protruding
1259,2802869.55,1266316.95,7447.62,PITRCK,Relocate 2022,4/28/2022,Before,230000111580,3,Riffle 3,32,115,103,61,90,1055,Cobble,SC1,0,0,0,0,Trimble,NA
1260,2802870.54,1266310.08,7447.37,PITRCK,Relocate 2022,4/28/2022,Before,228000607559,3,Riffle 3,23,63,54,45,64,235,Gravel,VCG2,0,0,0,0,Trimble,NA
1261,2802873.34,1266308.15,7447.65,PITRCK,Relocate 2022,4/28/2022,Before,230000111748,3,Riffle 3,32,154,99,80,128,1669,Cobble,SC2,0,0,0,0,Trimble,NA
1262,2802876.24,1266301.04,7447.63,PITRCK,Relocate 2022,4/28/2022,Before,230000111647,3,Riffle 3,32,170,140,55,128,2193,Cobble,SC2,1,0,0,0,Trimble,NA
1263,2802877.87,1266297.07,7447.65,PITRCK,Relocate 2022,4/28/2022,Before,230000111706,3,Riffle 3,32,120,105,62,128,1063,Cobble,SC2,0,1,0,0,Trimble,NA
1264,2802879.89,1266292.23,7447.55,PITRCK,Relocate 2022,4/28/2022,Before,230000111561,3,Riffle 3,32,125,98,59,90,1054,Cobble,SC1,0,0,0,0,Trimble,NA
1265,2802881.18,1266287.91,7447.43,PITRCK,Relocate 2022,4/28/2022,Before,228000607566,3,Riffle 3,23,79,41,35,45,159,Gravel,VCG1,1,0,0,0,Trimble,NA
1266,2802883.41,1266284.48,7447.7,PITRCK,Relocate 2022,4/28/2022,Before,230000111721,3,Riffle 3,32,187,97,51,90,1395,Cobble,SC1,0,0,0,0,Trimble,NA
1267,2802885.56,1266279.73,7447.61,PITRCK,Relocate 2022,4/28/2022,Before,230000111710,3,Riffle 3,32,107,85,63,90,830,Cobble,SC1,0,0,0,0,Trimble,NA
1268,2802887.60,1266276.16,7447.6,PITRCK,Relocate 2022,4/28/2022,Before,230000111626,3,Riffle 3,32,105,101,55,90,874,Cobble,SC1,0,0,0,0,Trimble,NA
1269,2802888.01,1266271.17,7447.36,PITRCK,Relocate 2022,4/28/2022,Before,228000607519,3,Riffle 3,23,81,64,41,64,437,Gravel,VCG2,1,0,0,0,Trimble,NA
1270,2802891.39,1266268.25,7447.4,PITRCK,Relocate 2022,4/28/2022,Before,230000111533,3,Riffle 3,32,98,93,48,90,686,Cobble,SC1,1,0,0,0,Trimble,NA
1271,2802892.70,1266264.63,7447.44,PITRCK,Relocate 2022,4/28/2022,Before,230000111611,3,Riffle 3,32,105,76,43,90,548,Cobble,SC1,0,0,0,0,Trimble,NA
1272,2802893.99,1266258.90,7447.34,PITRCK,Relocate 2022,4/28/2022,Before,230000111661,3,Riffle 3,32,141,67,45,90,711,Cobble,SC1,0,1,0,0,Trimble,NA
1273,2802897.61,1266255.24,7447.37,PITRCK,Relocate 2022,4/28/2022,Before,228000607575,3,Riffle 3,23,105,71,43,64,522,Gravel,VCG2,0,0,1,0,Trimble,NA
1274,2802898.75,1266250.40,7447.73,PITRCK,Relocate 2022,4/28/2022,Before,230000111563,3,Riffle 3,32,114,62,54,90,634,Cobble,SC1,0,0,1,1,Trimble,buried
1275,2802864.63,1266375.07,7448.08,PITRCK,Relocate 2022,4/28/2022,Before,230000111542,3,Riffle 3,32,102,71,69,90,796,Cobble,SC1,0,0,0,0,Trimble,NA
1276,2802867.15,1266370.25,7447.68,PITRCK,Relocate 2022,4/28/2022,Before,228000607574,3,Riffle 3,23,62,43,32,64,140,Gravel,VCG2,0,0,1,1,Trimble,buried
1277,2802869.59,1266366.05,7447.79,PITRCK,Relocate 2022,4/28/2022,Before,230000111699,3,Riffle 3,32,185,124,79,128,3653,Cobble,SC2,0,0,0,0,Trimble,NA
1278,2802870.57,1266360.80,7447.22,PITRCK,Relocate 2022,4/28/2022,Before,230000111612,3,Riffle 3,32,135,99,82,128,1821,Cobble,SC2,1,1,0,0,Trimble,NA
1279,2802872.56,1266354.03,7447.54,PITRCK,Relocate 2022,4/28/2022,Before,230000111532,3,Riffle 3,32,134,126,67,128,1534,Cobble,SC2,0,1,0,0,Trimble,NA
1280,2802873.04,1266351.00,7447.36,PITRCK,Relocate 2022,4/28/2022,Before,230000111680,3,Riffle 3,32,131,112,71,128,1468,Cobble,SC2,0,1,0,0,Trimble,NA
1281,2802873.99,1266344.18,7447.94,PITRCK,Relocate 2022,4/28/2022,Before,230000111554,3,Riffle 3,32,375,265,193,>256,22700,Boulder,SB1,0,0,0,0,Trimble,protruding
1282,2802876.66,1266340.22,7447.58,PITRCK,Relocate 2022,4/28/2022,Before,230000111701,3,Riffle 3,32,144,135,89,128,2792,Cobble,SC2,0,1,0,0,Trimble,NA
1283,2802879.04,1266336.51,7447.54,PITRCK,Relocate 2022,4/28/2022,Before,228000607542,3,Riffle 3,23,119,64,45,64,469,Gravel,VCG2,0,0,1,1,Trimble,buried
1284,2802880.90,1266332.14,7447.67,PITRCK,Relocate 2022,4/28/2022,Before,230000111531,3,Riffle 3,32,123,113,67,128,1519,Cobble,SC2,0,0,0,0,Trimble,NA
1285,2802878.76,1266325.19,7447.58,PITRCK,Relocate 2022,4/28/2022,Before,230000111608,3,Riffle 3,32,160,123,71,128,2236,Cobble,SC2,1,0,0,0,Trimble,NA
1286,2802886.27,1266321.45,7447.91,PITRCK,Relocate 2022,4/28/2022,Before,230000111513,3,Riffle 3,32,148,93,75,90,1599,Cobble,SC1,0,1,0,0,Trimble,NA
1287,2802886.66,1266317.60,7447.65,PITRCK,Relocate 2022,4/28/2022,Before,230000111589,3,Riffle 3,32,125,113,95,128,2284,Cobble,SC2,0,0,0,0,Trimble,NA
1288,2802891.46,1266312.91,7447.58,PITRCK,Relocate 2022,4/28/2022,Before,228000607553,3,Riffle 3,23,76,59,50,64,435,Gravel,VCG2,0,0,1,0,Trimble,NA
1289,2802892.95,1266309.04,7447.79,PITRCK,Relocate 2022,4/28/2022,Before,230000111519,3,Riffle 3,32,151,141,52,128,1937,Cobble,SC2,0,1,0,0,Trimble,NA
1290,2802895.42,1266304.13,7447.76,PITRCK,Relocate 2022,4/28/2022,Before,230000111529,3,Riffle 3,32,248,168,104,180,5200,Cobble,LC1,0,0,0,0,Trimble,NA
1291,2802898.55,1266298.69,7448.12,PITRCK,Relocate 2022,4/28/2022,Before,230000111565,3,Riffle 3,32,311,241,149,256,13100,Cobble,LC2,0,0,0,0,Trimble,protruding
1292,2802900.85,1266292.78,7447.7,PITRCK,Relocate 2022,4/28/2022,Before,228000607501,3,Riffle 3,23,78,52,34,64,212,Gravel,VCG2,0,0,0,0,Trimble,NA
1293,2802902.86,1266287.87,7447.87,PITRCK,Relocate 2022,4/28/2022,Before,230000111691,3,Riffle 3,32,145,105,63,128,1716,Cobble,SC2,0,0,0,0,Trimble,NA
1294,2802904.59,1266282.14,7447.73,PITRCK,Relocate 2022,4/28/2022,Before,230000111613,3,Riffle 3,32,136,112,43,90,1002,Cobble,SC1,0,0,0,0,Trimble,NA
1295,2802908.97,1266278.66,7447.59,PITRCK,Relocate 2022,4/28/2022,Before,230000111505,3,Riffle 3,32,117,77,71,90,941,Cobble,SC1,0,0,0,0,Trimble,NA
1296,2802911.80,1266273.49,7447.88,PITRCK,Relocate 2022,4/28/2022,Before,230000111511,3,Riffle 3,32,106,93,80,90,1175,Cobble,SC1,0,0,0,0,Trimble,NA
1297,2802913.49,1266269.87,7447.54,PITRCK,Relocate 2022,4/28/2022,Before,230000111610,3,Riffle 3,32,130,85,56,90,936,Cobble,SC1,0,0,0,0,Trimble,NA
1298,2802917.07,1266262.53,7447.92,PITRCK,Relocate 2022,4/28/2022,Before,230000111569,3,Riffle 3,32,94,71,67,90,638,Cobble,SC1,0,1,0,0,Trimble,NA
1299,2802920.58,1266257.88,7448.08,PITRCK,Relocate 2022,4/28/2022,Before,228000607518,3,Riffle 3,23,86,66,38,64,NA,Gravel,VCG2,0,0,1,1,Trimble,buried
1300,2802150.93,1268070.37,7545.33,20,Control,NA,Before,NA,NA,NA,NA,NA,NA,NA,NA,NA,NA,NA,NA,NA,NA,NA,Trimble,NA
10001,2802150.96,1268070.35,7545.31,43002,Control,NA,Before,NA,NA,NA,NA,NA,NA,NA,NA,NA,NA,NA,NA,NA,NA,NA,Trimble,NA
10002,2802150.94,1268070.34,7545.3,CP30,Control,NA,Before,NA,NA,NA,NA,NA,NA,NA,NA,NA,NA,NA,NA,NA,NA,NA,Trimble,NA
28675,2806269.65,1266665.91,7462.27,PC1A,Pebble Counts,NA,Before,NA,NA,NA,NA,NA,NA,NA,NA,NA,NA,NA,NA,NA,NA,NA,Trimble,NA
28676,2806279.88,1266531.50,7460.74,PC1A,Pebble Counts,NA,Before,NA,NA,NA,NA,NA,NA,NA,NA,NA,NA,NA,NA,NA,NA,NA,Trimble,NA
36022,2804532.33,1266629.27,7456.34,PCA2,Pebble Counts,NA,Before,NA,NA,NA,NA,NA,NA,NA,NA,NA,NA,NA,NA,NA,NA,NA,Trimble,NA
36023,2804512.85,1266477.23,7455.83,PCA2,Pebble Counts,NA,Before,NA,NA,NA,NA,NA,NA,NA,NA,NA,NA,NA,NA,NA,NA,NA,Trimble,NA
36044,2802828.27,1266358.21,7449.17,PCA3,Pebble Counts,NA,Before,NA,NA,NA,NA,NA,NA,NA,NA,NA,NA,NA,NA,NA,NA,NA,Trimble,NA
36045,2802889.79,1266230.46,7449.75,PCA3,Pebble Counts,NA,Before,NA,NA,NA,NA,NA,NA,NA,NA,NA,NA,NA,NA,NA,NA,NA,Trimble,NA
40003,2806338.62,1266543.19,7460.19,PC1AT1,Tracer Transect,NA,Before,NA,NA,NA,NA,NA,NA,NA,NA,NA,NA,NA,NA,NA,NA,NA,Trimble,NA
40004,2806338.70,1266543.23,7460.14,PC1AT1,Tracer Transect,NA,Before,NA,NA,NA,NA,NA,NA,NA,NA,NA,NA,NA,NA,NA,NA,NA,Trimble,NA
40005,2806319.01,1266539.08,7460.23,PC1AT2,Tracer Transect,NA,Before,NA,NA,NA,NA,NA,NA,NA,NA,NA,NA,NA,NA,NA,NA,NA,Trimble,NA
40006,2806299.61,1266536.46,7460.15,PC1AT3,Tracer Transect,NA,Before,NA,NA,NA,NA,NA,NA,NA,NA,NA,NA,NA,NA,NA,NA,NA,Trimble,NA
40007,2806260.27,1266529.76,7460.22,PC1AT4,Tracer Transect,NA,Before,NA,NA,NA,NA,NA,NA,NA,NA,NA,NA,NA,NA,NA,NA,NA,Trimble,NA
40008,2806239.56,1266523.63,7460.49,PC1AT5,Tracer Transect,NA,Before,NA,NA,NA,NA,NA,NA,NA,NA,NA,NA,NA,NA,NA,NA,NA,Trimble,NA
40009,2806269.59,1266666.26,7462.46,PC1AR,Pebble Counts,NA,Before,NA,NA,NA,NA,NA,NA,NA,NA,NA,NA,NA,NA,NA,NA,NA,Trimble,NA
40010,2806279.94,1266522.69,7462.88,PC1AL,Pebble Counts,NA,Before,NA,NA,NA,NA,NA,NA,NA,NA,NA,NA,NA,NA,NA,NA,NA,Trimble,NA
40011,2804512.19,1266471.47,7457.39,PC2AL,Pebble Counts,NA,Before,NA,NA,NA,NA,NA,NA,NA,NA,NA,NA,NA,NA,NA,NA,NA,Trimble,NA
40012,2804561.82,1266624.08,7455.8,PC2AT1,Tracer Transect,NA,Before,NA,NA,NA,NA,NA,NA,NA,NA,NA,NA,NA,NA,NA,NA,NA,Trimble,NA
40013,2804541.96,1266625.97,7456.14,PC2AT2,Tracer Transect,NA,Before,NA,NA,NA,NA,NA,NA,NA,NA,NA,NA,NA,NA,NA,NA,NA,Trimble,NA
40014,2804522.21,1266628.59,7455.69,PC2AT3,Tracer Transect,NA,Before,NA,NA,NA,NA,NA,NA,NA,NA,NA,NA,NA,NA,NA,NA,NA,Trimble,NA
40015,2804502.52,1266634.13,7456.84,PC2AT4,Tracer Transect,NA,Before,NA,NA,NA,NA,NA,NA,NA,NA,NA,NA,NA,NA,NA,NA,NA,Trimble,NA
40016,2804532.97,1266634.22,7457.5,PC2AR,Pebble Counts,NA,Before,NA,NA,NA,NA,NA,NA,NA,NA,NA,NA,NA,NA,NA,NA,NA,Trimble,NA
41003,2802890.23,1266229.14,7449.92,PC3AL,Pebble Counts,NA,Before,NA,NA,NA,NA,NA,NA,NA,NA,NA,NA,NA,NA,NA,NA,NA,Trimble,NA
41004,2802793.02,1266340.50,7449.14,PC3AT4,Tracer Transect,NA,Before,NA,NA,NA,NA,NA,NA,NA,NA,NA,NA,NA,NA,NA,NA,NA,Trimble,NA
41005,2802810.60,1266349.81,7449.64,PC3AT3,Tracer Transect,NA,Before,NA,NA,NA,NA,NA,NA,NA,NA,NA,NA,NA,NA,NA,NA,NA,Trimble,NA
41006,2802846.93,1266366.17,7449.47,PC3AT2,Tracer Transect,NA,Before,NA,NA,NA,NA,NA,NA,NA,NA,NA,NA,NA,NA,NA,NA,NA,Trimble,NA
41007,2802861.45,1266378.98,7449.44,PC3AT1,Tracer Transect,NA,Before,NA,NA,NA,NA,NA,NA,NA,NA,NA,NA,NA,NA,NA,NA,NA,Trimble,NA
41008,2802826.13,1266362.85,7450.15,PC3AR,Tracer Transect,NA,Before,NA,NA,NA,NA,NA,NA,NA,NA,NA,NA,NA,NA,NA,NA,NA,Trimble,NA
42002,2802150.97,1268070.37,7545.28,CP20,Control,NA,Before,NA,NA,NA,NA,NA,NA,NA,NA,NA,NA,NA,NA,NA,NA,NA,Trimble,NA
43002,2802150.93,1268070.35,7545.29,CP20,Control,NA,Before,NA,NA,NA,NA,NA,NA,NA,NA,NA,NA,NA,NA,NA,NA,NA,Trimble,NA
50001,2802150.94,1268070.32,7545.32,CP20,Control,NA,Before,NA,NA,NA,NA,NA,NA,NA,NA,NA,NA,NA,NA,NA,NA,NA,Trimble,NA
50002,2802150.95,1268070.31,7545.31,CP20,Control,NA,Before,NA,NA,NA,NA,NA,NA,NA,NA,NA,NA,NA,NA,NA,NA,NA,Trimble,NA
51001,2802150.98,1268070.37,7545.27,CP20,Control,NA,Before,NA,NA,NA,NA,NA,NA,NA,NA,NA,NA,NA,NA,NA,NA,NA,Trimble,NA
51002,2802150.96,1268070.40,7545.27,CP20,Control,NA,Before,NA,NA,NA,NA,NA,NA,NA,NA,NA,NA,NA,NA,NA,NA,NA,Trimble,NA
100003,2802150.92,1268070.36,7545.34,GRND,Control,NA,Before,NA,NA,NA,NA,NA,NA,NA,NA,NA,NA,NA,NA,NA,NA,NA,Trimble,NA
100004,2802150.93,1268070.33,7545.36,51002,Control,NA,Before,NA,NA,NA,NA,NA,NA,NA,NA,NA,NA,NA,NA,NA,NA,NA,Trimble,NA
100005,2802150.96,1268070.33,7545.34,CP20,Control,NA,Before,NA,NA,NA,NA,NA,NA,NA,NA,NA,NA,NA,NA,NA,NA,NA,Trimble,NA
100006,2802150.95,1268070.31,7545.33,20,Control,NA,Before,NA,NA,NA,NA,NA,NA,NA,NA,NA,NA,NA,NA,NA,NA,NA,Trimble,NA
100007,2802150.93,1268070.30,7545.32,CP20,Control,NA,Before,NA,NA,NA,NA,NA,NA,NA,NA,NA,NA,NA,NA,NA,NA,NA,Trimble,NA
100009,2802150.94,1268070.39,7545.29,20,Control,NA,Before,NA,NA,NA,NA,NA,NA,NA,NA,NA,NA,NA,NA,NA,NA,NA,Trimble,NA
100010,2802150.93,1268070.39,7545.29,CP20,Control,NA,Before,NA,NA,NA,NA,NA,NA,NA,NA,NA,NA,NA,NA,NA,NA,NA,Trimble,NA
50100,2804615.81,1266614.79,7455.83,PITRCK,Deploy 2023,4/24/2023,After,230000111599,2A,Riffle 2A,32,135,120,75,128,1877,Cobble,SC2,NA,NA,NA,NA,Trimble,
50101,2804617.26,1266609.34,7455.74,PITRCK,Deploy 2023,4/24/2023,After,228000607528,2A,Riffle 2A,23,84,69,41,64,409,Gravel,VCG2,NA,NA,NA,NA,Trimble,
50102,2804617.95,1266602.91,7455.54,PITRCK,Deploy 2023,4/24/2023,After,230000111738,2A,Riffle 2A,32,140,110,77,128,1999,Cobble,SC2,NA,NA,NA,NA,Trimble,
50103,2804618.51,1266598.01,7455.09,PITRCK,Deploy 2023,4/24/2023,After,231000039731,2A,Riffle 2A,14,55,30,21,32,87.5,Gravel,CG2,NA,NA,NA,NA,Trimble,
50104,2804619.51,1266591.65,7454.64,PITRCK,Deploy 2023,4/24/2023,After,228000607576,2A,Riffle 2A,23,104,64,43,64,599,Gravel,VCG2,NA,NA,NA,NA,Trimble,
50105,2804621.51,1266584.92,7455.2,PITRCK,Deploy 2023,4/24/2023,After,230000111634,2A,Riffle 2A,32,367,215,128,256,16700,Cobble,LC2,NA,NA,NA,NA,Trimble,
50106,2804623.15,1266578.55,7455.31,PITRCK,Deploy 2023,4/24/2023,After,231000039774,2A,Riffle 2A,14,45,32,20,32,43.5,Gravel,CG2,NA,NA,NA,NA,Trimble,
50107,2804624.07,1266573.83,7455.6,PITRCK,Deploy 2023,4/24/2023,After,230000111658,2A,Riffle 2A,32,90,83,56,90,732,Cobble,SC1,NA,NA,NA,NA,Trimble,
50108,2804624.69,1266569.85,7455.54,PITRCK,Deploy 2023,4/24/2023,After,231000039734,2A,Riffle 2A,14,59,31,30,32,66,Gravel,CG2,NA,NA,NA,NA,Trimble,
50109,2804625.77,1266564.67,7455.93,PITRCK,Deploy 2023,4/24/2023,After,228000607558,2A,Riffle 2A,23,88,73,38,64,444,Gravel,VCG2,NA,NA,NA,NA,Trimble,
50110,2804626.16,1266560.01,7455.92,PITRCK,Deploy 2023,4/24/2023,After,231000039756,2A,Riffle 2A,14,51,31,27,32,59,Gravel,CG2,NA,NA,NA,NA,Trimble,
50111,2804626.52,1266555.15,7456.49,PITRCK,Deploy 2023,4/24/2023,After,230000111645,2A,Riffle 2A,32,134,101,91,128,2037,Cobble,SC2,NA,NA,NA,NA,Trimble,
50112,2804604.72,1266552.47,7456.23,PITRCK,Deploy 2023,4/24/2023,After,228000607564,2A,Riffle 2A,23,108,64,45,64,477,Gravel,VCG2,NA,NA,NA,NA,Trimble,
50113,2804604.37,1266557.22,7455.55,PITRCK,Deploy 2023,4/24/2023,After,226001370280,2A,Riffle 2A,12,41,24,20,32,52,Gravel,CG2,NA,NA,NA,NA,Trimble,
50114,2804603.77,1266563.61,7455.54,PITRCK,Deploy 2023,4/24/2023,After,230000111719,2A,Riffle 2A,32,165,110,61,128,1712,Cobble,SC2,NA,NA,NA,NA,Trimble,
50115,2804602.82,1266569.19,7455.35,PITRCK,Deploy 2023,4/24/2023,After,226001370272,2A,Riffle 2A,12,40,24,19,32,71.5,Gravel,CG2,NA,NA,NA,NA,Trimble,
50116,2804602.25,1266574.9,7455.54,PITRCK,Deploy 2023,4/24/2023,After,228000607506,2A,Riffle 2A,23,87,72,35,64,423,Gravel,VCG2,NA,NA,NA,NA,Trimble,
50117,2804601.48,1266580.29,7454.93,PITRCK,Deploy 2023,4/24/2023,After,230000111694,2A,Riffle 2A,32,150,109,88,128,1738,Cobble,SC2,NA,NA,NA,NA,Trimble,
50118,2804600.27,1266587.08,7454.81,PITRCK,Deploy 2023,4/24/2023,After,230000111729,2A,Riffle 2A,32,346,280,115,>256,21300,Boulder,SB1,NA,NA,NA,NA,Trimble,
50119,2804599,1266592.37,7454.79,PITRCK,Deploy 2023,4/24/2023,After,230000111660,2A,Riffle 2A,32,112,87,57,90,727,Cobble,SC1,NA,NA,NA,NA,Trimble,
50120,2804598.21,1266597.2,7455.04,PITRCK,Deploy 2023,4/24/2023,After,226001370285,2A,Riffle 2A,12,31,16,14,16,9.238,Gravel,MG2,NA,NA,NA,NA,Trimble,
50121,2804597.83,1266601.58,7455.13,PITRCK,Deploy 2023,4/24/2023,After,230000111629,2A,Riffle 2A,32,155,132,54,128,1834,Cobble,SC2,NA,NA,NA,NA,Trimble,
50122,2804597.21,1266604.95,7455.19,PITRCK,Deploy 2023,4/24/2023,After,226001370257,2A,Riffle 2A,12,26,20,9,16,4.179,Gravel,MG2,NA,NA,NA,NA,Trimble,
50123,2804596.07,1266609.61,7455.35,PITRCK,Deploy 2023,4/24/2023,After,230000111718,2A,Riffle 2A,32,85,72,57,90,509,Cobble,SC1,NA,NA,NA,NA,Trimble,
50124,2804594.96,1266614.43,7455.66,PITRCK,Deploy 2023,4/24/2023,After,226001370218,2A,Riffle 2A,12,34,12,12,16,5.414,Gravel,MG2,NA,NA,NA,NA,Trimble,
50125,2804573.56,1266612.26,7455.91,PITRCK,Deploy 2023,4/24/2023,After,230000111603,2A,Riffle 2A,32,181,125,100,128,3827,Cobble,SC2,NA,NA,NA,NA,Trimble,
50126,2804574.03,1266606.85,7454.94,PITRCK,Deploy 2023,4/24/2023,After,231000039788,2A,Riffle 2A,14,51,36,18,32,65,Gravel,CG2,NA,NA,NA,NA,Trimble,
50127,2804573.92,1266600.16,7454.83,PITRCK,Deploy 2023,4/24/2023,After,230000111605,2A,Riffle 2A,32,140,121,59,128,1380,Cobble,SC2,NA,NA,NA,NA,Trimble,
50128,2804575.07,1266593.8,7455.69,PITRCK,Deploy 2023,4/24/2023,After,230000111515,2A,Riffle 2A,32,395,265,205,362,27100,Boulder,SB1,NA,NA,NA,NA,Trimble,
50129,2804576.05,1266587.71,7454.82,PITRCK,Deploy 2023,4/24/2023,After,230000111586,2A,Riffle 2A,32,135,97,68,128,1766,Cobble,SC2,NA,NA,NA,NA,Trimble,
50130,2804576.69,1266579.37,7454.5,PITRCK,Deploy 2023,4/24/2023,After,230000111583,2A,Riffle 2A,32,85,61,55,90,493,Cobble,SC1,NA,NA,NA,NA,Trimble,
50131,2804577.13,1266574.47,7454.49,PITRCK,Deploy 2023,4/24/2023,After,226001370210,2A,Riffle 2A,12,21,15,15,16,5.473,Gravel,MG2,NA,NA,NA,NA,Trimble,
50132,2804577.58,1266569.31,7455.01,PITRCK,Deploy 2023,4/24/2023,After,230000111547,2A,Riffle 2A,32,168,111,53,90,1488,Cobble,SC1,NA,NA,NA,NA,Trimble,
50133,2804577.94,1266564.88,7455.01,PITRCK,Deploy 2023,4/24/2023,After,226001370321,2A,Riffle 2A,12,25,12,7,16,3.958,Gravel,MG2,NA,NA,NA,NA,Trimble,
50134,2804578.81,1266559.72,7455.33,PITRCK,Deploy 2023,4/24/2023,After,228000607538,2A,Riffle 2A,23,74,53,22,64,257,Gravel,VCG2,NA,NA,NA,NA,Trimble,
50135,2804579.5,1266554.88,7455.48,PITRCK,Deploy 2023,4/24/2023,After,230000111671,2A,Riffle 2A,32,110,93,42,90,657,Cobble,SC1,NA,NA,NA,NA,Trimble,
50136,2804580.44,1266550.22,7455.58,PITRCK,Deploy 2023,4/24/2023,After,230000111621,2A,Riffle 2A,32,118,79,65,90,1151,Cobble,SC1,NA,NA,NA,NA,Trimble,
50137,2804518.34,1266598.97,7455.85,PITRCK,Deploy 2023,4/24/2023,After,230000111657,2A,Riffle 2A,32,100,72,42,64,379,Gravel,VCG2,NA,NA,NA,NA,Trimble,
50138,2804519.75,1266593.43,7455.18,PITRCK,Deploy 2023,4/24/2023,After,226001370271,2A,Riffle 2A,12,24,14,13,16,4.896,Gravel,MG2,NA,NA,NA,NA,Trimble,
50139,2804520.73,1266588.22,7455.36,PITRCK,Deploy 2023,4/24/2023,After,230000111709,2A,Riffle 2A,32,201,182,58,180,3584,Cobble,LC1,NA,NA,NA,NA,Trimble,
50140,2804521.52,1266583.27,7454.82,PITRCK,Deploy 2023,4/24/2023,After,231000039715,2A,Riffle 2A,14,61,31,17,32,42,Gravel,CG2,NA,NA,NA,NA,Trimble,
50141,2804523.18,1266577.34,7454.7,PITRCK,Deploy 2023,4/24/2023,After,230000111704,2A,Riffle 2A,32,95,73,41,64,416,Gravel,VCG2,NA,NA,NA,NA,Trimble,
50142,2804525.51,1266571.74,7454.33,PITRCK,Deploy 2023,4/24/2023,After,230000111732,2A,Riffle 2A,32,210,158,107,180,3929,Cobble,LC1,NA,NA,NA,NA,Trimble,
50143,2804526.79,1266564.6,7454.34,PITRCK,Deploy 2023,4/24/2023,After,230000111587,2A,Riffle 2A,32,320,235,105,256,11600,Cobble,LC2,NA,NA,NA,NA,Trimble,
50144,2804528.48,1266559.19,7454.34,PITRCK,Deploy 2023,4/24/2023,After,228000607539,2A,Riffle 2A,23,110,63,31,64,372,Gravel,VCG2,NA,NA,NA,NA,Trimble,
50145,2804528.75,1266554.86,7454.61,PITRCK,Deploy 2023,4/24/2023,After,230000111602,2A,Riffle 2A,32,178,155,48,180,2087,Cobble,LC1,NA,NA,NA,NA,Trimble,
50146,2804529.3,1266550.29,7454.78,PITRCK,Deploy 2023,4/24/2023,After,226001370298,2A,Riffle 2A,12,18,17,10,16,4.49,Gravel,MG2,NA,NA,NA,NA,Trimble,
50147,2804530.06,1266547.4,7455.26,PITRCK,Deploy 2023,4/24/2023,After,228000607569,2A,Riffle 2A,23,99,78,44,64,493,Gravel,VCG2,NA,NA,NA,NA,Trimble,
50148,2804530.83,1266542.82,7455.24,PITRCK,Deploy 2023,4/24/2023,After,228000607561,2A,Riffle 2A,23,106,53,49,64,350,Gravel,VCG2,NA,NA,NA,NA,Trimble,
50149,2804531.71,1266538.5,7455.64,PITRCK,Deploy 2023,4/24/2023,After,228000607547,2A,Riffle 2A,23,80,70,43,64,370,Gravel,VCG2,NA,NA,NA,NA,Trimble,
50150,2804253.05,1266614.5,7453.96,PITRCK,Deploy 2023,4/24/2023,After,228000607511,2B,Riffle 2B,23,120,75,50,64,466,Gravel,VCG2,NA,NA,NA,NA,Trimble,
50151,2804251.27,1266610.64,7453.35,PITRCK,Deploy 2023,4/24/2023,After,228000607570,2B,Riffle 2B,23,75,63,48,64,338,Gravel,VCG2,NA,NA,NA,NA,Trimble,
50152,2804249.3,1266603.12,7453.72,PITRCK,Deploy 2023,4/24/2023,After,231000039736,2B,Riffle 2B,14,49,36,20,32,55.5,Gravel,CG2,NA,NA,NA,NA,Trimble,
50153,2804247.72,1266597.82,7454.07,PITRCK,Deploy 2023,4/24/2023,After,230000111669,2B,Riffle 2B,32,151,137,65,128,2083,Cobble,SC2,NA,NA,NA,NA,Trimble,
50154,2804246.42,1266592.5,7453.76,PITRCK,Deploy 2023,4/24/2023,After,230000111584,2B,Riffle 2B,32,145,141,67,128,2105,Cobble,SC2,NA,NA,NA,NA,Trimble,
50155,2804245.24,1266587.21,7453.74,PITRCK,Deploy 2023,4/24/2023,After,230000298004,2B,Riffle 2B,32,285,182,120,256,11600,Cobble,LC2,NA,NA,NA,NA,Trimble,
50156,2804245.06,1266581.9,7453.4,PITRCK,Deploy 2023,4/24/2023,After,228000607554,2B,Riffle 2B,23,81,64,30,64,213,Gravel,VCG2,NA,NA,NA,NA,Trimble,
50157,2804244.04,1266577.93,7453.64,PITRCK,Deploy 2023,4/24/2023,After,230000111568,2B,Riffle 2B,32,133,87,49,90,784,Cobble,SC1,NA,NA,NA,NA,Trimble,
50158,2804243.46,1266572.8,7453.63,PITRCK,Deploy 2023,4/24/2023,After,226001370284,2B,Riffle 2B,12,22,20,11,16,5.424,Gravel,MG2,NA,NA,NA,NA,Trimble,
50159,2804242.25,1266568.93,7454.08,PITRCK,Deploy 2023,4/24/2023,After,231000039740,2B,Riffle 2B,14,50,33,20,32,41,Gravel,CG2,NA,NA,NA,NA,Trimble,
50160,2804241.14,1266563.24,7454.25,PITRCK,Deploy 2023,4/24/2023,After,209000133190,2B,Riffle 2B,23,84,64,35,64,376.5,Gravel,VCG2,NA,NA,NA,NA,Trimble,"Replacement rock for 228000607545, which was previously deployed in riffle 2 but NEVER RECOVERED"
50161,2804239.59,1266557,7454.76,PITRCK,Deploy 2023,4/24/2023,After,226001370286,2B,Riffle 2B,12,35,24,14,32,37.5,Gravel,CG2,NA,NA,NA,NA,Trimble,
50162,2804234.65,1266620.97,7454.5,PITRCK,Deploy 2023,4/24/2023,After,228000607527,2B,Riffle 2B,23,70,74,55,64,425,Gravel,VCG2,NA,NA,NA,NA,Trimble,
50163,2804234.06,1266616.07,7454.41,PITRCK,Deploy 2023,4/24/2023,After,230000111606,2B,Riffle 2B,32,147,108,64,128,1636,Cobble,SC2,NA,NA,NA,NA,Trimble,
50164,2804233.62,1266611.59,7454.03,PITRCK,Deploy 2023,4/24/2023,After,226001370213,2B,Riffle 2B,12,27,19,12,16,5.329,Gravel,MG2,NA,NA,NA,NA,Trimble,
50165,2804231.6,1266606.57,7453.97,PITRCK,Deploy 2023,4/24/2023,After,230000111572,2B,Riffle 2B,32,162,104,67,128,1710,Cobble,SC2,NA,NA,NA,NA,Trimble,
50166,2804230.85,1266602.2,7453.44,PITRCK,Deploy 2023,4/24/2023,After,231000039732,2B,Riffle 2B,14,43,38,19,32,46,Gravel,CG2,NA,NA,NA,NA,Trimble,
50167,2804230.28,1266596.51,7453.47,PITRCK,Deploy 2023,4/24/2023,After,230000298005,2B,Riffle 2B,32,183,158,100,256,4300,Cobble,LC2,NA,NA,NA,NA,Trimble,
50168,2804229.02,1266591.94,7453.77,PITRCK,Deploy 2023,4/24/2023,After,230000111522,2B,Riffle 2B,32,295,250,174,256,16100,Cobble,LC2,NA,NA,NA,NA,Trimble,
50169,2804227.3,1266586.89,7453.45,PITRCK,Deploy 2023,4/24/2023,After,228000607504,2B,Riffle 2B,23,77,65,40,64,362,Gravel,VCG2,NA,NA,NA,NA,Trimble,
50170,2804226.53,1266582.49,7453.45,PITRCK,Deploy 2023,4/24/2023,After,228000607514,2B,Riffle 2B,23,139,64,54,64,813,Gravel,VCG2,NA,NA,NA,NA,Trimble,
50171,2804225.8,1266578.78,7453.83,PITRCK,Deploy 2023,4/24/2023,After,230000111504,2B,Riffle 2B,32,166,128,81,128,2127,Cobble,SC2,NA,NA,NA,NA,Trimble,
50172,2804225.39,1266573.98,7453.88,PITRCK,Deploy 2023,4/24/2023,After,226001370289,2B,Riffle 2B,12,20,20,12,16,5.267,Gravel,MG2,NA,NA,NA,NA,Trimble,
50173,2804224.66,1266571.12,7454.17,PITRCK,Deploy 2023,4/24/2023,After,230000111723,2B,Riffle 2B,32,146,89,36,90,807,Cobble,SC1,NA,NA,NA,NA,Trimble,
50174,2804223.24,1266563.97,7454.5,PITRCK,Deploy 2023,4/24/2023,After,228000607540,2B,Riffle 2B,23,100,67,46,64,506,Gravel,VCG2,NA,NA,NA,NA,Trimble,
50175,2804198.86,1266633.73,7454.3,PITRCK,Deploy 2023,4/24/2023,After,228000607526,2B,Riffle 2B,23,117,74,43,64,561,Gravel,VCG2,NA,NA,NA,NA,Trimble,
50176,2804197.86,1266629.13,7454.1,PITRCK,Deploy 2023,4/24/2023,After,230000298012,2B,Riffle 2B,32,193,120,84,256,4900,Cobble,LC2,NA,NA,NA,NA,Trimble,
50177,2804196.59,1266625.28,7453.62,PITRCK,Deploy 2023,4/24/2023,After,226001370341,2B,Riffle 2B,12,21,17,9,16,5.134,Gravel,MG2,NA,NA,NA,NA,Trimble,
50178,2804194.91,1266621,7453.76,PITRCK,Deploy 2023,4/24/2023,After,230000111666,2B,Riffle 2B,32,321,290,200,>256,18300,Boulder,SB1,NA,NA,NA,NA,Trimble,
50179,2804193.84,1266616.12,7453.18,PITRCK,Deploy 2023,4/24/2023,After,228000607572,2B,Riffle 2B,23,75,68,37,64,300,Gravel,VCG2,NA,NA,NA,NA,Trimble,
50180,2804192.79,1266611.67,7453.44,PITRCK,Deploy 2023,4/24/2023,After,230000111705,2B,Riffle 2B,32,160,84,69,90,1747,Cobble,SC1,NA,NA,NA,NA,Trimble,
50181,2804190.99,1266606.85,7453.47,PITRCK,Deploy 2023,4/24/2023,After,230000111646,2B,Riffle 2B,32,93,77,55,90,508,Cobble,SC1,NA,NA,NA,NA,Trimble,"Typo in original datasheet, used to end in 664. "
50182,2804189.86,1266602.98,7453.03,PITRCK,Deploy 2023,4/24/2023,After,226001370253,2B,Riffle 2B,12,32,23,14,32,33.5,Gravel,CG2,NA,NA,NA,NA,Trimble,
50183,2804188.02,1266599.74,7453.87,PITRCK,Deploy 2023,4/24/2023,After,230000111508,2B,Riffle 2B,32,256,214,190,256,16900,Cobble,LC2,NA,NA,NA,NA,Trimble,
50184,2804186.14,1266594.69,7453.25,PITRCK,Deploy 2023,4/24/2023,After,226001370261,2B,Riffle 2B,12,33,28,19,32,45.5,Gravel,CG2,NA,NA,NA,NA,Trimble,
50185,2804184.6,1266589.66,7453.75,PITRCK,Deploy 2023,4/24/2023,After,230000111703,2B,Riffle 2B,32,114,85,37,90,604,Cobble,SC1,NA,NA,NA,NA,Trimble,
50186,2804182.56,1266585.06,7453.73,PITRCK,Deploy 2023,4/24/2023,After,226001370299,2B,Riffle 2B,12,27,17,11,16,7.086,Gravel,MG2,NA,NA,NA,NA,Trimble,
50187,2804180.91,1266580.59,7454.14,PITRCK,Deploy 2023,4/24/2023,After,230000111696,2B,Riffle 2B,32,103,89,59,90,759,Cobble,SC1,NA,NA,NA,NA,Trimble,
50188,2804160.67,1266590.45,7454.1,PITRCK,Deploy 2023,4/24/2023,After,226001370250,2B,Riffle 2B,12,35,26,17,32,50,Gravel,CG2,NA,NA,NA,NA,Trimble,
50189,2804162.72,1266595.44,7453.95,PITRCK,Deploy 2023,4/24/2023,After,230000111675,2B,Riffle 2B,32,98,89,68,90,939,Cobble,SC1,NA,NA,NA,NA,Trimble,
50190,2804164.66,1266600.09,7453.47,PITRCK,Deploy 2023,4/24/2023,After,226001370240,2B,Riffle 2B,12,21,15,11,16,4.405,Gravel,MG2,NA,NA,NA,NA,Trimble,
50191,2804166.35,1266604.72,7453.22,PITRCK,Deploy 2023,4/24/2023,After,230000111604,2B,Riffle 2B,32,195,62,56,90,1437,Cobble,SC1,NA,NA,NA,NA,Trimble,
50192,2804168.18,1266609.64,7453.11,PITRCK,Deploy 2023,4/24/2023,After,228000607548,2B,Riffle 2B,23,67,55,52,64,344,Gravel,VCG2,NA,NA,NA,NA,Trimble,
50193,2804169.21,1266614.03,7453.45,PITRCK,Deploy 2023,4/24/2023,After,230000111726,2B,Riffle 2B,32,330,285,138,362,32000,Boulder,SB1,NA,NA,NA,NA,Trimble,
50194,2804171.05,1266618.8,7453.05,PITRCK,Deploy 2023,4/24/2023,After,230000111681,2B,Riffle 2B,32,100,65,55,90,572,Cobble,SC1,NA,NA,NA,NA,Trimble,
50195,2804172.7,1266623.33,7453.29,PITRCK,Deploy 2023,4/24/2023,After,230000111638,2B,Riffle 2B,32,165,133,106,128,3239,Cobble,SC2,NA,NA,NA,NA,Trimble,
50196,2804173.69,1266627.8,7452.95,PITRCK,Deploy 2023,4/24/2023,After,226001370224,2B,Riffle 2B,12,25,15,10,16,5.3756,Gravel,MG2,NA,NA,NA,NA,Trimble,
50197,2804175.23,1266632.2,7453.52,PITRCK,Deploy 2023,4/24/2023,After,230000111673,2B,Riffle 2B,32,139,96,75,128,1437,Cobble,SC2,NA,NA,NA,NA,Trimble,
50198,2804176.86,1266637.04,7453.73,PITRCK,Deploy 2023,4/24/2023,After,226001370278,2B,Riffle 2B,12,26,16,12,16,5.809,Gravel,MG2,NA,NA,NA,NA,Trimble,
50199,2804178.62,1266641.56,7454.31,PITRCK,Deploy 2023,4/24/2023,After,230000111664,2B,Riffle 2B,32,116,88,67,90,904,Cobble,SC1,NA,NA,NA,NA,Trimble,Added in from field sheet. 
50200,2806340.21,1266541.88,7459.74,PITRCK,Deploy 2023,4/24/2023,After,230000111712,1,Riffle 1,32,176,113,74,128,2062,Cobble,SC2,NA,NA,NA,NA,Trimble,
50201,2806339.93,1266546.63,7458.94,PITRCK,Deploy 2023,4/24/2023,After,231000039738,1,Riffle 1,14,45,34,23,32,53.5,Gravel,CG2,NA,NA,NA,NA,Trimble,
50202,2806339.43,1266552.47,7459.21,PITRCK,Deploy 2023,4/24/2023,After,230000111683,1,Riffle 1,32,132,90,80,128,1427,Cobble,SC2,NA,NA,NA,NA,Trimble,
50203,2806338.98,1266557.62,7459.26,PITRCK,Deploy 2023,4/24/2023,After,231000039714,1,Riffle 1,14,55,24,20,32,52.5,Gravel,CG2,NA,NA,NA,NA,Trimble,
50204,2806338.68,1266563.68,7459.49,PITRCK,Deploy 2023,4/24/2023,After,226001370281,1,Riffle 1,12,21,16,11,16,4.302,Gravel,MG2,NA,NA,NA,NA,Trimble,
50205,2806338.11,1266568.4,7459.82,PITRCK,Deploy 2023,4/24/2023,After,230000111708,1,Riffle 1,32,181,124,84,128,2277,Cobble,SC2,NA,NA,NA,NA,Trimble,
50206,2806337.49,1266573.7,7459.66,PITRCK,Deploy 2023,4/24/2023,After,226001370212,1,Riffle 1,12,25,15,10,16,4.675,Gravel,MG2,NA,NA,NA,NA,Trimble,
50207,2806337.21,1266579.06,7460.22,PITRCK,Deploy 2023,4/24/2023,After,230000111578,1,Riffle 1,32,374,275,144,>256,19700,Boulder,SB1,NA,NA,NA,NA,Trimble,
50208,2806336.23,1266584.29,7459.8,PITRCK,Deploy 2023,4/24/2023,After,228000607513,1,Riffle 1,23,91,60,38,64,273,Gravel,VCG2,NA,NA,NA,NA,Trimble,
50209,2806334.97,1266589.93,7459.57,PITRCK,Deploy 2023,4/24/2023,After,226001370256,1,Riffle 1,12,20,17,7,16,2.964,Gravel,MG2,NA,NA,NA,NA,Trimble,
50210,2806334.43,1266594.61,7459.49,PITRCK,Deploy 2023,4/24/2023,After,230000111717,1,Riffle 1,32,135,93,59,90,1398,Cobble,SC1,NA,NA,NA,NA,Trimble,
50211,2806333.82,1266603.31,7459.59,PITRCK,Deploy 2023,4/24/2023,After,231000039702,1,Riffle 1,14,42,38,25,32,42,Gravel,CG2,NA,NA,NA,NA,Trimble,
50212,2806332.54,1266607.88,7458.95,PITRCK,Deploy 2023,4/24/2023,After,230000111562,1,Riffle 1,32,197,169,68,180,3575,Cobble,LC1,NA,NA,NA,NA,Trimble,
50213,2806332.16,1266615.39,7459.62,PITRCK,Deploy 2023,4/24/2023,After,230000111746,1,Riffle 1,32,111,68,59,90,775,Cobble,SC1,NA,NA,NA,NA,Trimble,
50214,2806331.79,1266619.94,7460.04,PITRCK,Deploy 2023,4/24/2023,After,230000111725,1,Riffle 1,32,312,245,140,256,18500,Cobble,LC2,NA,NA,NA,NA,Trimble,
50215,2806331.14,1266627.54,7459.3,PITRCK,Deploy 2023,4/24/2023,After,226001370292,1,Riffle 1,12,20,18,11,16,4.728,Gravel,MG2,NA,NA,NA,NA,Trimble,
50216,2806329.96,1266633.56,7458.72,PITRCK,Deploy 2023,4/24/2023,After,230000111631,1,Riffle 1,32,97,56,50,64,363,Gravel,VCG2,NA,NA,NA,NA,Trimble,
50217,2806329.13,1266642.83,7459.4,PITRCK,Deploy 2023,4/24/2023,After,228000607546,1,Riffle 1,23,97,71,35,64,338,Gravel,VCG2,NA,NA,NA,NA,Trimble,
50218,2806329.06,1266654.27,7459.46,PITRCK,Deploy 2023,4/24/2023,After,228000607532,1,Riffle 1,23,90,55,42,64,446,Gravel,VCG2,NA,NA,NA,NA,Trimble,
50219,2806327.91,1266660,7459.55,PITRCK,Deploy 2023,4/24/2023,After,226001370318,1,Riffle 1,12,28,16,8,16,6.618,Gravel,MG2,NA,NA,NA,NA,Trimble,
50220,2806318.81,1266538.89,7460.07,PITRCK,Deploy 2023,4/24/2023,After,230000111596,1,Riffle 1,32,86,73,64,90,548,Cobble,SC1,NA,NA,NA,NA,Trimble,
50221,2806318.92,1266542.26,7459.46,PITRCK,Deploy 2023,4/24/2023,After,226001370376,1,Riffle 1,12,25,17,7,16,5.594,Gravel,MG2,NA,NA,NA,NA,Trimble,
50222,2806318.25,1266548.79,7459.15,PITRCK,Deploy 2023,4/24/2023,After,230000111581,1,Riffle 1,32,113,101,43,90,755,Cobble,SC1,NA,NA,NA,NA,Trimble,
50223,2806317.44,1266554.16,7459.35,PITRCK,Deploy 2023,4/24/2023,After,231000039733,1,Riffle 1,14,47,37,20,32,50,Gravel,CG2,NA,NA,NA,NA,Trimble,
50224,2806316.92,1266561.12,7458.92,PITRCK,Deploy 2023,4/24/2023,After,230000111734,1,Riffle 1,32,120,104,64,128,1233,Cobble,SC2,NA,NA,NA,NA,Trimble,
50225,2806315.9,1266566.05,7458.76,PITRCK,Deploy 2023,4/24/2023,After,226001370206,1,Riffle 1,12,35,27,20,32,49,Gravel,CG2,NA,NA,NA,NA,Trimble,
50226,2806314.47,1266573.58,7459.31,PITRCK,Deploy 2023,4/24/2023,After,230000111551,1,Riffle 1,32,189,103,71,128,1963,Cobble,SC2,NA,NA,NA,NA,Trimble,
50227,2806312.73,1266586.02,7458.68,PITRCK,Deploy 2023,4/24/2023,After,226001370232,1,Riffle 1,12,40,34,17,32,52,Gravel,CG2,NA,NA,NA,NA,Trimble,
50228,2806312.1,1266592.95,7459.58,PITRCK,Deploy 2023,4/24/2023,After,230000111575,1,Riffle 1,32,135,96,53,90,1034,Cobble,SC1,NA,NA,NA,NA,Trimble,
50229,2806311.84,1266600.18,7459.98,PITRCK,Deploy 2023,4/24/2023,After,230000111733,1,Riffle 1,32,303,265,148,>256,15900,Boulder,SB1,NA,NA,NA,NA,Trimble,
50230,2806310.68,1266606.36,7459.01,PITRCK,Deploy 2023,4/24/2023,After,226001370264,1,Riffle 1,12,30,23,12,32,28.5,Gravel,CG2,NA,NA,NA,NA,Trimble,
50231,2806309.54,1266613.69,7458.83,PITRCK,Deploy 2023,4/24/2023,After,230000111700,1,Riffle 1,32,131,82,56,90,709,Cobble,SC1,NA,NA,NA,NA,Trimble,
50232,2806309.04,1266622.34,7458.4,PITRCK,Deploy 2023,4/24/2023,After,231000039758,1,Riffle 1,14,40,33,18,32,40.5,Gravel,CG2,NA,NA,NA,NA,Trimble,
50233,2806308.17,1266628.73,7459.48,PITRCK,Deploy 2023,4/24/2023,After,230000111668,1,Riffle 1,32,177,112,67,128,1929,Cobble,SC2,NA,NA,NA,NA,Trimble,
50234,2806307.78,1266635.43,7459.35,PITRCK,Deploy 2023,4/24/2023,After,228000607552,1,Riffle 1,23,75,64,54,64,543,Gravel,VCG2,NA,NA,NA,NA,Trimble,
50235,2806307.13,1266640.6,7459.15,PITRCK,Deploy 2023,4/24/2023,After,226001370277,1,Riffle 1,12,23,15,13,16,6.062,Gravel,MG2,NA,NA,NA,NA,Trimble,
50236,2806305.93,1266647.72,7459.09,PITRCK,Deploy 2023,4/24/2023,After,230000111545,1,Riffle 1,32,121,71,58,90,829,Cobble,SC1,NA,NA,NA,NA,Trimble,
50237,2806305.04,1266653.48,7459.03,PITRCK,Deploy 2023,4/24/2023,After,230000111540,1,Riffle 1,32,119,82,59,90,734,Cobble,SC1,NA,NA,NA,NA,Trimble,
50238,2806303.79,1266660.04,7459.06,PITRCK,Deploy 2023,4/24/2023,After,230000111735,1,Riffle 1,32,141,117,56,128,1706,Cobble,SC2,NA,NA,NA,NA,Trimble,
50239,2806301.84,1266666.04,7459.11,PITRCK,Deploy 2023,4/24/2023,After,226001370243,1,Riffle 1,12,20,18,11,16,4.967,Gravel,MG2,NA,NA,NA,NA,Trimble,
50240,2806300.09,1266540.62,7459.38,PITRCK,Deploy 2023,4/24/2023,After,230000111686,1,Riffle 1,32,110,78,34,90,601,Cobble,SC1,NA,NA,NA,NA,Trimble,
50241,2806299.52,1266546.28,7458.78,PITRCK,Deploy 2023,4/24/2023,After,231000039765,1,Riffle 1,14,46,30,22,32,44,Gravel,CG2,NA,NA,NA,NA,Trimble,
50242,2806297.9,1266553.43,7459.45,PITRCK,Deploy 2023,4/24/2023,After,230000111592,1,Riffle 1,32,213,113,49,128,2412,Cobble,SC2,NA,NA,NA,NA,Trimble,
50243,2806297.39,1266560.59,7458.47,PITRCK,Deploy 2023,4/24/2023,After,231000039781,1,Riffle 1,14,52,28,24,32,57.5,Gravel,CG2,NA,NA,NA,NA,Trimble,
50244,2806296.35,1266567.86,7458.67,PITRCK,Deploy 2023,4/24/2023,After,230000111695,1,Riffle 1,32,120,97,77,90,1034,Cobble,SC1,NA,NA,NA,NA,Trimble,
50245,2806294.99,1266576.03,7458.94,PITRCK,Deploy 2023,4/24/2023,After,226001370356,1,Riffle 1,12,36,17,8,16,6.624,Gravel,MG2,NA,NA,NA,NA,Trimble,
50246,2806293.47,1266584.37,7458.82,PITRCK,Deploy 2023,4/24/2023,After,230000111555,1,Riffle 1,32,109,71,69,90,826,Cobble,SC1,NA,NA,NA,NA,Trimble,
50247,2806293.25,1266594.09,7458.5,PITRCK,Deploy 2023,4/24/2023,After,228000607507,1,Riffle 1,23,65,45,42,64,197,Gravel,VCG2,NA,NA,NA,NA,Trimble,
50248,2806292.19,1266600.71,7459.62,PITRCK,Deploy 2023,4/24/2023,After,230000111644,1,Riffle 1,32,135,93,72,90,1442,Cobble,SC1,NA,NA,NA,NA,Trimble,
50249,2806291.13,1266608.31,7458.74,PITRCK,Deploy 2023,4/24/2023,After,230000111698,1,Riffle 1,32,89,82,70,90,771,Cobble,SC1,NA,NA,NA,NA,Trimble,
50250,2806290.35,1266614.45,7459.23,PITRCK,Deploy 2023,4/24/2023,After,230000111614,1,Riffle 1,32,306,205,256,256,18900,Cobble,LC2,NA,NA,NA,NA,Trimble,
50251,2806289.24,1266622.02,7458.25,PITRCK,Deploy 2023,4/24/2023,After,228000607509,1,Riffle 1,23,106,64,36,64,440,Gravel,VCG2,NA,NA,NA,NA,Trimble,
50252,2806289.56,1266628.62,7459.36,PITRCK,Deploy 2023,4/24/2023,After,228000607549,1,Riffle 1,23,72,50,38,64,185,Gravel,VCG2,NA,NA,NA,NA,Trimble,
50253,2806289.22,1266633.72,7459.26,PITRCK,Deploy 2023,4/24/2023,After,228000607571,1,Riffle 1,23,127,71,31,64,415,Gravel,VCG2,NA,NA,NA,NA,Trimble,
50254,2806287.72,1266640.26,7458.31,PITRCK,Deploy 2023,4/24/2023,After,228000607541,1,Riffle 1,23,91,64,40,64,398,Gravel,VCG2,NA,NA,NA,NA,Trimble,
50255,2806288.27,1266646.23,7458.28,PITRCK,Deploy 2023,4/24/2023,After,228000607534,1,Riffle 1,23,70,63,55,64,654,Gravel,VCG2,NA,NA,NA,NA,Trimble,
50256,2806288.7,1266651.32,7458.88,PITRCK,Deploy 2023,4/24/2023,After,228000607577,1,Riffle 1,23,94,66,23,64,361,Gravel,VCG2,NA,NA,NA,NA,Trimble,
50257,2806288.32,1266654.81,7459.05,PITRCK,Deploy 2023,4/24/2023,After,226001370244,1,Riffle 1,12,17,15,9,16,3.148,Gravel,MG2,NA,NA,NA,NA,Trimble,
50258,2806287.28,1266659.3,7459.33,PITRCK,Deploy 2023,4/24/2023,After,228000607517,1,Riffle 1,23,68,56,43,64,241,Gravel,VCG2,NA,NA,NA,NA,Trimble,
50259,2806287.25,1266663.28,7459.34,PITRCK,Deploy 2023,4/24/2023,After,228000607560,1,Riffle 1,23,82,64,37,64,407,Gravel,VCG2,NA,NA,NA,NA,Trimble,
50260,2806259.6,1266532.74,7459.3,PITRCK,Deploy 2023,4/24/2023,After,230000111560,1,Riffle 1,32,91,75,50,64,337,Gravel,VCG2,NA,NA,NA,NA,Trimble,
50261,2806258.71,1266538.68,7458.98,PITRCK,Deploy 2023,4/24/2023,After,231000039735,1,Riffle 1,14,61,31,28,32,87.5,Gravel,CG2,NA,NA,NA,NA,Trimble,
50262,2806258.75,1266542.92,7458.7,PITRCK,Deploy 2023,4/24/2023,After,230000111566,1,Riffle 1,32,134,115,43,128,1003,Cobble,SC2,NA,NA,NA,NA,Trimble,
50263,2806257.49,1266548.28,7458.39,PITRCK,Deploy 2023,4/24/2023,After,228000607573,1,Riffle 1,23,102,61,48,64,550,Gravel,VCG2,NA,NA,NA,NA,Trimble,
50264,2806256.12,1266554.67,7458.75,PITRCK,Deploy 2023,4/24/2023,After,231000039711,1,Riffle 1,14,38,34,22,32,44,Gravel,CG2,NA,NA,NA,NA,Trimble,
50265,2806254.86,1266560.06,7459.36,PITRCK,Deploy 2023,4/24/2023,After,230000298013,1,Riffle 1,32,225,170,104,256,9100,Cobble,LC2,NA,NA,NA,NA,Trimble,
50266,2806253.47,1266568.48,7458.79,PITRCK,Deploy 2023,4/24/2023,After,228000607524,1,Riffle 1,23,86,68,54,64,562,Gravel,VCG2,NA,NA,NA,NA,Trimble,
50267,2806252.53,1266574.5,7458.07,PITRCK,Deploy 2023,4/24/2023,After,228000607535,1,Riffle 1,23,74,54,36,64,254,Gravel,VCG2,NA,NA,NA,NA,Trimble,
50268,2806251.42,1266580.54,7458.38,PITRCK,Deploy 2023,4/24/2023,After,230000111643,1,Riffle 1,32,184,125,58,128,2352,Cobble,SC2,NA,NA,NA,NA,Trimble,
50269,2806250.72,1266585.83,7458.85,PITRCK,Deploy 2023,4/24/2023,After,228000607505,1,Riffle 1,23,94,61,41,64,336,Gravel,VCG2,NA,NA,NA,NA,Trimble,
50270,2806249.53,1266592.11,7458.55,PITRCK,Deploy 2023,4/24/2023,After,226001370337,1,Riffle 1,12,24,17,8,16,5.73,Gravel,MG2,NA,NA,NA,NA,Trimble,
50271,2806249.12,1266597.85,7458.98,PITRCK,Deploy 2023,4/24/2023,After,230000111534,1,Riffle 1,32,157,135,130,180,3638,Cobble,LC1,NA,NA,NA,NA,Trimble,
50272,2806248.41,1266603.54,7458.85,PITRCK,Deploy 2023,4/24/2023,After,228000607565,1,Riffle 1,23,94,58,56,64,433,Gravel,VCG2,NA,NA,NA,NA,Trimble,
50273,2806247.78,1266609.76,7458.62,PITRCK,Deploy 2023,4/24/2023,After,228000607520,1,Riffle 1,23,90,64,52,64,543,Gravel,VCG2,NA,NA,NA,NA,Trimble,
50274,2806247.22,1266616.19,7459.09,PITRCK,Deploy 2023,4/24/2023,After,230000111541,1,Riffle 1,32,356,290,138,>256,14100,Boulder,SB1,NA,NA,NA,NA,Trimble,
50275,2806246.77,1266622.6,7458.57,PITRCK,Deploy 2023,4/24/2023,After,230000111523,1,Riffle 1,32,150,109,78,128,1992,Cobble,SC2,NA,NA,NA,NA,Trimble,
50276,2806246.06,1266628.45,7458.75,PITRCK,Deploy 2023,4/24/2023,After,226001370219,1,Riffle 1,12,34,22,19,32,41.5,Gravel,CG2,NA,NA,NA,NA,Trimble,
50277,2806244.86,1266634.22,7458.88,PITRCK,Deploy 2023,4/24/2023,After,230000111684,1,Riffle 1,32,198,117,64,128,2248,Cobble,SC2,NA,NA,NA,NA,Trimble,
50278,2806244.42,1266640.81,7459.52,PITRCK,Deploy 2023,4/24/2023,After,226001370342,1,Riffle 1,12,29,17,10,16,7.81,Gravel,MG2,NA,NA,NA,NA,Trimble,
50279,2806242.9,1266646.67,7459.39,PITRCK,Deploy 2023,4/24/2023,After,230000111527,1,Riffle 1,32,139,76,75,90,1153,Cobble,SC1,NA,NA,NA,NA,Trimble,
50280,2806239.49,1266524.52,7459.43,PITRCK,Deploy 2023,4/24/2023,After,228000607516,1,Riffle 1,23,81,63,55,64,514,Gravel,VCG2,NA,NA,NA,NA,Trimble,
50281,2806238.95,1266532.16,7458.34,PITRCK,Deploy 2023,4/24/2023,After,231000039720,1,Riffle 1,14,88,39,14,32,82,Gravel,CG2,NA,NA,NA,NA,Trimble,
50282,2806237.69,1266539.16,7458.66,PITRCK,Deploy 2023,4/24/2023,After,230000111728,1,Riffle 1,32,165,123,75,180,2327,Cobble,LC1,NA,NA,NA,NA,Trimble,
50283,2806236.96,1266545.32,7458.43,PITRCK,Deploy 2023,4/24/2023,After,228000607537,1,Riffle 1,23,95,61,35,64,458,Gravel,VCG2,NA,NA,NA,NA,Trimble,
50284,2806235.28,1266550.9,7458.77,PITRCK,Deploy 2023,4/24/2023,After,230000298011,1,Riffle 1,32,235,210,63,256,7400,Cobble,LC2,NA,NA,NA,NA,Trimble,
50285,2806234.7,1266556.09,7458.1,PITRCK,Deploy 2023,4/24/2023,After,226001370228,1,Riffle 1,12,21,15,14,16,5.62,Gravel,MG2,NA,NA,NA,NA,Trimble,
50286,2806233.68,1266563.17,7458.47,PITRCK,Deploy 2023,4/24/2023,After,228000607533,1,Riffle 1,23,89,65,52,64,400,Gravel,VCG2,NA,NA,NA,NA,Trimble,
50287,2806232.26,1266569.77,7458.99,PITRCK,Deploy 2023,4/24/2023,After,230000111510,1,Riffle 1,32,460,230,125,256,17100,Cobble,LC2,NA,NA,NA,NA,Trimble,
50288,2806231.6,1266575.31,7458.51,PITRCK,Deploy 2023,4/24/2023,After,230000111624,1,Riffle 1,32,157,152,82,180,2584,Cobble,LC1,NA,NA,NA,NA,Trimble,
50289,2806230.57,1266580.57,7458.07,PITRCK,Deploy 2023,4/24/2023,After,230000111677,1,Riffle 1,32,90,78,69,90,608,Cobble,SC1,NA,NA,NA,NA,Trimble,
50290,2806230.67,1266586.52,7458.34,PITRCK,Deploy 2023,4/24/2023,After,230000111548,1,Riffle 1,32,90,76,52,90,530,Cobble,SC1,NA,NA,NA,NA,Trimble,
50291,2806229.56,1266593.73,7458.59,PITRCK,Deploy 2023,4/24/2023,After,230000111570,1,Riffle 1,32,218,94,50,128,2142,Cobble,SC2,NA,NA,NA,NA,Trimble,
50292,2806227.84,1266602.11,7458.06,PITRCK,Deploy 2023,4/24/2023,After,230000111716,1,Riffle 1,32,129,116,60,128,1338,Cobble,SC2,NA,NA,NA,NA,Trimble,
50293,2806225.97,1266609.11,7458.87,PITRCK,Deploy 2023,4/24/2023,After,230000111507,1,Riffle 1,32,331,236,143,256,11400,Cobble,LC2,NA,NA,NA,NA,Trimble,
50294,2806224.99,1266613.62,7458.57,PITRCK,Deploy 2023,4/24/2023,After,226001370237,1,Riffle 1,12,31,27,15,32,36.5,Gravel,CG2,NA,NA,NA,NA,Trimble,
50295,2806223.4,1266617.84,7458.2,PITRCK,Deploy 2023,4/24/2023,After,230000111594,1,Riffle 1,32,135,67,55,90,911,Cobble,SC1,NA,NA,NA,NA,Trimble,
50296,2806222.44,1266624.23,7458.56,PITRCK,Deploy 2023,4/24/2023,After,226001370235,1,Riffle 1,12,19,17,10,16,4.171,Gravel,MG2,NA,NA,NA,NA,Trimble,
50297,2806221.82,1266629.01,7458.39,PITRCK,Deploy 2023,4/24/2023,After,230000111567,1,Riffle 1,32,128,104,33,90,645,Cobble,SC1,NA,NA,NA,NA,Trimble,
50298,2806221.47,1266632.31,7458.33,PITRCK,Deploy 2023,4/24/2023,After,226001370215,1,Riffle 1,12,23,12,8,16,2.755,Gravel,MG2,NA,NA,NA,NA,Trimble,
50299,2806221.17,1266635.62,7459.29,PITRCK,Deploy 2023,4/24/2023,After,230000111648,1,Riffle 1,32,101,88,34,90,508,Cobble,SC1,NA,NA,NA,NA,Trimble,
50300,2805217.85,1266507.7,7457.63,PITRCK,Deploy 2023,4/25/2023,After,209000133204,GA1,Gravel Augmentation,23,66,55,45,64,207.5,Gravel,VCG2,NA,NA,NA,NA,Trimble,
50301,2805216.97,1266502.69,7457.68,PITRCK,Deploy 2023,4/25/2023,After,231000039712,GA1,Gravel Augmentation,14,45,36,25,32,54.5,Gravel,CG2,NA,NA,NA,NA,Trimble,
50302,2805216.21,1266497.1,7457.86,PITRCK,Deploy 2023,4/25/2023,After,209000133209,GA1,Gravel Augmentation,23,124,118,87,128,1659.5,Cobble,SC2,NA,NA,NA,NA,Trimble,
50303,2805191.74,1266514.42,7457.74,PITRCK,Deploy 2023,4/25/2023,After,209000133181,GA1,Gravel Augmentation,23,115,81,58,90,893,Cobble,SC1,NA,NA,NA,NA,Trimble,
50304,2805191.27,1266510.57,7457.77,PITRCK,Deploy 2023,4/25/2023,After,226001370216,GA1,Gravel Augmentation,12,24,15,14,16,4.961,Gravel,MG2,NA,NA,NA,NA,Trimble,
50305,2805190.4,1266505.41,7458.52,PITRCK,Deploy 2023,4/25/2023,After,230000298006,GA1,Gravel Augmentation,32,264,167,82,256,8600,Cobble,LC2,NA,NA,NA,NA,Trimble,
50306,2805189.75,1266501.79,7458.09,PITRCK,Deploy 2023,4/25/2023,After,209000133155,GA1,Gravel Augmentation,23,118,85,39,90,868,Cobble,SC1,NA,NA,NA,NA,Trimble,
50307,2805170.28,1266520.24,7457.32,PITRCK,Deploy 2023,4/25/2023,After,231000039751,GA1,Gravel Augmentation,14,36,32,31,32,58,Gravel,CG2,NA,NA,NA,NA,Trimble,
50308,2805169.55,1266514.88,7458.01,PITRCK,Deploy 2023,4/25/2023,After,209000133126,GA1,Gravel Augmentation,23,196,92,78,128,2591,Cobble,SC2,NA,NA,NA,NA,Trimble,
50309,2805168.62,1266510.07,7457.72,PITRCK,Deploy 2023,4/25/2023,After,209000133194,GA1,Gravel Augmentation,23,85,66,42,64,348,Gravel,VCG2,NA,NA,NA,NA,Trimble,
50310,2804941.96,1266549.45,7457.27,PITRCK,Deploy 2023,4/25/2023,After,209000133134,GA2,Gravel Augmentation,23,63,51,34,64,157,Gravel,VCG2,NA,NA,NA,NA,Trimble,
50311,2804941.14,1266546.13,7457.77,PITRCK,Deploy 2023,4/25/2023,After,226001370200,GA2,Gravel Augmentation,12,17,15,10,16,3.822,Gravel,MG2,NA,NA,NA,NA,Trimble,
50312,2804939.68,1266542.68,7457.89,PITRCK,Deploy 2023,4/25/2023,After,209000133192,GA2,Gravel Augmentation,32,117,105,60,128,1101,Cobble,SC2,NA,NA,NA,NA,Trimble,
50313,2804939.03,1266539.79,7456.98,PITRCK,Deploy 2023,4/25/2023,After,231000039706,GA2,Gravel Augmentation,14,46,27,26,32,66,Gravel,CG2,NA,NA,NA,NA,Trimble,
50314,2804914.15,1266463.82,7457.19,PITRCK,Deploy 2023,4/25/2023,After,209000133185,GA3,Gravel Augmentation,23,99,63,40,64,407,Gravel,VCG2,NA,NA,NA,NA,Trimble,
50315,2804914.48,1266466.6,7457.32,PITRCK,Deploy 2023,4/25/2023,After,226001370294,GA3,Gravel Augmentation,12,50,29,15,32,58,Gravel,CG2,NA,NA,NA,NA,Trimble,
50316,2804914.6,1266468.74,7457.25,PITRCK,Deploy 2023,4/25/2023,After,209000133175,GA3,Gravel Augmentation,23,159,105,68,128,2043,Cobble,SC2,NA,NA,NA,NA,Trimble,
50317,2804751.34,1266624.17,7456.85,PITRCK,Deploy 2023,4/25/2023,After,209000133130,GA4,Gravel Augmentation,23,80,60,36,64,289,Gravel,VCG2,NA,NA,NA,NA,Trimble,
50318,2804750.22,1266621.6,7457.27,PITRCK,Deploy 2023,4/25/2023,After,226001370293,GA4,Gravel Augmentation,12,23,20,11,16,6.117,Gravel,MG2,NA,NA,NA,NA,Trimble,
50319,2804749.23,1266618.66,7457.45,PITRCK,Deploy 2023,4/25/2023,After,209000133137,GA4,Gravel Augmentation,23,165,74,64,90,1338.5,Cobble,SC1,NA,NA,NA,NA,Trimble,
50320,2804748.62,1266616.23,7456.51,PITRCK,Deploy 2023,4/25/2023,After,209000133179,GA4,Gravel Augmentation,23,84,58,47,64,371,Gravel,VCG2,NA,NA,NA,NA,Trimble,
50321,2804689.67,1266608.55,7456.38,PITRCK,Deploy 2023,4/25/2023,After,209000133147,GA5,Gravel Augmentation,23,65,61,41,64,265.5,Gravel,VCG2,NA,NA,NA,NA,Trimble,
50322,2804689.58,1266605.65,7456.61,PITRCK,Deploy 2023,4/25/2023,After,230000298016,GA5,Gravel Augmentation,32,250,175,98,256,9700,Cobble,LC2,NA,NA,NA,NA,Trimble,
50323,2804689.57,1266603.03,7456.17,PITRCK,Deploy 2023,4/25/2023,After,226001370275,GA5,Gravel Augmentation,12,37,27,14,32,39,Gravel,CG2,NA,NA,NA,NA,Trimble,
50324,2804688.8,1266600.78,7455.99,PITRCK,Deploy 2023,4/25/2023,After,209000133187,GA5,Gravel Augmentation,23,95,94,40,90,630.5,Cobble,SC1,NA,NA,NA,NA,Trimble,
50325,2804414.16,1266553.03,7455.25,PITRCK,Deploy 2023,4/25/2023,After,209000133183,GA6,Gravel Augmentation,23,81,57,46,64,332,Gravel,VCG2,NA,NA,NA,NA,Trimble,
50326,2804414.01,1266550.27,7455.61,PITRCK,Deploy 2023,4/25/2023,After,209000133110,GA6,Gravel Augmentation,23,131,92,72,128,1429,Cobble,SC2,NA,NA,NA,NA,Trimble,
50327,2804413.64,1266548.03,7455.48,PITRCK,Deploy 2023,4/25/2023,After,226001370330,GA6,Gravel Augmentation,12,22,15,14,16,8.205,Gravel,MG2,NA,NA,NA,NA,Trimble,
50328,2804413.01,1266545.52,7455.58,PITRCK,Deploy 2023,4/25/2023,After,209000133191,GA6,Gravel Augmentation,23,92,52,50,64,543,Gravel,VCG2,NA,NA,NA,NA,Trimble,
50329,2804412.85,1266542.41,7455.28,PITRCK,Deploy 2023,4/25/2023,After,209000133151,GA6,Gravel Augmentation,23,90,58,40,64,295.5,Gravel,VCG2,NA,NA,NA,NA,Trimble,
50330,2804194.11,1266525.2,7455.71,PITRCK,Deploy 2023,4/25/2023,After,226001370205,Overflow 1C,Gravel Augmentation,12,35,25,18,32,45,Gravel,CG2,NA,NA,NA,NA,Trimble,
50331,2804196.57,1266527.54,7455.42,PITRCK,Deploy 2023,4/25/2023,After,226001370222,Overflow 1C,Gravel Augmentation,12,26,18,11,16,7.0078,Gravel,MG2,NA,NA,NA,NA,Trimble,
50332,2804199.25,1266529.71,7455.55,PITRCK,Deploy 2023,4/25/2023,After,226001370230,Overflow 1C,Gravel Augmentation,12,47,29,16,32,59,Gravel,CG2,NA,NA,NA,NA,Trimble,
50333,2804201.86,1266531.72,7455.37,PITRCK,Deploy 2023,4/25/2023,After,226001370203,Overflow 1C,Gravel Augmentation,12,21,16,10,16,5.123,Gravel,MG2,NA,NA,NA,NA,Trimble,
50334,2804204.45,1266534.5,7455.63,PITRCK,Deploy 2023,4/25/2023,After,226001370236,Overflow 1C,Gravel Augmentation,12,27,21,16,32,33,Gravel,CG2,NA,NA,NA,NA,Trimble,
50335,2804670.84,1266511.31,7457.35,PITRCK,Deploy 2023,4/25/2023,After,226001370259,Overflow 1A,Gravel Augmentation,12,22,17,10,16,4.273,Gravel,MG2,NA,NA,NA,NA,Trimble,
50336,2804671.73,1266514.48,7456.88,PITRCK,Deploy 2023,4/25/2023,After,226001370291,Overflow 1A,Gravel Augmentation,12,36,29,10,32,32,Gravel,CG2,NA,NA,NA,NA,Trimble,
50337,2804672.06,1266517.45,7456.87,PITRCK,Deploy 2023,4/25/2023,After,226001370397,Overflow 1A,Gravel Augmentation,12,20,18,7,16,3.093,Gravel,MG2,NA,NA,NA,NA,Trimble,
50338,2804673.08,1266520.7,7457.11,PITRCK,Deploy 2023,4/25/2023,After,231000039741,Overflow 1A,Gravel Augmentation,14,35,39,21,32,35.5,Gravel,CG2,NA,NA,NA,NA,Trimble,
50339,2804673.44,1266524.41,7457.24,PITRCK,Deploy 2023,4/25/2023,After,226001370204,Overflow 1A,Gravel Augmentation,12,21,18,10,16,5.067,Gravel,MG2,NA,NA,NA,NA,Trimble,
50350,2803479.887,1266609.193,7453.004,PITRCK,Deploy 2024_04,4/25/2024,After,209000133132,GA7,Gravel Augmentation,23,135,95,73,128,1350,Cobble,SC2,NA,NA,NA,NA,Trimble,
50351,2803479.9,1266606.175,7453.215,PITRCK,Deploy 2024_04,4/25/2024,After,231000039766,GA7,Gravel Augmentation,14,38,35,26,32,44,Gravel,CG2,NA,NA,NA,NA,Trimble,
50352,2803480.191,1266603.153,7453.208,PITRCK,Deploy 2024_04,4/25/2024,After,230000111608,GA7,Gravel Augmentation,32,160,123,71,128,2236,Cobble,SC2,NA,NA,NA,NA,Trimble,
50353,2803480.478,1266599.997,7453.155,PITRCK,Deploy 2024_04,4/25/2024,After,226001370221,GA7,Gravel Augmentation,12,23,17,15,16,7.044,Gravel,MG2,NA,NA,NA,NA,Trimble,
50354,2803095.673,1266399.298,7452.147,PITRCK,Deploy 2024_04,4/25/2024,After,209000132730,GA9,Gravel Augmentation,23,213,165,116,180,6700,Cobble,LC1,NA,NA,NA,NA,Trimble,
50355,2803094.042,1266401.528,7452.014,PITRCK,Deploy 2024_04,4/25/2024,After,226001370249,GA9,Gravel Augmentation,12,58,35,22,32,60,Gravel,CG2,NA,NA,NA,NA,Trimble,
50356,2803092.271,1266403.631,7452.127,PITRCK,Deploy 2024_04,4/25/2024,After,230000111711,GA9,Gravel Augmentation,32,155,106,45,128,990,Cobble,SC2,NA,NA,NA,NA,Trimble,
50357,2803089.973,1266405.86,7452.299,PITRCK,Deploy 2024_04,4/25/2024,After,226001370262,GA9,Gravel Augmentation,12,30,20,20,22.6,18.5,Gravel,CG1,NA,NA,NA,NA,Trimble,
50358,2803055.915,1266444.442,7451.743,PITRCK,Deploy 2024_04,4/25/2024,After,226001370234,GA8,Gravel Augmentation,12,19,16,6,16,2.279,Gravel,MG2,NA,NA,NA,NA,Trimble,
50359,2803057.133,1266442.137,7452.027,PITRCK,Deploy 2024_04,4/25/2024,After,230000111611,GA8,Gravel Augmentation,32,105,76,43,90,548,Cobble,SC1,NA,NA,NA,NA,Trimble,
50360,2803058.308,1266440.076,7452.01,PITRCK,Deploy 2024_04,4/25/2024,After,226001370207,GA8,Gravel Augmentation,12,22,19,14,22.6,6.736,Gravel,CG1,NA,NA,NA,NA,Trimble,
50361,2803060.019,1266438.189,7451.973,PITRCK,Deploy 2024_04,4/25/2024,After,228000607522,GA8,Gravel Augmentation,23,136,61,33,64,516,Gravel,VCG2,NA,NA,NA,NA,Trimble,
50362,2802584.55,1266090.975,7450.252,PITRCK,Deploy 2024_04,4/25/2024,After,228000607519,GA11,Gravel Augmentation,23,81,64,41,64,437,Gravel,VCG2,NA,NA,NA,NA,Trimble,Corrected with Eric. OldID on FieldSheet: 50394. 
50363,2802585.425,1266087.861,7450.368,PITRCK,Deploy 2024_04,4/25/2024,After,226001370214,GA11,Gravel Augmentation,12,26,18,17,22.6,8.477,Gravel,CG1,NA,NA,NA,NA,Trimble,Corrected with Eric. OldID on FieldSheet:50395. 
50364,2802586.963,1266085.449,7450.258,PITRCK,Deploy 2024_04,4/25/2024,After,230000111502,GA11,Gravel Augmentation,32,148,121,63,128,2125,Cobble,SC2,NA,NA,NA,NA,Trimble,Corrected with Eric. OldID on FieldSheet: 50396. 
50365,2802589.176,1266083.795,7449.963,PITRCK,Deploy 2024_04,4/25/2024,After,226001370296,GA11,Gravel Augmentation,12,22,15,9,16,3.569,Gravel,MG2,NA,NA,NA,NA,Trimble,Corrected with Eric. OldID on FieldSheet: 50397. 
50366,2802598.846,1266166.871,7450.632,PITRCK,Deploy 2024_04,4/25/2024,After,228000607500,GA10,Gravel Augmentation,23,102,64,55,64,373,Gravel,VCG2,NA,NA,NA,NA,Trimble,Corrected with Eric. OldID on FieldSheet: 50399. 
50367,2802597.35,1266168.954,7450.792,PITRCK,Deploy 2024_04,4/25/2024,After,209000132759,GA10,Gravel Augmentation,23,185,175,98,180,5000,Cobble,LC1,NA,NA,NA,NA,Trimble,Corrected with Eric. OldID on FieldSheet: 50400. 
50368,2802596.051,1266172.462,7450.021,PITRCK,Deploy 2024_04,4/25/2024,After,231000039704,GA10,Gravel Augmentation,14,56,29,18,32,50,Gravel,CG2,NA,NA,NA,NA,Trimble,Corrected with Eric. OldID on FieldSheet: 50401. 
50369,2802179.892,1265898.902,7448.177,PITRCK,Deploy 2024_04,4/25/2024,After,228000607525,GA12,Gravel Augmentation,23,90,71,34,64,414,Gravel,VCG2,NA,NA,NA,NA,Trimble,Corrected with Eric. OldID on FieldSheet: 50402. 
50370,2802179.107,1265902.045,7448.249,PITRCK,Deploy 2024_04,4/25/2024,After,226001370269,GA12,Gravel Augmentation,12,21,16,12,16,4.879,Gravel,MG2,NA,NA,NA,NA,Trimble,Corrected with Eric. OldID on FieldSheet:50403. 
50371,2802177.652,1265904.569,7448.636,PITRCK,Deploy 2024_04,4/25/2024,After,230000111553,GA12,Gravel Augmentation,32,144,123,55,128,1551,Cobble,SC2,NA,NA,NA,NA,Trimble,Corrected with Eric. OldID on FieldSheet: 50404. 
50372,2802176.008,1265907.723,7448.627,PITRCK,Deploy 2024_04,4/25/2024,After,226001370325,GA12,Gravel Augmentation,12,37,35,25,32,50,Gravel,CG2,NA,NA,NA,NA,Trimble,Corrected with Eric. OldID on FieldSheet: 50405. 
50400,2806339.1,1266540.374,7460.074,PITRCK,Relocate 2023,9/25/2023,After,230000111712,1,Riffle 1,32,176,113,74,128,2062,Cobble,SC2,1,0,0,0,Trimble,
50401,2806339.879,1266546.73,7458.647,PITRCK,Relocate 2023,9/25/2023,After,231000039738,1,Riffle 1,14,45,34,23,32,53.5,Gravel,CG2,0,0,0,1,Trimble,
50402,2806337.805,1266553.478,7458.421,PITRCK,Relocate 2023,9/25/2023,After,230000111683,1,Riffle 1,32,132,90,80,128,1427,Cobble,SC2,1,0,0,0,Trimble,
50403,2806327.786,1266556.155,7459.145,PITRCK,Relocate 2023,9/25/2023,After,231000039714,1,Riffle 1,14,55,24,20,32,52.5,Gravel,CG2,1,0,0,0,Trimble,
50405,2806331.53,1266566.311,7459.142,PITRCK,Relocate 2023,9/25/2023,After,230000111708,1,Riffle 1,32,181,124,84,128,2277,Cobble,SC2,1,0,0,0,Trimble,
50407,2806333.676,1266578.191,7459.827,PITRCK,Relocate 2023,9/25/2023,After,230000111578,1,Riffle 1,32,374,275,144,>256,19700,Boulder,SB1,1,0,0,0,Trimble,
50408,2806329.044,1266581.39,7459.046,PITRCK,Relocate 2023,9/25/2023,After,228000607513,1,Riffle 1,23,91,60,38,64,273,Gravel,VCG2,1,0,0,0,Trimble,
50410,2806334.926,1266594.563,7459.295,PITRCK,Relocate 2023,9/25/2023,After,230000111717,1,Riffle 1,32,135,93,59,90,1398,Cobble,SC1,1,0,0,0,Trimble,
50411,2806322.899,1266597.117,7459.167,PITRCK,Relocate 2023,9/25/2023,After,231000039702,1,Riffle 1,14,42,38,25,32,42,Gravel,CG2,0,0,0,1,Trimble,
50412,2806332.569,1266607.814,7458.953,PITRCK,Relocate 2023,9/25/2023,After,230000111562,1,Riffle 1,32,197,169,68,180,3575,Cobble,LC1,0,0,0,0,Trimble,
50413,2806330.891,1266614.74,7459.298,PITRCK,Relocate 2023,9/25/2023,After,230000111746,1,Riffle 1,32,111,68,59,90,775,Cobble,SC1,1,0,0,0,Trimble,
50414,2806330.738,1266620.722,7459.838,PITRCK,Relocate 2023,9/25/2023,After,230000111725,1,Riffle 1,32,312,245,140,256,18500,Cobble,LC2,1,0,0,0,Trimble,
50416,2806285.924,1266623.293,7458.628,PITRCK,Relocate 2023,9/25/2023,After,230000111631,1,Riffle 1,32,97,56,50,64,363,Gravel,VCG2,1,0,0,0,Trimble,
50417,2806272.696,1266625.483,7458.94,PITRCK,Relocate 2023,9/25/2023,After,228000607546,1,Riffle 1,23,97,71,35,64,338,Gravel,VCG2,1,0,0,0,Trimble,
50418,2806329.297,1266654.112,7459.306,PITRCK,Relocate 2023,9/25/2023,After,228000607532,1,Riffle 1,23,90,55,42,64,446,Gravel,VCG2,1,0,0,0,Trimble,
50420,2806316.267,1266539.092,7459.849,PITRCK,Relocate 2023,9/25/2023,After,230000111596,1,Riffle 1,32,86,73,64,90,548,Cobble,SC1,1,0,0,0,Trimble,
50422,2806307.544,1266549.856,7458.239,PITRCK,Relocate 2023,9/25/2023,After,230000111581,1,Riffle 1,32,113,101,43,90,755,Cobble,SC1,1,0,0,0,Trimble,
50423,2806161.192,1266537.184,7457.203,PITRCK,Relocate 2023,9/25/2023,After,231000039733,1,Riffle 1,14,47,37,20,32,50,Gravel,CG2,1,1,0,0,Trimble,
50424,2806308.861,1266557.396,7458.596,PITRCK,Relocate 2023,9/25/2023,After,230000111734,1,Riffle 1,32,120,104,64,128,1233,Cobble,SC2,1,0,0,0,Trimble,
50426,2806314.448,1266573.468,7459.324,PITRCK,Relocate 2023,9/25/2023,After,230000111551,1,Riffle 1,32,189,103,71,128,1963,Cobble,SC2,0,0,0,0,Trimble,
50427,2806312.293,1266586.042,7458.37,PITRCK,Relocate 2023,9/25/2023,After,226001370232,1,Riffle 1,12,40,34,17,32,52,Gravel,CG2,1,0,0,1,Trimble,
50428,2806304.414,1266592.491,7459,PITRCK,Relocate 2023,9/25/2023,After,230000111575,1,Riffle 1,32,135,96,53,90,1034,Cobble,SC1,1,0,0,1,Trimble,
50429,2806311.673,1266599.801,7460.027,PITRCK,Relocate 2023,9/25/2023,After,230000111733,1,Riffle 1,32,303,265,148,>256,15900,Boulder,SB1,1,0,0,0,Trimble,
50430,2806219.419,1266583.109,7457.752,PITRCK,Relocate 2023,9/25/2023,After,226001370264,1,Riffle 1,12,30,23,12,32,28.5,Gravel,CG2,1,1,0,1,Trimble,
50431,2806308.492,1266615.186,7458.669,PITRCK,Relocate 2023,9/25/2023,After,230000111700,1,Riffle 1,32,131,82,56,90,709,Cobble,SC1,1,0,0,0,Trimble,
50432,2806230.331,1266595.796,7458.044,PITRCK,Relocate 2023,9/25/2023,After,231000039758,1,Riffle 1,14,40,33,18,32,40.5,Gravel,CG2,1,1,0,1,Trimble,
50433,2806304.262,1266626.132,7458.763,PITRCK,Relocate 2023,9/25/2023,After,230000111668,1,Riffle 1,32,177,112,67,128,1929,Cobble,SC2,1,0,0,0,Trimble,
50434,2806283.799,1266626.129,7458.457,PITRCK,Relocate 2023,9/25/2023,After,228000607552,1,Riffle 1,23,75,64,54,64,543,Gravel,VCG2,1,0,0,0,Trimble,
50435,2806306.568,1266640.253,7458.989,PITRCK,Relocate 2023,9/25/2023,After,226001370277,1,Riffle 1,12,23,15,13,16,6.062,Gravel,MG2,1,0,0,0,Trimble,
50436,2806293.183,1266642.94,7457.978,PITRCK,Relocate 2023,9/25/2023,After,230000111545,1,Riffle 1,32,121,71,58,90,829,Cobble,SC1,1,0,0,0,Trimble,
50437,2806303.924,1266653.568,7458.947,PITRCK,Relocate 2023,9/25/2023,After,230000111540,1,Riffle 1,32,119,82,59,90,734,Cobble,SC1,1,0,0,0,Trimble,
50438,2806300.82,1266660.492,7459.284,PITRCK,Relocate 2023,9/25/2023,After,230000111735,1,Riffle 1,32,141,117,56,128,1706,Cobble,SC2,1,0,0,0,Trimble,
50440,2806299.823,1266541.028,7459.294,PITRCK,Relocate 2023,9/25/2023,After,230000111686,1,Riffle 1,32,110,78,34,90,601,Cobble,SC1,1,0,0,0,Trimble,
50442,2806298.207,1266551.991,7459.004,PITRCK,Relocate 2023,9/25/2023,After,230000111592,1,Riffle 1,32,213,113,49,128,2412,Cobble,SC2,1,0,0,0,Trimble,
50443,2806297.354,1266560.603,7458.402,PITRCK,Relocate 2023,9/25/2023,After,231000039781,1,Riffle 1,14,52,28,24,32,57.5,Gravel,CG2,0,0,0,1,Trimble,
50444,2806286.622,1266567.275,7459.172,PITRCK,Relocate 2023,9/25/2023,After,230000111695,1,Riffle 1,32,120,97,77,90,1034,Cobble,SC1,1,0,0,0,Trimble,
50446,2806293.325,1266584.503,7458.728,PITRCK,Relocate 2023,9/25/2023,After,230000111555,1,Riffle 1,32,109,71,69,90,826,Cobble,SC1,0,1,0,0,Trimble,
50447,2806293.312,1266594.094,7458.557,PITRCK,Relocate 2023,9/25/2023,After,228000607507,1,Riffle 1,23,65,45,42,64,197,Gravel,VCG2,0,0,0,1,Trimble,
50448,2806286.37,1266598.916,7458.651,PITRCK,Relocate 2023,9/25/2023,After,230000111644,1,Riffle 1,32,135,93,72,90,1442,Cobble,SC1,1,1,0,0,Trimble,
50449,2806275.905,1266605.324,7458.571,PITRCK,Relocate 2023,9/25/2023,After,230000111698,1,Riffle 1,32,89,82,70,90,771,Cobble,SC1,1,0,0,0,Trimble,
50450,2806290.087,1266613.698,7459.071,PITRCK,Relocate 2023,9/25/2023,After,230000111614,1,Riffle 1,32,306,205,256,256,18900,Cobble,LC2,1,0,0,0,Trimble,
50451,2806289.375,1266621.857,7458.219,PITRCK,Relocate 2023,9/25/2023,After,228000607509,1,Riffle 1,23,106,64,36,64,440,Gravel,VCG2,0,0,0,1,Trimble,
50452,2806244.854,1266606.22,7458.303,PITRCK,Relocate 2023,9/25/2023,After,228000607549,1,Riffle 1,23,72,50,38,64,185,Gravel,VCG2,1,1,0,1,Trimble,
50453,2806267.593,1266625.431,7458.63,PITRCK,Relocate 2023,9/25/2023,After,228000607571,1,Riffle 1,23,127,71,31,64,415,Gravel,VCG2,1,0,0,0,Trimble,
50454,2806283.068,1266635.513,7458.487,PITRCK,Relocate 2023,9/25/2023,After,228000607541,1,Riffle 1,23,91,64,40,64,398,Gravel,VCG2,1,1,0,0,Trimble,
50455,2806288.335,1266646.147,7458.377,PITRCK,Relocate 2023,9/25/2023,After,228000607534,1,Riffle 1,23,70,63,55,64,654,Gravel,VCG2,0,0,0,0,Trimble,
50456,2806288.697,1266651.097,7458.769,PITRCK,Relocate 2023,9/25/2023,After,228000607577,1,Riffle 1,23,94,66,23,64,361,Gravel,VCG2,0,1,0,0,Trimble,
50457,2806288.471,1266654.721,7458.978,PITRCK,Relocate 2023,9/25/2023,After,226001370244,1,Riffle 1,12,17,15,9,16,3.148,Gravel,MG2,1,1,0,1,Trimble,
50458,2806286.375,1266658.717,7459.143,PITRCK,Relocate 2023,9/25/2023,After,228000607517,1,Riffle 1,23,68,56,43,64,241,Gravel,VCG2,1,0,0,0,Trimble,
50459,2806287.742,1266662.966,7459.191,PITRCK,Relocate 2023,9/25/2023,After,228000607560,1,Riffle 1,23,82,64,37,64,407,Gravel,VCG2,1,0,0,0,Trimble,
50460,2806255.5,1266532.486,7458.955,PITRCK,Relocate 2023,9/25/2023,After,230000111560,1,Riffle 1,32,91,75,50,64,337,Gravel,VCG2,1,0,0,0,Trimble,
50461,2806257.618,1266537.789,7458.63,PITRCK,Relocate 2023,9/25/2023,After,231000039735,1,Riffle 1,14,61,31,28,32,87.5,Gravel,CG2,1,1,0,1,Trimble,
50462,2806257.512,1266542.235,7458.731,PITRCK,Relocate 2023,9/25/2023,After,230000111566,1,Riffle 1,32,134,115,43,128,1003,Cobble,SC2,1,0,0,0,Trimble,
50463,2806196.704,1266542.085,7457.758,PITRCK,Relocate 2023,9/25/2023,After,228000607573,1,Riffle 1,23,102,61,48,64,550,Gravel,VCG2,1,1,0,0,Trimble,
50464,2805784.354,1266539.012,7458.033,PITRCK,Relocate 2023,9/25/2023,After,231000039711,1,Riffle 1,14,38,34,22,32,44,Gravel,CG2,1,0,0,0,Trimble,
50465,2806253.385,1266560.162,7459.463,PITRCK,Relocate 2023,9/25/2023,After,230000298013,1,Riffle 1,32,225,170,104,256,9100,Cobble,LC2,1,0,0,0,Trimble,
50466,2806240.474,1266566.987,7458.484,PITRCK,Relocate 2023,9/25/2023,After,228000607524,1,Riffle 1,23,86,68,54,64,562,Gravel,VCG2,1,1,0,0,Trimble,
50467,2806218.861,1266564.747,7457.986,PITRCK,Relocate 2023,9/25/2023,After,228000607535,1,Riffle 1,23,74,54,36,64,254,Gravel,VCG2,1,1,0,1,Trimble,
50468,2806251.012,1266580.638,7458.412,PITRCK,Relocate 2023,9/25/2023,After,230000111643,1,Riffle 1,32,184,125,58,128,2352,Cobble,SC2,1,0,0,0,Trimble,
50469,2806248.862,1266583.38,7458.431,PITRCK,Relocate 2023,9/25/2023,After,228000607505,1,Riffle 1,23,94,61,41,64,336,Gravel,VCG2,1,0,0,0,Trimble,
50471,2806247.951,1266595.746,7458.506,PITRCK,Relocate 2023,9/25/2023,After,230000111534,1,Riffle 1,32,157,135,130,180,3638,Cobble,LC1,1,1,0,0,Trimble,
50472,2806246.598,1266603.025,7458.384,PITRCK,Relocate 2023,9/25/2023,After,228000607565,1,Riffle 1,23,94,58,56,64,433,Gravel,VCG2,1,1,0,1,Trimble,
50473,2806247.374,1266609.904,7458.632,PITRCK,Relocate 2023,9/25/2023,After,228000607520,1,Riffle 1,23,90,64,52,64,543,Gravel,VCG2,1,1,0,0,Trimble,
50474,2806246.459,1266615.705,7458.8,PITRCK,Relocate 2023,9/25/2023,After,230000111541,1,Riffle 1,32,356,290,138,>256,14100,Boulder,SB1,1,0,0,0,Trimble,
50475,2806246.824,1266622.483,7458.646,PITRCK,Relocate 2023,9/25/2023,After,230000111523,1,Riffle 1,32,150,109,78,128,1992,Cobble,SC2,1,1,0,0,Trimble,
50477,2806210.981,1266616.103,7458.316,PITRCK,Relocate 2023,9/25/2023,After,230000111684,1,Riffle 1,32,198,117,64,128,2248,Cobble,SC2,1,1,0,0,Trimble,
50479,2806104.871,1266594.391,7457.877,PITRCK,Relocate 2023,9/25/2023,After,230000111527,1,Riffle 1,32,139,76,75,90,1153,Cobble,SC1,1,0,0,0,Trimble,
50480,2806239.44,1266524.4,7459.536,PITRCK,Relocate 2023,9/25/2023,After,228000607516,1,Riffle 1,23,81,63,55,64,514,Gravel,VCG2,0,0,0,1,Trimble,
50481,2806132.053,1266527.39,7457.249,PITRCK,Relocate 2023,9/25/2023,After,231000039720,1,Riffle 1,14,88,39,14,32,82,Gravel,CG2,1,1,0,0,Trimble,
50482,2806237.48,1266539.551,7458.6,PITRCK,Relocate 2023,9/25/2023,After,230000111728,1,Riffle 1,32,165,123,75,180,2327,Cobble,LC1,1,0,0,0,Trimble,
50483,2806235.924,1266544.357,7458.369,PITRCK,Relocate 2023,9/25/2023,After,228000607537,1,Riffle 1,23,95,61,35,64,458,Gravel,VCG2,1,1,0,0,Trimble,
50484,2806232.361,1266549.764,7458.546,PITRCK,Relocate 2023,9/25/2023,After,230000298011,1,Riffle 1,32,235,210,63,256,7400,Cobble,LC2,1,1,0,0,Trimble,
50486,2806159.469,1266552.218,7457.458,PITRCK,Relocate 2023,9/25/2023,After,228000607533,1,Riffle 1,23,89,65,52,64,400,Gravel,VCG2,1,0,0,0,Trimble,
50487,2806229.94,1266567.866,7458.693,PITRCK,Relocate 2023,9/25/2023,After,230000111510,1,Riffle 1,32,460,230,125,256,17100,Cobble,LC2,1,1,0,0,Trimble,
50488,2806231.323,1266574.897,7458.461,PITRCK,Relocate 2023,9/25/2023,After,230000111624,1,Riffle 1,32,157,152,82,180,2584,Cobble,LC1,1,0,0,0,Trimble,
50489,2806208.26,1266579.083,7458.06,PITRCK,Relocate 2023,9/25/2023,After,230000111677,1,Riffle 1,32,90,78,69,90,608,Cobble,SC1,1,1,0,0,Trimble,
50490,2806230.324,1266586.379,7458.248,PITRCK,Relocate 2023,9/25/2023,After,230000111548,1,Riffle 1,32,90,76,52,90,530,Cobble,SC1,0,1,0,0,Trimble,
50491,2806221.622,1266593.833,7458.006,PITRCK,Relocate 2023,9/25/2023,After,230000111570,1,Riffle 1,32,218,94,50,128,2142,Cobble,SC2,1,1,0,0,Trimble,
50492,2806227.405,1266601.573,7457.864,PITRCK,Relocate 2023,9/25/2023,After,230000111716,1,Riffle 1,32,129,116,60,128,1338,Cobble,SC2,1,1,0,0,Trimble,
50493,2806225.425,1266608.174,7458.53,PITRCK,Relocate 2023,9/25/2023,After,230000111507,1,Riffle 1,32,331,236,143,256,11400,Cobble,LC2,1,0,0,0,Trimble,
50494,2806225.041,1266613.685,7458.169,PITRCK,Relocate 2023,9/25/2023,After,226001370237,1,Riffle 1,12,31,27,15,32,36.5,Gravel,CG2,1,0,0,1,Trimble,
50495,2806219.412,1266616.767,7458.106,PITRCK,Relocate 2023,9/25/2023,After,230000111594,1,Riffle 1,32,135,67,55,90,911,Cobble,SC1,1,1,0,1,Trimble,
50497,2806221.871,1266629.042,7458.327,PITRCK,Relocate 2023,9/25/2023,After,230000111567,1,Riffle 1,32,128,104,33,90,645,Cobble,SC1,0,1,0,1,Trimble,
50499,2806148.911,1266611.012,7458.33,PITRCK,Relocate 2023,9/25/2023,After,230000111648,1,Riffle 1,32,101,88,34,90,508,Cobble,SC1,1,1,0,1,Trimble,
50500,2804575.695,1266603.139,7454.837,PITRCK,Relocate 2023,9/26/2023,After,230000111599,2A,Riffle 2A,32,135,120,75,128,1877,Cobble,SC2,1,1,0,0,Trimble,
50501,2803567.175,1266623.046,7448.519,PITRCK,Relocate 2023,9/26/2023,After,228000607528,2A,Riffle 2A,23,84,69,41,64,409,Gravel,VCG2,1,0,0,1,Trimble,
50502,2804567.578,1266592.783,7454.637,PITRCK,Relocate 2023,9/26/2023,After,230000111738,2A,Riffle 2A,32,140,110,77,128,1999,Cobble,SC2,1,1,0,0,Trimble,
50505,2804615.057,1266585.721,7454.926,PITRCK,Relocate 2023,9/26/2023,After,230000111634,2A,Riffle 2A,32,367,215,128,256,16700,Cobble,LC2,1,0,0,0,Trimble,
50507,2804395.803,1266562.163,7453.218,PITRCK,Relocate 2023,9/26/2023,After,230000111658,2A,Riffle 2A,32,90,83,56,90,732,Cobble,SC1,1,0,0,0,Trimble,
50509,2804550.505,1266564.071,7454.476,PITRCK,Relocate 2023,9/26/2023,After,228000607558,2A,Riffle 2A,23,88,73,38,64,444,Gravel,VCG2,1,1,0,0,Trimble,
50510,2804393.516,1266550.168,7453.084,PITRCK,Relocate 2023,9/26/2023,After,231000039756,2A,Riffle 2A,14,51,31,27,32,59,Gravel,CG2,1,1,0,1,Trimble,
50511,2804626.6,1266555.443,7456.189,PITRCK,Relocate 2023,9/26/2023,After,230000111645,2A,Riffle 2A,32,134,101,91,128,2037,Cobble,SC2,1,1,0,0,Trimble,
50512,2804604.623,1266552.506,7456.139,PITRCK,Relocate 2023,9/26/2023,After,228000607564,2A,Riffle 2A,23,108,64,45,64,477,Gravel,VCG2,0,0,0,0,Trimble,
50513,2804237.857,1266578.998,7452.656,PITRCK,Relocate 2023,9/26/2023,After,226001370280,2A,Riffle 2A,12,41,24,20,32,52,Gravel,CG2,1,0,0,1,Trimble,
50514,2804603.834,1266563.686,7455.469,PITRCK,Relocate 2023,9/26/2023,After,230000111719,2A,Riffle 2A,32,165,110,61,128,1712,Cobble,SC2,0,0,0,0,Trimble,
50518,2804600.213,1266586.928,7454.773,PITRCK,Relocate 2023,9/26/2023,After,230000111729,2A,Riffle 2A,32,346,280,115,>256,21300,Boulder,SB1,0,0,0,0,Trimble,
50519,2804581.612,1266584.741,7454.459,PITRCK,Relocate 2023,9/26/2023,After,230000111660,2A,Riffle 2A,32,112,87,57,90,727,Cobble,SC1,1,1,0,0,Trimble,
50521,2804578.481,1266601.17,7454.781,PITRCK,Relocate 2023,9/26/2023,After,230000111629,2A,Riffle 2A,32,155,132,54,128,1834,Cobble,SC2,1,1,0,0,Trimble,
50522,2804552.41,1266587.767,7454.172,PITRCK,Relocate 2023,9/26/2023,After,226001370257,2A,Riffle 2A,12,26,20,9,16,4.179,Gravel,MG2,1,1,0,1,Trimble,
50523,2804468.287,1266568.255,7453.712,PITRCK,Relocate 2023,9/26/2023,After,230000111718,2A,Riffle 2A,32,85,72,57,90,509,Cobble,SC1,1,1,0,1,Trimble,
50525,2804573.618,1266610.396,7455.257,PITRCK,Relocate 2023,9/26/2023,After,230000111603,2A,Riffle 2A,32,181,125,100,128,3827,Cobble,SC2,1,1,0,1,Trimble,
50526,2804333.453,1266580.982,7453.242,PITRCK,Relocate 2023,9/26/2023,After,231000039788,2A,Riffle 2A,14,51,36,18,32,65,Gravel,CG2,1,0,0,0,Trimble,
50527,2804554.864,1266592.258,7454.462,PITRCK,Relocate 2023,9/26/2023,After,230000111605,2A,Riffle 2A,32,140,121,59,128,1380,Cobble,SC2,1,1,0,0,Trimble,
50528,2804574.034,1266594.008,7455.477,PITRCK,Relocate 2023,9/26/2023,After,230000111515,2A,Riffle 2A,32,395,265,205,362,27100,Boulder,SB1,1,0,0,0,Trimble,
50529,2804565.066,1266584.132,7454.401,PITRCK,Relocate 2023,9/26/2023,After,230000111586,2A,Riffle 2A,32,135,97,68,128,1766,Cobble,SC2,1,1,0,0,Trimble,
50530,2804409.975,1266535.546,7453.702,PITRCK,Relocate 2023,9/26/2023,After,230000111583,2A,Riffle 2A,32,85,61,55,90,493,Cobble,SC1,1,0,0,1,Trimble,
50532,2804558.945,1266566.484,7454.653,PITRCK,Relocate 2023,9/26/2023,After,230000111547,2A,Riffle 2A,32,168,111,53,90,1488,Cobble,SC1,1,1,0,1,Trimble,
50535,2804577.438,1266555.443,7455.233,PITRCK,Relocate 2023,9/26/2023,After,230000111671,2A,Riffle 2A,32,110,93,42,90,657,Cobble,SC1,1,0,0,0,Trimble,
50536,2804576.728,1266551.213,7455.359,PITRCK,Relocate 2023,9/26/2023,After,230000111621,2A,Riffle 2A,32,118,79,65,90,1151,Cobble,SC1,1,0,0,0,Trimble,
50537,2804516.484,1266598.911,7455.766,PITRCK,Relocate 2023,9/26/2023,After,230000111657,2A,Riffle 2A,32,100,72,42,64,379,Gravel,VCG2,0,0,0,0,Trimble,
50539,2804519.31,1266585.28,7454.983,PITRCK,Relocate 2023,9/26/2023,After,230000111709,2A,Riffle 2A,32,201,182,58,180,3584,Cobble,LC1,1,0,0,0,Trimble,
50540,2804206.394,1266620.89,7453.168,PITRCK,Relocate 2023,9/26/2023,After,231000039715,2A,Riffle 2A,14,61,31,17,32,42,Gravel,CG2,1,0,0,1,Trimble,
50542,2804492.162,1266562.351,7453.538,PITRCK,Relocate 2023,9/26/2023,After,230000111732,2A,Riffle 2A,32,210,158,107,180,3929,Cobble,LC1,1,1,0,0,Trimble,
50543,2804525.279,1266563.189,7454.004,PITRCK,Relocate 2023,9/26/2023,After,230000111587,2A,Riffle 2A,32,320,235,105,256,11600,Cobble,LC2,1,1,0,0,Trimble,
50544,2804478.671,1266547.982,7452.204,PITRCK,Relocate 2023,9/26/2023,After,228000607539,2A,Riffle 2A,23,110,63,31,64,372,Gravel,VCG2,1,0,0,0,Trimble,
50545,2804498.763,1266544.235,7453.4,PITRCK,Relocate 2023,9/26/2023,After,230000111602,2A,Riffle 2A,32,178,155,48,180,2087,Cobble,LC1,1,1,0,0,Trimble,
50546,2804035.175,1266630.355,7451.709,PITRCK,Relocate 2023,9/26/2023,After,226001370298,2A,Riffle 2A,12,18,17,10,16,4.49,Gravel,MG2,0,0,0,0,Trimble,
50547,2804493.178,1266542.731,7453.273,PITRCK,Relocate 2023,9/26/2023,After,228000607569,2A,Riffle 2A,23,99,78,44,64,493,Gravel,VCG2,1,0,0,0,Trimble,
50548,2804260.234,1266584.167,7452.702,PITRCK,Relocate 2023,9/26/2023,After,228000607561,2A,Riffle 2A,23,106,53,49,64,350,Gravel,VCG2,1,1,0,0,Trimble,
50549,2804517.811,1266537.362,7455.066,PITRCK,Relocate 2023,9/26/2023,After,228000607547,2A,Riffle 2A,23,80,70,43,64,370,Gravel,VCG2,1,0,0,0,Trimble,
50550,2804253.059,1266614.284,7453.996,PITRCK,Relocate 2023,9/27/2023,After,228000607511,2B,Riffle 2B,23,120,75,50,64,466,Gravel,VCG2,0,0,0,1,Trimble,
50551,2804251.674,1266610.771,7453.647,PITRCK,Relocate 2023,9/27/2023,After,228000607570,2B,Riffle 2B,23,75,63,48,64,338,Gravel,VCG2,1,0,0,0,Trimble,
50552,2804243.258,1266606.933,7453.692,PITRCK,Relocate 2023,9/27/2023,After,231000039736,2B,Riffle 2B,14,49,36,20,32,55.5,Gravel,CG2,1,0,0,1,Trimble,
50553,2803768.839,1266651.417,7448.668,PITRCK,Relocate 2023,9/27/2023,After,230000111669,2B,Riffle 2B,32,151,137,65,128,2083,Cobble,SC2,1,0,0,1,Trimble, Approximate recap location.
50555,2803805.834,1266643.704,7449.823,PITRCK,Relocate 2023,9/27/2023,After,230000298004,2B,Riffle 2B,32,285,182,120,256,11600,Cobble,LC2,1,1,0,0,Trimble,
50559,2803938.675,1266623.809,7451.61,PITRCK,Relocate 2023,9/27/2023,After,231000039740,2B,Riffle 2B,14,50,33,20,32,41,Gravel,CG2,1,0,0,1,Trimble, Approximate recap location.
50560,2803770.181,1266648.928,7448.752,PITRCK,Relocate 2023,9/27/2023,After,209000133190,2B,Riffle 2B,23,84,64,35,64,376.5,Gravel,VCG2,1,0,0,1,Trimble,"Replacement rock for 228000607545, which was previously deployed in riffle 2 but NEVER RECOVERED Approximate recap location."
50562,2804158.46,1266645.57,7453.618,PITRCK,Relocate 2023,9/27/2023,After,228000607527,2B,Riffle 2B,23,70,74,55,64,425,Gravel,VCG2,1,1,0,0,Trimble,
50563,2803606.723,1266638.383,7447.999,PITRCK,Relocate 2023,9/27/2023,After,230000111606,2B,Riffle 2B,32,147,108,64,128,1636,Cobble,SC2,1,1,0,0,Trimble,
50565,2803931.92,1266657.855,7451.341,PITRCK,Relocate 2023,9/27/2023,After,230000111572,2B,Riffle 2B,32,162,104,67,128,1710,Cobble,SC2,1,1,0,0,Trimble,
50567,2803516.678,1266660.068,7448.304,PITRCK,Relocate 2023,9/27/2023,After,230000298005,2B,Riffle 2B,32,183,158,100,256,4300,Cobble,LC2,1,0,0,1,Trimble, Approximate recap location.
50568,2804146.573,1266631.448,7452.95,PITRCK,Relocate 2023,9/27/2023,After,230000111522,2B,Riffle 2B,32,295,250,174,256,16100,Cobble,LC2,1,1,0,1,Trimble,
50569,2803528.819,1266632.259,7448.334,PITRCK,Relocate 2023,9/27/2023,After,228000607504,2B,Riffle 2B,23,77,65,40,64,362,Gravel,VCG2,1,1,0,1,Trimble,
50571,2803754.442,1266647.144,7448.765,PITRCK,Relocate 2023,9/27/2023,After,230000111504,2B,Riffle 2B,32,166,128,81,128,2127,Cobble,SC2,1,0,0,1,Trimble, Approximate recap location.
50576,2804172.477,1266638.884,7453.665,PITRCK,Relocate 2023,9/27/2023,After,230000298012,2B,Riffle 2B,32,193,120,84,256,4900,Cobble,LC2,1,0,0,0,Trimble,
50578,2804190.828,1266621.612,7453.682,PITRCK,Relocate 2023,9/27/2023,After,230000111666,2B,Riffle 2B,32,321,290,200,>256,18300,Boulder,SB1,1,0,0,0,Trimble,
50580,2803690.959,1266644.91,7448.491,PITRCK,Relocate 2023,9/27/2023,After,230000111705,2B,Riffle 2B,32,160,84,69,90,1747,Cobble,SC1,1,0,0,1,Trimble,
50591,2803441.393,1266632.216,7447.864,PITRCK,Relocate 2023,9/27/2023,After,230000111604,2B,Riffle 2B,32,195,62,56,90,1437,Cobble,SC1,1,0,0,1,Trimble,
50593,2804145.015,1266630.204,7453.159,PITRCK,Relocate 2023,9/27/2023,After,230000111726,2B,Riffle 2B,32,330,285,138,362,32000,Boulder,SB1,1,1,0,0,Trimble,
50595,2803781.673,1266641.795,7448.773,PITRCK,Relocate 2023,9/27/2023,After,230000111638,2B,Riffle 2B,32,165,133,106,128,3239,Cobble,SC2,1,0,0,1,Trimble, Approximate recap location.
50597,2803465.579,1266628.945,7448.169,PITRCK,Relocate 2023,9/27/2023,After,230000111673,2B,Riffle 2B,32,139,96,75,128,1437,Cobble,SC2,1,0,0,1,Trimble, Approximate recap location.
50599,2804177.618,1266641.731,7453.953,PITRCK,Relocate 2023,9/27/2023,After,230000111664,2B,Riffle 2B,32,116,88,67,90,904,Cobble,SC1,1,0,0,0,Trimble,
50600,2805198.105,1266508.702,7457.854,PITRCK,Relocate 2023,9/27/2023,After,209000133204,GA1,Gravel Augmentation,23,66,55,45,64,207.5,Gravel,VCG2,1,0,0,0,Trimble,
50601,2805211.261,1266503.676,7457.555,PITRCK,Relocate 2023,9/27/2023,After,231000039712,GA1,Gravel Augmentation,14,45,36,25,32,54.5,Gravel,CG2,1,0,0,1,Trimble,
50602,2805214.977,1266496.844,7457.637,PITRCK,Relocate 2023,9/27/2023,After,209000133209,GA1,Gravel Augmentation,23,124,118,87,128,1659.5,Cobble,SC2,1,0,0,0,Trimble,
50603,2805192.086,1266516.014,7456.981,PITRCK,Relocate 2023,9/27/2023,After,209000133181,GA1,Gravel Augmentation,23,115,81,58,90,893,Cobble,SC1,1,0,0,0,Trimble,
50604,2805191.333,1266510.378,7457.675,PITRCK,Relocate 2023,9/27/2023,After,226001370216,GA1,Gravel Augmentation,12,24,15,14,16,4.961,Gravel,MG2,0,1,0,1,Trimble,
50605,2805190.113,1266505.02,7458.378,PITRCK,Relocate 2023,9/27/2023,After,230000298006,GA1,Gravel Augmentation,32,264,167,82,256,8600,Cobble,LC2,1,0,0,0,Trimble,
50606,2805177.594,1266497.841,7454.949,PITRCK,Relocate 2023,9/27/2023,After,209000133155,GA1,Gravel Augmentation,23,118,85,39,90,868,Cobble,SC1,1,0,0,0,Trimble,
50607,2805164.956,1266523.703,7456.249,PITRCK,Relocate 2023,9/27/2023,After,231000039751,GA1,Gravel Augmentation,14,36,32,31,32,58,Gravel,CG2,1,1,0,0,Trimble,
50608,2805162.43,1266514.752,7457.162,PITRCK,Relocate 2023,9/27/2023,After,209000133126,GA1,Gravel Augmentation,23,196,92,78,128,2591,Cobble,SC2,1,0,0,0,Trimble,
50609,2805161.966,1266510.755,7456.56,PITRCK,Relocate 2023,9/27/2023,After,209000133194,GA1,Gravel Augmentation,23,85,66,42,64,348,Gravel,VCG2,1,0,0,0,Trimble,
50610,2804794.159,1266584.521,7453.824,PITRCK,Relocate 2023,9/27/2023,After,209000133134,GA2,Gravel Augmentation,23,63,51,34,64,157,Gravel,VCG2,1,0,0,1,Trimble, Approximate recap location.
50612,2804690.047,1266583.917,7454.466,PITRCK,Relocate 2023,9/27/2023,After,209000133192,GA2,Gravel Augmentation,32,117,105,60,128,1101,Cobble,SC2,1,1,0,0,Trimble,
50614,2804898.757,1266460.755,7455.419,PITRCK,Relocate 2023,9/27/2023,After,209000133185,GA3,Gravel Augmentation,23,99,63,40,64,407,Gravel,VCG2,1,0,0,1,Trimble, Approximate recap location.
50616,2804904.04,1266470.243,7456.6,PITRCK,Relocate 2023,9/27/2023,After,209000133175,GA3,Gravel Augmentation,23,159,105,68,128,2043,Cobble,SC2,1,0,0,1,Trimble, Approximate recap location.
50617,2804748.401,1266627.746,7456.105,PITRCK,Relocate 2023,9/27/2023,After,209000133130,GA4,Gravel Augmentation,23,80,60,36,64,289,Gravel,VCG2,1,0,0,1,Trimble,
50619,2804316.479,1266571.325,7453.22,PITRCK,Relocate 2023,9/27/2023,After,209000133137,GA4,Gravel Augmentation,23,165,74,64,90,1338.5,Cobble,SC1,1,1,0,0,Trimble,
50620,2804735.972,1266615.274,7455.592,PITRCK,Relocate 2023,9/27/2023,After,209000133179,GA4,Gravel Augmentation,23,84,58,47,64,371,Gravel,VCG2,1,1,0,0,Trimble,
50621,2804508.317,1266578.019,7454.444,PITRCK,Relocate 2023,9/27/2023,After,209000133147,GA5,Gravel Augmentation,23,65,61,41,64,265.5,Gravel,VCG2,1,1,0,0,Trimble,
50622,2804659.149,1266599.928,7454.982,PITRCK,Relocate 2023,9/27/2023,After,230000298016,GA5,Gravel Augmentation,32,250,175,98,256,9700,Cobble,LC2,1,0,0,0,Trimble,
50626,2804173.645,1266623.372,7453.15,PITRCK,Relocate 2023,9/27/2023,After,209000133110,GA6,Gravel Augmentation,23,131,92,72,128,1429,Cobble,SC2,1,1,0,0,Trimble,
50628,2804387.245,1266549.806,7453.353,PITRCK,Relocate 2023,9/27/2023,After,209000133191,GA6,Gravel Augmentation,23,92,52,50,64,543,Gravel,VCG2,1,1,0,0,Trimble,
50629,2804231.104,1266587.148,7452.711,PITRCK,Relocate 2023,9/27/2023,After,209000133151,GA6,Gravel Augmentation,23,90,58,40,64,295.5,Gravel,VCG2,1,1,0,1,Trimble,
50630,2804193.217,1266526.098,7455.41,PITRCK,Relocate 2023,9/27/2023,After,226001370205,Overflow 1C,Gravel Augmentation,12,35,25,18,32,45,Gravel,CG2,1,0,0,1,Trimble,
50631,2804196.453,1266527.43,7455.35,PITRCK,Relocate 2023,9/27/2023,After,226001370222,Overflow 1C,Gravel Augmentation,12,26,18,11,16,7.0078,Gravel,MG2,0,0,0,1,Trimble,
50632,2804197.652,1266532.927,7455.193,PITRCK,Relocate 2023,9/27/2023,After,226001370230,Overflow 1C,Gravel Augmentation,12,47,29,16,32,59,Gravel,CG2,1,0,0,1,Trimble,
50634,2804173.06,1266563.324,7455.044,PITRCK,Relocate 2023,9/27/2023,After,226001370236,Overflow 1C,Gravel Augmentation,12,27,21,16,32,33,Gravel,CG2,1,0,0,1,Trimble,
50636,2804596.078,1266518.97,7456.679,PITRCK,Relocate 2023,9/27/2023,After,226001370291,Overflow 1A,Gravel Augmentation,12,36,29,10,32,32,Gravel,CG2,1,0,0,0,Trimble,
50639,2804431.383,1266547.313,7452.37,PITRCK,Relocate 2023,9/27/2023,After,226001370204,Overflow 1A,Gravel Augmentation,12,21,18,10,16,5.067,Gravel,MG2,1,0,0,1,Trimble,
50700,2806340.14,1266540.5,7460.45,PITRCK,Relocate 2024,9/24/2024,After,230000111712,1,Riffle 1,32,176,113,74,128,2062,Cobble,SC2,1,0,0,0,Trimble,
50701,2806340.1,1266546.66,7458.86,PITRCK,Relocate 2024,9/24/2024,After,231000039738,1,Riffle 1,14,45,34,23,32,53.5,Gravel,CG2,0,0,0,1,Trimble, Approximate recap location.
50702,2806337.52,1266553.09,7458.36,PITRCK,Relocate 2024,9/24/2024,After,230000111683,1,Riffle 1,32,132,90,80,128,1427,Cobble,SC2,0,0,0,1,Trimble, Approximate recap location.
50703,2806064.46,1266520.04,7456.99,PITRCK,Relocate 2024,9/24/2024,After,231000039714,1,Riffle 1,14,55,24,20,32,52.5,Gravel,CG2,1,0,0,1,Trimble,
50705,2806331.51,1266566.22,7459.22,PITRCK,Relocate 2024,9/24/2024,After,230000111708,1,Riffle 1,32,181,124,84,128,2277,Cobble,SC2,0,0,0,0,Trimble,
50707,2806333.54,1266578.16,7459.8,PITRCK,Relocate 2024,9/24/2024,After,230000111578,1,Riffle 1,32,374,275,144,>256,19700,Boulder,SB1,0,0,0,0,Trimble,
50708,2806329.1,1266581.43,7459.04,PITRCK,Relocate 2024,9/24/2024,After,228000607513,1,Riffle 1,23,91,60,38,64,273,Gravel,VCG2,0,0,0,1,Trimble,
50709,2806313.68,1266585.8,7458.57,PITRCK,Relocate 2024,9/24/2024,After,226001370256,1,Riffle 1,12,20,17,7,16,2.964,Gravel,MG2,1,0,0,1,Trimble, Approximate recap location.
50710,2806334.9,1266594.6,7459.32,PITRCK,Relocate 2024,9/24/2024,After,230000111717,1,Riffle 1,32,135,93,59,90,1398,Cobble,SC1,0,0,0,0,Trimble,
50711,2805607.38,1266527.71,7458.55,PITRCK,Relocate 2024,9/24/2024,After,231000039702,1,Riffle 1,14,42,38,25,32,42,Gravel,CG2,1,0,0,1,Trimble,
50712,2806332.46,1266607.76,7459.04,PITRCK,Relocate 2024,9/24/2024,After,230000111562,1,Riffle 1,32,197,169,68,180,3575,Cobble,LC1,0,0,0,0,Trimble,
50713,2806326.64,1266611.82,7459.19,PITRCK,Relocate 2024,9/24/2024,After,230000111746,1,Riffle 1,32,111,68,59,90,775,Cobble,SC1,1,0,0,0,Trimble,
50714,2806330.48,1266620.69,7459.88,PITRCK,Relocate 2024,9/24/2024,After,230000111725,1,Riffle 1,32,312,245,140,256,18500,Cobble,LC2,0,0,0,0,Trimble,
50716,2806208.9,1266599.19,7457.99,PITRCK,Relocate 2024,9/24/2024,After,230000111631,1,Riffle 1,32,97,56,50,64,363,Gravel,VCG2,1,0,0,0,Trimble,
50717,2806267.42,1266622.44,7458.23,PITRCK,Relocate 2024,9/24/2024,After,228000607546,1,Riffle 1,23,97,71,35,64,338,Gravel,VCG2,1,0,0,0,Trimble,
50718,2806329.19,1266654.05,7459.41,PITRCK,Relocate 2024,9/24/2024,After,228000607532,1,Riffle 1,23,90,55,42,64,446,Gravel,VCG2,0,0,0,0,Trimble,
50719,2805242.018,1266566.49,NA,PITRCK,Relocate 2024,9/24/2024,After,226001370318,1,Riffle 1,12,28,16,8,16,6.618,Gravel,MG2,0,0,0,0,Mobile,M34 Detection Only. 
50720,2806314.04,1266538.66,7459.67,PITRCK,Relocate 2024,9/24/2024,After,230000111596,1,Riffle 1,32,86,73,64,90,548,Cobble,SC1,1,0,0,0,Trimble,
50721,2805553.36,1266496.74,7456.78,PITRCK,Relocate 2024,9/24/2024,After,226001370376,1,Riffle 1,12,25,17,7,16,5.594,Gravel,MG2,1,0,0,1,Trimble,
50722,2806307.53,1266549.88,7458.41,PITRCK,Relocate 2024,9/24/2024,After,230000111581,1,Riffle 1,32,113,101,43,90,755,Cobble,SC1,0,0,0,1,Trimble,
50723,2806120.47,1266531.2,7456.95,PITRCK,Relocate 2024,9/24/2024,After,231000039733,1,Riffle 1,14,47,37,20,32,50,Gravel,CG2,1,0,0,1,Trimble,
50724,2806309.05,1266556.83,7458.58,PITRCK,Relocate 2024,9/24/2024,After,230000111734,1,Riffle 1,32,120,104,64,128,1233,Cobble,SC2,1,1,0,0,Trimble,
50728,2806304.34,1266592.52,7459.04,PITRCK,Relocate 2024,9/24/2024,After,230000111575,1,Riffle 1,32,135,96,53,90,1034,Cobble,SC1,0,1,0,0,Trimble,
50729,2806311.78,1266599.72,7459.97,PITRCK,Relocate 2024,9/24/2024,After,230000111733,1,Riffle 1,32,303,265,148,>256,15900,Boulder,SB1,0,0,0,0,Trimble,
50731,2806271.74,1266620.93,7458.64,PITRCK,Relocate 2024,9/24/2024,After,230000111700,1,Riffle 1,32,131,82,56,90,709,Cobble,SC1,0,1,0,0,Trimble,
50732,2806175.163,1266595.613,NA,PITRCK,Relocate 2024,9/24/2024,After,231000039758,1,Riffle 1,14,40,33,18,32,40.5,Gravel,CG2,0,0,0,0,Mobile,M34 Detection Only. 
50733,2806304.17,1266626.23,7458.76,PITRCK,Relocate 2024,9/24/2024,After,230000111668,1,Riffle 1,32,177,112,67,128,1929,Cobble,SC2,0,0,0,0,Trimble,
50734,2806259.68,1266616.59,7458.54,PITRCK,Relocate 2024,9/24/2024,After,228000607552,1,Riffle 1,23,75,64,54,64,543,Gravel,VCG2,1,0,0,0,Trimble,
50735,2806221.95,1266601.077,NA,PITRCK,Relocate 2024,9/24/2024,After,226001370277,1,Riffle 1,12,23,15,13,16,6.062,Gravel,MG2,0,0,0,0,Mobile,M34 Detection Only. 
50736,2806293.14,1266643.03,7457.92,PITRCK,Relocate 2024,9/24/2024,After,230000111545,1,Riffle 1,32,121,71,58,90,829,Cobble,SC1,0,0,0,0,Trimble,
50737,2806303.72,1266653.4,7458.99,PITRCK,Relocate 2024,9/24/2024,After,230000111540,1,Riffle 1,32,119,82,59,90,734,Cobble,SC1,1,0,0,0,Trimble,
50738,2806300.46,1266660.13,7459.17,PITRCK,Relocate 2024,9/24/2024,After,230000111735,1,Riffle 1,32,141,117,56,128,1706,Cobble,SC2,1,0,0,0,Trimble,
50739,2806108.23,1266588.92,7457.35,PITRCK,Relocate 2024,9/24/2024,After,226001370243,1,Riffle 1,12,20,18,11,16,4.967,Gravel,MG2,1,0,0,1,Trimble,
50740,2806299.79,1266541.68,7459.03,PITRCK,Relocate 2024,9/24/2024,After,230000111686,1,Riffle 1,32,110,78,34,90,601,Cobble,SC1,0,0,0,0,Trimble,
50741,2806214.34,1266536.21,7458.04,PITRCK,Relocate 2024,9/24/2024,After,231000039765,1,Riffle 1,14,46,30,22,32,44,Gravel,CG2,1,0,0,1,Trimble,
50742,2806268.081,1266558.459,NA,PITRCK,Relocate 2024,9/24/2024,After,230000111592,1,Riffle 1,32,213,113,49,128,2412,Cobble,SC2,0,0,0,0,Mobile,M34 Detection Only. 
50743,2806297.48,1266560.38,7458.35,PITRCK,Relocate 2024,9/24/2024,After,231000039781,1,Riffle 1,14,52,28,24,32,57.5,Gravel,CG2,0,0,0,1,Trimble,
50744,2806285.99,1266569.03,7458.81,PITRCK,Relocate 2024,9/24/2024,After,230000111695,1,Riffle 1,32,120,97,77,90,1034,Cobble,SC1,1,1,0,0,Trimble,
50746,2806293.35,1266584.56,7458.78,PITRCK,Relocate 2024,9/24/2024,After,230000111555,1,Riffle 1,32,109,71,69,90,826,Cobble,SC1,0,1,0,0,Trimble,
50747,2806293.32,1266594.05,7458.46,PITRCK,Relocate 2024,9/24/2024,After,228000607507,1,Riffle 1,23,65,45,42,64,197,Gravel,VCG2,0,0,0,1,Trimble,
50748,2806286.34,1266599.03,7458.64,PITRCK,Relocate 2024,9/24/2024,After,230000111644,1,Riffle 1,32,135,93,72,90,1442,Cobble,SC1,0,1,0,0,Trimble,
50749,2806210.43,1266582.81,7457.87,PITRCK,Relocate 2024,9/24/2024,After,230000111698,1,Riffle 1,32,89,82,70,90,771,Cobble,SC1,1,0,0,0,Trimble,
50750,2806289.87,1266613.28,7459.05,PITRCK,Relocate 2024,9/24/2024,After,230000111614,1,Riffle 1,32,306,205,256,256,18900,Cobble,LC2,1,0,0,0,Trimble,
50751,2806289.29,1266621.85,7458.29,PITRCK,Relocate 2024,9/24/2024,After,228000607509,1,Riffle 1,23,106,64,36,64,440,Gravel,VCG2,0,0,0,1,Trimble,
50752,2806136.2,1266595.64,7457.81,PITRCK,Relocate 2024,9/24/2024,After,228000607549,1,Riffle 1,23,72,50,38,64,185,Gravel,VCG2,1,0,0,0,Trimble,
50753,2806264.56,1266618.6,7458.06,PITRCK,Relocate 2024,9/24/2024,After,228000607571,1,Riffle 1,23,127,71,31,64,415,Gravel,VCG2,1,0,0,0,Trimble,
50754,2806283.03,1266635.4,7458.31,PITRCK,Relocate 2024,9/24/2024,After,228000607541,1,Riffle 1,23,91,64,40,64,398,Gravel,VCG2,0,1,0,0,Trimble,
50755,2806288.38,1266646.22,7458.26,PITRCK,Relocate 2024,9/24/2024,After,228000607534,1,Riffle 1,23,70,63,55,64,654,Gravel,VCG2,0,1,0,0,Trimble,
50756,2806287.53,1266650.05,7458.5,PITRCK,Relocate 2024,9/24/2024,After,228000607577,1,Riffle 1,23,94,66,23,64,361,Gravel,VCG2,1,0,0,0,Trimble,
50757,2806288.46,1266654.98,7458.76,PITRCK,Relocate 2024,9/24/2024,After,226001370244,1,Riffle 1,12,17,15,9,16,3.148,Gravel,MG2,0,0,0,1,Trimble,
50758,2806286.23,1266658.83,7459.09,PITRCK,Relocate 2024,9/24/2024,After,228000607517,1,Riffle 1,23,68,56,43,64,241,Gravel,VCG2,0,0,0,0,Trimble,
50759,2806287.59,1266662.99,7459.13,PITRCK,Relocate 2024,9/24/2024,After,228000607560,1,Riffle 1,23,82,64,37,64,407,Gravel,VCG2,0,1,0,0,Trimble,
50760,2806252.3,1266533.71,7458.69,PITRCK,Relocate 2024,9/24/2024,After,230000111560,1,Riffle 1,32,91,75,50,64,337,Gravel,VCG2,1,0,0,0,Trimble,
50761,2806257.65,1266537.95,7458.86,PITRCK,Relocate 2024,9/24/2024,After,231000039735,1,Riffle 1,14,61,31,28,32,87.5,Gravel,CG2,0,0,0,1,Trimble,
50762,2806257.6,1266542.29,7458.75,PITRCK,Relocate 2024,9/24/2024,After,230000111566,1,Riffle 1,32,134,115,43,128,1003,Cobble,SC2,0,0,0,0,Trimble,
50763,2806145.88,1266538,7457.23,PITRCK,Relocate 2024,9/24/2024,After,228000607573,1,Riffle 1,23,102,61,48,64,550,Gravel,VCG2,1,0,0,0,Trimble,
50764,2805477.29,1266522.22,7456.76,PITRCK,Relocate 2024,9/24/2024,After,231000039711,1,Riffle 1,14,38,34,22,32,44,Gravel,CG2,1,0,0,0,Trimble,
50765,2806253.37,1266559.99,7459.29,PITRCK,Relocate 2024,9/24/2024,After,230000298013,1,Riffle 1,32,225,170,104,256,9100,Cobble,LC2,0,0,0,0,Trimble,
50766,2806218.87,1266564.7,7458.08,PITRCK,Relocate 2024,9/24/2024,After,228000607524,1,Riffle 1,23,86,68,54,64,562,Gravel,VCG2,1,1,0,0,Trimble,
50767,2806165.98,1266560.53,7457.3,PITRCK,Relocate 2024,9/24/2024,After,228000607535,1,Riffle 1,23,74,54,36,64,254,Gravel,VCG2,1,0,0,1,Trimble,
50768,2806251.1,1266580.45,7458.39,PITRCK,Relocate 2024,9/24/2024,After,230000111643,1,Riffle 1,32,184,125,58,128,2352,Cobble,SC2,0,0,0,0,Trimble,
50769,2806247.51,1266581.61,7458.41,PITRCK,Relocate 2024,9/24/2024,After,228000607505,1,Riffle 1,23,94,61,41,64,336,Gravel,VCG2,1,0,0,0,Trimble,
50771,2806247.93,1266595.68,7458.43,PITRCK,Relocate 2024,9/24/2024,After,230000111534,1,Riffle 1,32,157,135,130,180,3638,Cobble,LC1,0,0,0,0,Trimble,
50772,2806246.6,1266603.3,7458.35,PITRCK,Relocate 2024,9/24/2024,After,228000607565,1,Riffle 1,23,94,58,56,64,433,Gravel,VCG2,1,1,0,0,Trimble,
50773,2806174.62,1266583.81,7457.48,PITRCK,Relocate 2024,9/24/2024,After,228000607520,1,Riffle 1,23,90,64,52,64,543,Gravel,VCG2,1,0,0,0,Trimble,
50774,2806241.53,1266614.7,7458.13,PITRCK,Relocate 2024,9/24/2024,After,230000111541,1,Riffle 1,32,356,290,138,>256,14100,Boulder,SB1,1,0,0,0,Trimble,
50775,2806244.94,1266622.08,7458.6,PITRCK,Relocate 2024,9/24/2024,After,230000111523,1,Riffle 1,32,150,109,78,128,1992,Cobble,SC2,1,0,0,0,Trimble,
50777,2806210.91,1266615.96,7458.46,PITRCK,Relocate 2024,9/24/2024,After,230000111684,1,Riffle 1,32,198,117,64,128,2248,Cobble,SC2,1,0,0,1,Trimble,
50779,2806059.04,1266586.43,7457.59,PITRCK,Relocate 2024,9/24/2024,After,230000111527,1,Riffle 1,32,139,76,75,90,1153,Cobble,SC1,1,0,0,0,Trimble,
50780,2806239.48,1266524.65,7459.35,PITRCK,Relocate 2024,9/24/2024,After,228000607516,1,Riffle 1,23,81,63,55,64,514,Gravel,VCG2,1,0,0,1,Trimble,
50781,2806022.64,1266526.23,7457.3,PITRCK,Relocate 2024,9/24/2024,After,231000039720,1,Riffle 1,14,88,39,14,32,82,Gravel,CG2,1,0,0,1,Trimble,
50782,2806237.31,1266539.63,7458.61,PITRCK,Relocate 2024,9/24/2024,After,230000111728,1,Riffle 1,32,165,123,75,180,2327,Cobble,LC1,0,0,0,0,Trimble,
50783,2806219.93,1266543.52,7458.04,PITRCK,Relocate 2024,9/24/2024,After,228000607537,1,Riffle 1,23,95,61,35,64,458,Gravel,VCG2,1,0,0,0,Trimble,
50784,2806232.34,1266549.84,7458.51,PITRCK,Relocate 2024,9/24/2024,After,230000298011,1,Riffle 1,32,235,210,63,256,7400,Cobble,LC2,0,1,0,0,Trimble,
50786,2806081.628,1266553.722,NA,PITRCK,Relocate 2024,9/24/2024,After,228000607533,1,Riffle 1,23,89,65,52,64,400,Gravel,VCG2,0,0,0,0,Mobile,M34 Detection Only. 
50787,2806229.72,1266567.87,7458.62,PITRCK,Relocate 2024,9/24/2024,After,230000111510,1,Riffle 1,32,460,230,125,256,17100,Cobble,LC2,0,1,0,0,Trimble,
50788,2806223.66,1266572.53,7458.4,PITRCK,Relocate 2024,9/24/2024,After,230000111624,1,Riffle 1,32,157,152,82,180,2584,Cobble,LC1,1,1,0,0,Trimble,
50789,2806175.115,1266589.421,NA,PITRCK,Relocate 2024,9/24/2024,After,230000111677,1,Riffle 1,32,90,78,69,90,608,Cobble,SC1,0,0,0,0,Mobile,M34 Detection Only. 
50790,2806229.9,1266586.21,7457.94,PITRCK,Relocate 2024,9/24/2024,After,230000111548,1,Riffle 1,32,90,76,52,90,530,Cobble,SC1,1,0,0,1,Trimble,
50791,2806216.66,1266594.29,7457.66,PITRCK,Relocate 2024,9/24/2024,After,230000111570,1,Riffle 1,32,218,94,50,128,2142,Cobble,SC2,1,1,0,0,Trimble,
50792,2806227.34,1266601.47,7457.89,PITRCK,Relocate 2024,9/24/2024,After,230000111716,1,Riffle 1,32,129,116,60,128,1338,Cobble,SC2,0,1,0,0,Trimble,
50793,2806225.42,1266607.87,7458.57,PITRCK,Relocate 2024,9/24/2024,After,230000111507,1,Riffle 1,32,331,236,143,256,11400,Cobble,LC2,1,0,0,0,Trimble,
50795,2806219.4,1266616.72,7458.17,PITRCK,Relocate 2024,9/24/2024,After,230000111594,1,Riffle 1,32,135,67,55,90,911,Cobble,SC1,0,0,0,1,Trimble,
50797,2806221.94,1266628.97,7458.4,PITRCK,Relocate 2024,9/24/2024,After,230000111567,1,Riffle 1,32,128,104,33,90,645,Cobble,SC1,0,0,0,1,Trimble,
50799,2806148.92,1266610.84,7458.49,PITRCK,Relocate 2024,9/24/2024,After,230000111648,1,Riffle 1,32,101,88,34,90,508,Cobble,SC1,0,0,0,1,Trimble,
50800,2804575.76,1266602.81,7454.97,PITRCK,Relocate 2024,9/24/2024,After,230000111599,2A,Riffle 2A,32,135,120,75,128,1877,Cobble,SC2,1,0,0,0,Trimble,
50801,2803567.14,1266622.98,7448.45,PITRCK,Relocate 2024,9/24/2024,After,228000607528,2A,Riffle 2A,23,84,69,41,64,409,Gravel,VCG2,0,0,0,1,Trimble, Approximate recap location.
50802,2804567.28,1266592.78,7454.54,PITRCK,Relocate 2024,9/24/2024,After,230000111738,2A,Riffle 2A,32,140,110,77,128,1999,Cobble,SC2,1,1,0,0,Trimble,
50804,2803117.77,1266475.2,7448.7,PITRCK,Relocate 2024,9/24/2024,After,228000607576,2A,Riffle 2A,23,104,64,43,64,599,Gravel,VCG2,1,0,0,1,Trimble,
50805,2804614.44,1266585.85,7454.83,PITRCK,Relocate 2024,9/24/2024,After,230000111634,2A,Riffle 2A,32,367,215,128,256,16700,Cobble,LC2,1,0,0,0,Trimble,
50807,2803614.74,1266656.69,7448.45,PITRCK,Relocate 2024,9/24/2024,After,230000111658,2A,Riffle 2A,32,90,83,56,90,732,Cobble,SC1,1,0,0,0,Trimble,
50809,2804495.513,1266566.166,NA,PITRCK,Relocate 2024,9/24/2024,After,228000607558,2A,Riffle 2A,23,88,73,38,64,444,Gravel,VCG2,0,0,0,0,Mobile,M34 Detection Only. 
50811,2804626.5,1266556.36,7456.21,PITRCK,Relocate 2024,9/24/2024,After,230000111645,2A,Riffle 2A,32,134,101,91,128,2037,Cobble,SC2,1,0,0,0,Trimble,
50812,2804604.58,1266552.81,7456.02,PITRCK,Relocate 2024,9/24/2024,After,228000607564,2A,Riffle 2A,23,108,64,45,64,477,Gravel,VCG2,1,0,0,0,Trimble,
50814,2804603.93,1266563.64,7455.43,PITRCK,Relocate 2024,9/24/2024,After,230000111719,2A,Riffle 2A,32,165,110,61,128,1712,Cobble,SC2,0,0,0,0,Trimble,
50816,2802850.65,1266275.04,7448.65,PITRCK?,Relocate 2024,9/24/2024,After,228000607506,2A,Riffle 2A,23,87,72,35,64,423,Gravel,VCG2,0,0,0,0,Trimble,Survey Point 146502. 
50817,2803790.37,1266665.66,7448.77,PITRCK,Relocate 2024,9/24/2024,After,230000111694,2A,Riffle 2A,32,150,109,88,128,1738,Cobble,SC2,1,0,0,0,Trimble,
50818,2804600.25,1266586.93,7454.75,PITRCK,Relocate 2024,9/24/2024,After,230000111729,2A,Riffle 2A,32,346,280,115,>256,21300,Boulder,SB1,0,0,0,0,Trimble,
50819,2803784.89,1266659.78,7448.76,PITRCK,Relocate 2024,9/24/2024,After,230000111660,2A,Riffle 2A,32,112,87,57,90,727,Cobble,SC1,1,0,0,1,Trimble,
50821,2804578.32,1266600.87,7455.07,PITRCK,Relocate 2024,9/24/2024,After,230000111629,2A,Riffle 2A,32,155,132,54,128,1834,Cobble,SC2,1,0,0,0,Trimble,
50822,2804452.07,1266569.66,7453.42,PITRCK,Relocate 2024,9/24/2024,After,226001370257,2A,Riffle 2A,12,26,20,9,16,4.179,Gravel,MG2,1,0,0,1,Trimble,
50823,2803326.65,1266565.48,7448.93,PITRCK,Relocate 2024,9/24/2024,After,230000111718,2A,Riffle 2A,32,85,72,57,90,509,Cobble,SC1,1,0,0,0,Trimble,
50825,2804573.74,1266610.26,7455.3,PITRCK,Relocate 2024,9/24/2024,After,230000111603,2A,Riffle 2A,32,181,125,100,128,3827,Cobble,SC2,0,0,0,0,Trimble,
50826,2803866.44,1266671.17,7450.33,PITRCK,Relocate 2024,9/24/2024,After,231000039788,2A,Riffle 2A,14,51,36,18,32,65,Gravel,CG2,1,0,0,1,Trimble,
50827,2804554.82,1266592.03,7454.49,PITRCK,Relocate 2024,9/24/2024,After,230000111605,2A,Riffle 2A,32,140,121,59,128,1380,Cobble,SC2,0,0,0,0,Trimble,
50828,2804572.6,1266594.15,7455.32,PITRCK,Relocate 2024,9/24/2024,After,230000111515,2A,Riffle 2A,32,395,265,205,362,27100,Boulder,SB1,1,0,0,0,Trimble,
50829,2804564.74,1266582.15,7454.46,PITRCK,Relocate 2024,9/24/2024,After,230000111586,2A,Riffle 2A,32,135,97,68,128,1766,Cobble,SC2,1,0,0,0,Trimble,
50830,2803112.08,1266390.12,7449.05,PITRCK,Relocate 2024,9/24/2024,After,230000111583,2A,Riffle 2A,32,85,61,55,90,493,Cobble,SC1,1,0,0,0,Trimble,
50832,2804543.24,1266564.09,7454.44,PITRCK,Relocate 2024,9/24/2024,After,230000111547,2A,Riffle 2A,32,168,111,53,90,1488,Cobble,SC1,1,0,0,0,Trimble,
50835,2803959.02,1266624.54,7451.71,PITRCK,Relocate 2024,9/24/2024,After,230000111671,2A,Riffle 2A,32,110,93,42,90,657,Cobble,SC1,1,0,0,1,Trimble,
50836,2804576.89,1266551.26,7455.33,PITRCK,Relocate 2024,9/24/2024,After,230000111621,2A,Riffle 2A,32,118,79,65,90,1151,Cobble,SC1,0,0,0,0,Trimble,
50837,2804509.88,1266596.25,7455.8,PITRCK,Relocate 2024,9/24/2024,After,230000111657,2A,Riffle 2A,32,100,72,42,64,379,Gravel,VCG2,1,0,0,0,Trimble,
50839,2804519.62,1266585.13,7454.82,PITRCK,Relocate 2024,9/24/2024,After,230000111709,2A,Riffle 2A,32,201,182,58,180,3584,Cobble,LC1,1,0,0,0,Trimble,
50840,2803868.54,1266660.74,7450.53,PITRCK,Relocate 2024,9/24/2024,After,231000039715,2A,Riffle 2A,14,61,31,17,32,42,Gravel,CG2,1,0,0,1,Trimble,
50842,2803796.613,1266674.775,NA,PITRCK,Relocate 2024,9/24/2024,After,230000111732,2A,Riffle 2A,32,210,158,107,180,3929,Cobble,LC1,0,0,0,0,Mobile,M34 Detection Only. 
50843,2804525,1266563.08,7454.07,PITRCK,Relocate 2024,9/24/2024,After,230000111587,2A,Riffle 2A,32,320,235,105,256,11600,Cobble,LC2,1,0,0,0,Trimble,
50844,2803657.67,1266626.27,7448.41,PITRCK,Relocate 2024,9/24/2024,After,228000607539,2A,Riffle 2A,23,110,63,31,64,372,Gravel,VCG2,1,0,0,0,Trimble,
50845,2804496.16,1266541.93,7453.21,PITRCK,Relocate 2024,9/24/2024,After,230000111602,2A,Riffle 2A,32,178,155,48,180,2087,Cobble,LC1,1,0,0,0,Trimble,
50847,2804489.98,1266541.91,7453.05,PITRCK,Relocate 2024,9/24/2024,After,228000607569,2A,Riffle 2A,23,99,78,44,64,493,Gravel,VCG2,1,0,0,0,Trimble,
50848,2803575.08,1266619.59,7448.39,PITRCK,Relocate 2024,9/24/2024,After,228000607561,2A,Riffle 2A,23,106,53,49,64,350,Gravel,VCG2,1,0,0,0,Trimble,
50849,2804515.43,1266536.01,7454.96,PITRCK,Relocate 2024,9/24/2024,After,228000607547,2A,Riffle 2A,23,80,70,43,64,370,Gravel,VCG2,1,0,0,0,Trimble,
50850,2804253.34,1266614.14,7453.75,PITRCK,Relocate 2024,9/24/2024,After,228000607511,2B,Riffle 2B,23,120,75,50,64,466,Gravel,VCG2,0,0,0,1,Trimble, Approximate recap location.
50851,2804251.34,1266610.42,7453.39,PITRCK,Relocate 2024,9/24/2024,After,228000607570,2B,Riffle 2B,23,75,63,48,64,338,Gravel,VCG2,1,0,0,1,Trimble,
50852,2804234.46,1266614.19,7453.75,PITRCK,Relocate 2024,9/24/2024,After,231000039736,2B,Riffle 2B,14,49,36,20,32,55.5,Gravel,CG2,1,0,0,1,Trimble,
50853,2803768.79,1266651.14,7448.38,PITRCK,Relocate 2024,9/24/2024,After,230000111669,2B,Riffle 2B,32,151,137,65,128,2083,Cobble,SC2,0,0,0,1,Trimble, Approximate recap location.
50854,2803530.22,1266641.3,7448.57,PITRCK,Relocate 2024,9/24/2024,After,230000111584,2B,Riffle 2B,32,145,141,67,128,2105,Cobble,SC2,1,0,0,1,Trimble, Approximate recap location.
50855,2803790.85,1266630.84,7448.64,PITRCK,Relocate 2024,9/24/2024,After,230000298004,2B,Riffle 2B,32,285,182,120,256,11600,Cobble,LC2,1,0,0,0,Trimble,
50856,2803471.4,1266663.62,7449,PITRCK,Relocate 2024,9/24/2024,After,228000607554,2B,Riffle 2B,23,81,64,30,64,213,Gravel,VCG2,1,0,0,1,Trimble, Approximate recap location.
50857,2803807.48,1266652.94,7449.13,PITRCK,Relocate 2024,9/24/2024,After,230000111568,2B,Riffle 2B,32,133,87,49,90,784,Cobble,SC1,1,0,0,1,Trimble, Approximate recap location.
50859,2803938.22,1266623.01,7451.33,PITRCK,Relocate 2024,9/24/2024,After,231000039740,2B,Riffle 2B,14,50,33,20,32,41,Gravel,CG2,1,0,0,1,Trimble,
50860,2803749.682,1266651.103,NA,PITRCK,Relocate 2024,9/24/2024,After,209000133190,2B,Riffle 2B,23,84,64,35,64,376.5,Gravel,VCG2,0,0,0,0,Mobile,"M34 Detection. Replacement rock for 228000607545, which was previously deployed in riffle 2 but NEVER RECOVERED"
50862,2803694.35,1266666.42,7448.2,PITRCK,Relocate 2024,9/24/2024,After,228000607527,2B,Riffle 2B,23,70,74,55,64,425,Gravel,VCG2,1,0,0,0,Trimble,
50863,2803547.71,1266645.05,7448.62,PITRCK,Relocate 2024,9/24/2024,After,230000111606,2B,Riffle 2B,32,147,108,64,128,1636,Cobble,SC2,1,0,0,0,Trimble,
50865,2803825.98,1266657.84,7450.26,PITRCK,Relocate 2024,9/24/2024,After,230000111572,2B,Riffle 2B,32,162,104,67,128,1710,Cobble,SC2,1,0,0,0,Trimble,
50867,2803516.68,1266659.98,7448.31,PITRCK,Relocate 2024,9/24/2024,After,230000298005,2B,Riffle 2B,32,183,158,100,256,4300,Cobble,LC2,0,0,0,1,Trimble, Approximate recap location.
50868,2804146.52,1266631.66,7453.02,PITRCK,Relocate 2024,9/24/2024,After,230000111522,2B,Riffle 2B,32,295,250,174,256,16100,Cobble,LC2,0,1,0,0,Trimble,
50869,2803118.49,1266449.55,7449.78,PITRCK,Relocate 2024,9/24/2024,After,228000607504,2B,Riffle 2B,23,77,65,40,64,362,Gravel,VCG2,1,0,0,1,Trimble,
50870,2802722.98,1266159.33,7447.49,PITRCK?,Relocate 2024,9/24/2024,After,228000607514,2B,Riffle 2B,23,139,64,54,64,813,Gravel,VCG2,0,0,0,0,Mobile,M34 Detection. 
50871,2803754.71,1266647,7448.35,PITRCK,Relocate 2024,9/24/2024,After,230000111504,2B,Riffle 2B,32,166,128,81,128,2127,Cobble,SC2,0,0,0,1,Trimble, Approximate recap location.
50874,2803122.93,1266464.18,7448.76,PITRCK,Relocate 2024,9/24/2024,After,228000607540,2B,Riffle 2B,23,100,67,46,64,506,Gravel,VCG2,1,0,0,1,Trimble, Approximate recap location.
50875,2803145.47,1266458.17,7448.02,PITRCK,Relocate 2024,9/24/2024,After,228000607526,2B,Riffle 2B,23,117,74,43,64,561,Gravel,VCG2,1,0,0,1,Trimble, Approximate recap location.
50876,2804171.16,1266637.54,7453.5,PITRCK,Relocate 2024,9/24/2024,After,230000298012,2B,Riffle 2B,32,193,120,84,256,4900,Cobble,LC2,1,0,0,0,Trimble,
50878,2804190.46,1266621.47,7453.72,PITRCK,Relocate 2024,9/24/2024,After,230000111666,2B,Riffle 2B,32,321,290,200,>256,18300,Boulder,SB1,0,0,0,0,Trimble,
50879,2803095.265,1266474.142,NA,PITRCK,Relocate 2024,9/24/2024,After,228000607572,2B,Riffle 2B,23,75,68,37,64,300,Gravel,VCG2,0,0,0,0,Mobile,M34 Detection Only. 
50880,2803651.37,1266642.54,7448.57,PITRCK,Relocate 2024,9/24/2024,After,230000111705,2B,Riffle 2B,32,160,84,69,90,1747,Cobble,SC1,1,0,0,0,Trimble,
50883,2804003.55,1266655.93,7451.43,PITRCK,Relocate 2024,9/24/2024,After,230000111508,2B,Riffle 2B,32,256,214,190,256,16900,Cobble,LC2,1,0,0,0,Trimble,
50885,2803846.1,1266650.86,7450.05,PITRCK,Relocate 2024,9/24/2024,After,230000111703,2B,Riffle 2B,32,114,85,37,90,604,Cobble,SC1,1,0,0,1,Trimble, Approximate recap location.
50887,2802849.2,1266239.1,7447.61,PITRCK,Relocate 2024,9/24/2024,After,230000111696,2B,Riffle 2B,32,103,89,59,90,759,Cobble,SC1,1,0,0,1,Trimble, Approximate recap location.
50891,2803441.12,1266630.77,7448.29,PITRCK,Relocate 2024,9/24/2024,After,230000111604,2B,Riffle 2B,32,195,62,56,90,1437,Cobble,SC1,1,0,0,1,Trimble, Approximate recap location.
50893,2804144.99,1266630.25,7453.22,PITRCK,Relocate 2024,9/24/2024,After,230000111726,2B,Riffle 2B,32,330,285,138,362,32000,Boulder,SB1,0,0,0,0,Trimble,
50894,2803279.76,1266545.24,7448.9,PITRCK,Relocate 2024,9/24/2024,After,230000111681,2B,Riffle 2B,32,100,65,55,90,572,Cobble,SC1,1,0,0,1,Trimble,
50895,2803780.61,1266640.03,7448.29,PITRCK,Relocate 2024,9/24/2024,After,230000111638,2B,Riffle 2B,32,165,133,106,128,3239,Cobble,SC2,1,0,0,1,Trimble, Approximate recap location.
50897,2803464.74,1266629.19,7448.2,PITRCK,Relocate 2024,9/24/2024,After,230000111673,2B,Riffle 2B,32,139,96,75,128,1437,Cobble,SC2,1,0,0,1,Trimble, Approximate recap location.
50899,2804171.33,1266643.08,7453.9,PITRCK,Relocate 2024,9/24/2024,After,230000111664,2B,Riffle 2B,32,116,88,67,90,904,Cobble,SC1,1,0,0,0,Trimble,
50900,2805198.16,1266508.89,7457.85,PITRCK,Relocate 2024,9/24/2024,After,209000133204,GA1,Gravel Augmentation,23,66,55,45,64,207.5,Gravel,VCG2,1,0,0,0,Trimble,
50901,2805209.21,1266503.73,7457.62,PITRCK,Relocate 2024,9/24/2024,After,231000039712,GA1,Gravel Augmentation,14,45,36,25,32,54.5,Gravel,CG2,1,0,0,0,Trimble,
50902,2805214.9,1266496.86,7457.63,PITRCK,Relocate 2024,9/24/2024,After,209000133209,GA1,Gravel Augmentation,23,124,118,87,128,1659.5,Cobble,SC2,0,0,0,0,Trimble,
50903,2805192.02,1266516.49,7456.79,PITRCK,Relocate 2024,9/24/2024,After,209000133181,GA1,Gravel Augmentation,23,115,81,58,90,893,Cobble,SC1,1,0,0,0,Trimble,
50905,2805185.87,1266503.11,7457.69,PITRCK,Relocate 2024,9/24/2024,After,230000298006,GA1,Gravel Augmentation,32,264,167,82,256,8600,Cobble,LC2,1,0,0,0,Trimble,
50906,2805177.86,1266497.94,7454.96,PITRCK,Relocate 2024,9/24/2024,After,209000133155,GA1,Gravel Augmentation,23,118,85,39,90,868,Cobble,SC1,1,0,0,0,Trimble,
50908,2805162.01,1266514.7,7456.9,PITRCK,Relocate 2024,9/24/2024,After,209000133126,GA1,Gravel Augmentation,23,196,92,78,128,2591,Cobble,SC2,1,0,0,0,Trimble,
50909,2805158.4,1266509.75,7455.36,PITRCK,Relocate 2024,9/24/2024,After,209000133194,GA1,Gravel Augmentation,23,85,66,42,64,348,Gravel,VCG2,1,0,0,0,Trimble,
50910,2804793.89,1266584.56,7454.11,PITRCK,Relocate 2024,9/24/2024,After,209000133134,GA2,Gravel Augmentation,23,63,51,34,64,157,Gravel,VCG2,0,0,0,1,Trimble, Approximate recap location.
50912,2803750.73,1266647.38,7448.79,PITRCK,Relocate 2024,9/24/2024,After,209000133192,GA2,Gravel Augmentation,32,117,105,60,128,1101,Cobble,SC2,1,0,0,0,Trimble,
50919,2803709.71,1266658.12,7448.37,PITRCK,Relocate 2024,9/24/2024,After,209000133137,GA4,Gravel Augmentation,23,165,74,64,90,1338.5,Cobble,SC1,1,0,0,0,Trimble,
50920,2804135.55,1266641.11,7452.73,PITRCK,Relocate 2024,9/24/2024,After,209000133179,GA4,Gravel Augmentation,23,84,58,47,64,371,Gravel,VCG2,1,0,0,0,Trimble,
50921,2804482.96,1266576.41,7454.21,PITRCK,Relocate 2024,9/24/2024,After,209000133147,GA5,Gravel Augmentation,23,65,61,41,64,265.5,Gravel,VCG2,1,0,0,1,Trimble, Approximate recap location.
50922,2804657.03,1266599.67,7454.96,PITRCK,Relocate 2024,9/24/2024,After,230000298016,GA5,Gravel Augmentation,32,250,175,98,256,9700,Cobble,LC2,1,0,0,0,Trimble,
50924,2804584.39,1266590.95,7454.79,PITRCK,Relocate 2024,9/24/2024,After,209000133187,GA5,Gravel Augmentation,23,95,94,40,90,630.5,Cobble,SC1,1,0,0,0,Trimble,
50925,2802752.13,1266217.65,7445.32,PITRCK?,Relocate 2024,9/24/2024,After,209000133183,GA6,Gravel Augmentation,23,81,57,46,64,332,Gravel,VCG2,0,0,0,0,Mobile,"from M34, survey = 146503. "
50926,2804173.79,1266623.61,7452.78,PITRCK,Relocate 2024,9/24/2024,After,209000133110,GA6,Gravel Augmentation,23,131,92,72,128,1429,Cobble,SC2,0,1,0,0,Trimble,
50928,2804367.67,1266553.38,7452.89,PITRCK,Relocate 2024,9/24/2024,After,209000133191,GA6,Gravel Augmentation,23,92,52,50,64,543,Gravel,VCG2,1,0,0,1,Trimble,
50929,2804188.61,1266604.09,7452.92,PITRCK,Relocate 2024,9/24/2024,After,209000133151,GA6,Gravel Augmentation,23,90,58,40,64,295.5,Gravel,VCG2,1,0,0,1,Trimble,
50935,2803141.524,1266412.939,NA,PITRCK,Relocate 2024,9/24/2024,After,226001370259,Overflow 1A,Gravel Augmentation,12,22,17,10,16,4.273,Gravel,MG2,0,0,0,0,Mobile,M34 Detection Only. 
50939,2802889.92,1266288.08,7448.8,PITRCK,Relocate 2024,9/24/2024,After,226001370204,Overflow 1A,Gravel Augmentation,12,21,18,10,16,5.067,Gravel,MG2,1,0,0,1,Trimble,
50951,2803123.51,1266408.45,7448.73,PITRCK,Relocate 2024,9/24/2024,After,231000039766,GA7,Gravel Augmentation,14,38,35,26,32,44,Gravel,CG2,1,0,0,1,Trimble, Approximate recap location.
50952,2803478.23,1266595.34,7451.12,PITRCK,Relocate 2024,9/24/2024,After,230000111608,GA7,Gravel Augmentation,32,160,123,71,128,2236,Cobble,SC2,1,1,0,0,Trimble,
50954,2803091.75,1266382.53,7448.81,PITRCK,Relocate 2024,9/24/2024,After,209000132730,GA9,Gravel Augmentation,23,213,165,116,180,6700,Cobble,LC1,1,0,0,0,Trimble,
50956,2803095.78,1266397.8,7450.12,PITRCK,Relocate 2024,9/24/2024,After,230000111711,GA9,Gravel Augmentation,32,155,106,45,128,990,Cobble,SC2,1,0,0,0,Trimble,
50959,2803036.84,1266435.56,7449.17,PITRCK,Relocate 2024,9/24/2024,After,230000111611,GA8,Gravel Augmentation,32,105,76,43,90,548,Cobble,SC1,1,0,0,1,Trimble,
50962,2802562.45,1266085.26,7447.05,PITRCK,Relocate 2024,9/24/2024,After,228000607519,GA11,Gravel Augmentation,23,81,64,41,64,437,Gravel,VCG2,1,1,0,0,Trimble,
50964,2802576.73,1266071.96,7447.39,PITRCK,Relocate 2024,9/24/2024,After,230000111502,GA11,Gravel Augmentation,32,148,121,63,128,2125,Cobble,SC2,1,0,0,0,Trimble,
50966,2801639.26,1265852.35,7442.63,PITRCK,Relocate 2024,9/24/2024,After,228000607500,GA10,Gravel Augmentation,23,102,64,55,64,373,Gravel,VCG2,1,0,0,1,Trimble,
50967,2802591.97,1266171.56,7449.03,PITRCK,Relocate 2024,9/24/2024,After,209000132759,GA10,Gravel Augmentation,23,185,175,98,180,5000,Cobble,LC1,1,0,0,0,Trimble,
50971,2802011.82,1265835.48,7443.43,PITRCK,Relocate 2024,9/24/2024,After,230000111553,GA12,Gravel Augmentation,32,144,123,55,128,1551,Cobble,SC2,1,0,0,0,Trimble,
51000,2808424.05,1266599.85,7466.83,PITRCK,Deploy 2024_10,10/16/2024,After,230000111676,0,Riffle 0,32,145,84,71,90,1337,Cobble,SC1,NA,NA,NA,NA,Trimble,
51001,2808426.36,1266591.78,7466.51,PITRCK,Deploy 2024_10,10/16/2024,After,228000607556,0,Riffle 0,23,51,49,46,64,159,Gravel,VCG2,NA,NA,NA,NA,Trimble,
51002,2808426.44,1266584.62,7465.59,PITRCK,Deploy 2024_10,10/16/2024,After,230000111531,0,Riffle 0,32,123,113,67,128,1519,Cobble,SC2,NA,NA,NA,NA,Trimble,
51003,2808426.36,1266578.56,7466.43,PITRCK,Deploy 2024_10,10/16/2024,After,209000132800,0,Riffle 0,23,285,220,197,>256,24100,Boulder,SB1,NA,NA,NA,NA,Trimble,
51004,2808427.64,1266573.47,7465.77,PITRCK,Deploy 2024_10,10/16/2024,After,228000607510,0,Riffle 0,23,82,65,40,64,401,Gravel,VCG2,NA,NA,NA,NA,Trimble,
51005,2808428.22,1266568.56,7466.08,PITRCK,Deploy 2024_10,10/16/2024,After,209000132794,0,Riffle 0,23,129,126,110,180,3000,Cobble,LC1,NA,NA,NA,NA,Trimble,
51006,2808430.14,1266563.02,7465.86,PITRCK,Deploy 2024_10,10/16/2024,After,230000111651,0,Riffle 0,32,117,111,49,90,767,Cobble,SC1,NA,NA,NA,NA,Trimble,
51007,2808432.01,1266557.99,7466.1,PITRCK,Deploy 2024_10,10/16/2024,After,231000039742,0,Riffle 0,14,36,36,26,45,84,Gravel,VCG1,NA,NA,NA,NA,Trimble,
51008,2808432.91,1266552.84,7466.24,PITRCK,Deploy 2024_10,10/16/2024,After,230000111715,0,Riffle 0,32,168,117,70,128,2178,Cobble,SC2,NA,NA,NA,NA,Trimble,
51009,2808434.44,1266546.87,7466.1,PITRCK,Deploy 2024_10,10/16/2024,After,209000133171,0,Riffle 0,23,46,44,24,45,55,Gravel,VCG1,NA,NA,NA,NA,Trimble,
51010,2808434.86,1266542.87,7466.2,PITRCK,Deploy 2024_10,10/16/2024,After,230000111521,0,Riffle 0,32,203,83,83,90,2179,Cobble,SC1,NA,NA,NA,NA,Trimble,
51011,2808435.44,1266538.9,7465.83,PITRCK,Deploy 2024_10,10/16/2024,After,226001370295,0,Riffle 0,12,50,35,21,32,44,Gravel,CG2,NA,NA,NA,NA,Trimble,
51012,2808435.86,1266533.91,7466.34,PITRCK,Deploy 2024_10,10/16/2024,After,230000111714,0,Riffle 0,32,152,118,46,128,1749,Cobble,SC2,NA,NA,NA,NA,Trimble,
51013,2808436.49,1266529.15,7466.25,PITRCK,Deploy 2024_10,10/16/2024,After,226001370301,0,Riffle 0,12,26,18,10,16,6,Gravel,MG2,NA,NA,NA,NA,Trimble,
51014,2808436.86,1266524.91,7466.75,PITRCK,Deploy 2024_10,10/16/2024,After,230000111516,0,Riffle 0,32,126,96,79,128,1425,Cobble,SC2,NA,NA,NA,NA,Trimble,"used to be in riffle 1, now gravel aug"
51015,2808437.24,1266519.66,7466.71,PITRCK,Deploy 2024_10,10/16/2024,After,226001370381,0,Riffle 0,12,21,20,12,22.6,6.5,Gravel,CG1,NA,NA,NA,NA,Trimble,
51016,2808437.8,1266514.27,7467.01,PITRCK,Deploy 2024_10,10/16/2024,After,226001370287,0,Riffle 0,12,40,37,24,32,36,Gravel,CG2,NA,NA,NA,NA,Trimble,
51017,2808438.12,1266508.56,7467.33,PITRCK,Deploy 2024_10,10/16/2024,After,230000111525,0,Riffle 0,32,104,86,46,90,837,Cobble,SC1,NA,NA,NA,NA,Trimble,
51018,2808436.79,1266501.89,7467.35,PITRCK,Deploy 2024_10,10/16/2024,After,226001370245,0,Riffle 0,12,43,38,22,32,39,Gravel,CG2,NA,NA,NA,NA,Trimble,
51019,2808436.59,1266495.87,7467.62,PITRCK,Deploy 2024_10,10/16/2024,After,228000607551,0,Riffle 0,23,92,72,43,64,477,Gravel,VCG2,NA,NA,NA,NA,Trimble,
51020,2808416.51,1266498.71,7467.38,PITRCK,Deploy 2024_10,10/16/2024,After,226001370357,0,Riffle 0,12,32,21,12,22.6,9.5,Gravel,CG1,NA,NA,NA,NA,Trimble,
51021,2808416.39,1266504.47,7467.42,PITRCK,Deploy 2024_10,10/16/2024,After,209000133207,0,Riffle 0,23,120,69,56,90,768.5,Cobble,SC1,NA,NA,NA,NA,Trimble,
51022,2808416.21,1266510.7,7466.99,PITRCK,Deploy 2024_10,10/16/2024,After,226001370290,0,Riffle 0,12,48,31,23,32,53.5,Gravel,CG2,NA,NA,NA,NA,Trimble,
51023,2808415.82,1266515.69,7466.83,PITRCK,Deploy 2024_10,10/16/2024,After,209000132719,0,Riffle 0,23,246,181,73,180,4900,Cobble,LC1,NA,NA,NA,NA,Trimble,
51024,2808416.08,1266522.55,7466.3,PITRCK,Deploy 2024_10,10/16/2024,After,226001370238,0,Riffle 0,12,45,25,13,22.6,22.5,Gravel,CG1,NA,NA,NA,NA,Trimble,
51025,2808415.6,1266528.26,7466.35,PITRCK,Deploy 2024_10,10/16/2024,After,209000132778,0,Riffle 0,23,175,147,98,180,4500,Cobble,LC1,NA,NA,NA,NA,Trimble,
51026,2808414.97,1266535.28,7465.79,PITRCK,Deploy 2024_10,10/16/2024,After,226001370393,0,Riffle 0,12,31,17,12,16,9.5,Gravel,MG2,NA,NA,NA,NA,Trimble,
51027,2808413.87,1266540.89,7466.11,PITRCK,Deploy 2024_10,10/16/2024,After,230000111595,0,Riffle 0,32,158,98,49,90,939,Cobble,SC1,NA,NA,NA,NA,Trimble,
51028,2808413.44,1266545.12,7465.95,PITRCK,Deploy 2024_10,10/16/2024,After,226001370302,0,Riffle 0,12,28,18,10,22.6,7.5,Gravel,CG1,NA,NA,NA,NA,Trimble,
51029,2808412.54,1266550.11,7465.98,PITRCK,Deploy 2024_10,10/16/2024,After,228000607536,0,Riffle 0,23,70,68,51,64,373,Gravel,VCG2,NA,NA,NA,NA,Trimble,
51030,2808411.98,1266554.21,7466.08,PITRCK,Deploy 2024_10,10/16/2024,After,230000111741,0,Riffle 0,32,148,100,84,128,1958,Cobble,SC2,NA,NA,NA,NA,Trimble,
51031,2808412.24,1266559.09,7466.5,PITRCK,Deploy 2024_10,10/16/2024,After,209000132717,0,Riffle 0,23,318,176,124,180,9300,Cobble,LC1,NA,NA,NA,NA,Trimble,
51032,2808412.02,1266564.01,7465.75,PITRCK,Deploy 2024_10,10/16/2024,After,226001370384,0,Riffle 0,12,27,20,10,22.6,8,Gravel,CG1,NA,NA,NA,NA,Trimble,
51033,2808411.45,1266568.09,7466.14,PITRCK,Deploy 2024_10,10/16/2024,After,209000133200,0,Riffle 0,23,56,45,32,64,174,Gravel,VCG2,NA,NA,NA,NA,Trimble,
51034,2808410.42,1266572.11,7466.54,PITRCK,Deploy 2024_10,10/16/2024,After,231000039719,0,Riffle 0,14,57,39,19,45,74.5,Gravel,VCG1,NA,NA,NA,NA,Trimble,
51035,2808409.71,1266576.05,7465.78,PITRCK,Deploy 2024_10,10/16/2024,After,230000111623,0,Riffle 0,32,136,109,36,90,858,Cobble,SC1,NA,NA,NA,NA,Trimble,
51036,2808408.57,1266581.2,7465.68,PITRCK,Deploy 2024_10,10/16/2024,After,226001370336,0,Riffle 0,12,26,15,13,16,7,Gravel,MG2,NA,NA,NA,NA,Trimble,
51037,2808407.55,1266586.54,7466.25,PITRCK,Deploy 2024_10,10/16/2024,After,230000111544,0,Riffle 0,32,86,73,51,90,518,Cobble,SC1,NA,NA,NA,NA,Trimble,
51038,2808406.35,1266593.29,7466.62,PITRCK,Deploy 2024_10,10/16/2024,After,226001370371,0,Riffle 0,12,25,23,13,22.6,7,Gravel,CG1,NA,NA,NA,NA,Trimble,
51039,2808404.96,1266599.93,7467.12,PITRCK,Deploy 2024_10,10/16/2024,After,230000111722,0,Riffle 0,32,81,59,42,64,385,Gravel,VCG2,NA,NA,NA,NA,Trimble,
51040,2808384.77,1266601.63,7467.1,PITRCK,Deploy 2024_10,10/16/2024,After,226001370307,0,Riffle 0,12,97,76,26,64,274.5,Gravel,VCG2,NA,NA,NA,NA,Trimble,
51041,2808385.33,1266596.34,7466.77,PITRCK,Deploy 2024_10,10/16/2024,After,226001370399,0,Riffle 0,12,42,26,23,32,33.5,Gravel,CG2,NA,NA,NA,NA,Trimble,
51042,2808385.64,1266590.78,7466.67,PITRCK,Deploy 2024_10,10/16/2024,After,228000607559,0,Riffle 0,23,63,54,45,64,235,Gravel,VCG2,NA,NA,NA,NA,Trimble,
51043,2808387.4,1266585.2,7466.42,PITRCK,Deploy 2024_10,10/16/2024,After,228000607501,0,Riffle 0,23,78,52,34,64,212,Gravel,VCG2,NA,NA,NA,NA,Trimble,
51044,2808387.64,1266580.26,7466.05,PITRCK,Deploy 2024_10,10/16/2024,After,228000607562,0,Riffle 0,23,74,50,36,45,173,Gravel,VCG1,NA,NA,NA,NA,Trimble,
51045,2808389.01,1266574.66,7465.94,PITRCK,Deploy 2024_10,10/16/2024,After,209000133128,0,Riffle 0,23,65,41,25,45,73,Gravel,VCG1,NA,NA,NA,NA,Trimble,
51046,2808389.83,1266570.33,7465.94,PITRCK,Deploy 2024_10,10/16/2024,After,226001370251,0,Riffle 0,12,49,32,16,32,32.5,Gravel,CG2,NA,NA,NA,NA,Trimble,
51047,2808391.52,1266565.47,7466.53,PITRCK,Deploy 2024_10,10/16/2024,After,209000132724,0,Riffle 0,23,214,160,80,180,4700,Cobble,LC1,NA,NA,NA,NA,Trimble,
51048,2808392.46,1266561.27,7466.12,PITRCK,Deploy 2024_10,10/16/2024,After,226001370362,0,Riffle 0,12,25,18,15,22.6,8,Gravel,CG1,NA,NA,NA,NA,Trimble,
51049,2808394.96,1266556.21,7466.61,PITRCK,Deploy 2024_10,10/16/2024,After,209000132728,0,Riffle 0,23,336,224,183,>256,26700,Boulder,SB1,NA,NA,NA,NA,Trimble,
51050,2808395.94,1266551.23,7465.62,PITRCK,Deploy 2024_10,10/16/2024,After,226001370239,0,Riffle 0,12,46,33,19,45,76,Gravel,VCG1,NA,NA,NA,NA,Trimble,
51051,2808396.07,1266547.07,7465.84,PITRCK,Deploy 2024_10,10/16/2024,After,230000111532,0,Riffle 0,32,134,126,67,128,1534,Cobble,SC2,NA,NA,NA,NA,Trimble,
51052,2808396.37,1266542.07,7465.82,PITRCK,Deploy 2024_10,10/16/2024,After,228000607566,0,Riffle 0,23,79,41,35,45,159,Gravel,VCG1,NA,NA,NA,NA,Trimble,
51053,2808396.1,1266537.04,7465.62,PITRCK,Deploy 2024_10,10/16/2024,After,226001370328,0,Riffle 0,12,28,17,16,22.6,10,Gravel,CG1,NA,NA,NA,NA,Trimble,
51054,2808395.82,1266532.06,7465.74,PITRCK,Deploy 2024_10,10/16/2024,After,226001370305,0,Riffle 0,12,66,33,18,32,55.5,Gravel,CG2,NA,NA,NA,NA,Trimble,
51055,2808396.08,1266526.96,7466.01,PITRCK,Deploy 2024_10,10/16/2024,After,230000111549,0,Riffle 0,32,82,76,75,90,643,Cobble,SC1,NA,NA,NA,NA,Trimble,
51056,2808395.92,1266520.65,7466.15,PITRCK,Deploy 2024_10,10/16/2024,After,226001370358,0,Riffle 0,12,38,24,19,32,29,Gravel,CG2,NA,NA,NA,NA,Trimble,
51057,2808395.55,1266515.42,7466.63,PITRCK,Deploy 2024_10,10/16/2024,After,230000111647,0,Riffle 0,32,170,140,55,128,2193,Cobble,SC2,NA,NA,NA,NA,Trimble,
51058,2808395.3,1266510.8,7466.68,PITRCK,Deploy 2024_10,10/16/2024,After,231000039778,0,Riffle 0,14,54,33,22,45,61,Gravel,VCG1,NA,NA,NA,NA,Trimble,
51059,2808394.9,1266505.33,7466.79,PITRCK,Deploy 2024_10,10/16/2024,After,226001370274,0,Riffle 0,12,39,29,19,32,31,Gravel,CG2,NA,NA,NA,NA,Trimble,
51060,2808344.25,1266596.28,7466.86,PITRCK,Deploy 2024_10,10/16/2024,After,209000132746,0,Riffle 0,23,226,175,143,>256,10700,Boulder,SB1,NA,NA,NA,NA,Trimble,
51061,2808345.23,1266591.1,7466.39,PITRCK,Deploy 2024_10,10/16/2024,After,226001370255,0,Riffle 0,12,29,19,14,16,8.435,Gravel,MG2,NA,NA,NA,NA,Trimble,
51062,2808346.2,1266586.32,7466.7,PITRCK,Deploy 2024_10,10/16/2024,After,230000111701,0,Riffle 0,32,144,135,89,128,2792,Cobble,SC2,NA,NA,NA,NA,Trimble,
51063,2808347.32,1266579.95,7465.77,PITRCK,Deploy 2024_10,10/16/2024,After,209000133124,0,Riffle 0,23,61,53,25,45,110.5,Gravel,VCG1,NA,NA,NA,NA,Trimble,
51064,2808347.91,1266574.46,7465.74,PITRCK,Deploy 2024_10,10/16/2024,After,230000111689,0,Riffle 0,32,141,84,37,90,888,Cobble,SC1,NA,NA,NA,NA,Trimble,"used to be in riffle 1, now gravel aug"
51065,2808348.39,1266569.27,7465.55,PITRCK,Deploy 2024_10,10/16/2024,After,230000111615,0,Riffle 0,32,134,115,42,128,986,Cobble,SC2,NA,NA,NA,NA,Trimble,
51066,2808349.45,1266564.07,7465.62,PITRCK,Deploy 2024_10,10/16/2024,After,230000111609,0,Riffle 0,32,104,76,53,90,580,Cobble,SC1,NA,NA,NA,NA,Trimble,
51067,2808349.96,1266560.35,7465.56,PITRCK,Deploy 2024_10,10/16/2024,After,230000111730,0,Riffle 0,32,120,114,65,128,1278,Cobble,SC2,NA,NA,NA,NA,Trimble,
51068,2808350.75,1266556.26,7465.5,PITRCK,Deploy 2024_10,10/16/2024,After,230000111577,0,Riffle 0,32,102,78,45,90,546,Cobble,SC1,NA,NA,NA,NA,Trimble,
51069,2808351.78,1266551.52,7465.7,PITRCK,Deploy 2024_10,10/16/2024,After,209000132718,0,Riffle 0,23,210,149,100,180,3500,Cobble,LC1,NA,NA,NA,NA,Trimble,
51070,2808353.01,1266546.98,7465.57,PITRCK,Deploy 2024_10,10/16/2024,After,228000607515,0,Riffle 0,23,61,57,54,64,362,Gravel,VCG2,NA,NA,NA,NA,Trimble,
51071,2808353.47,1266543.38,7465.65,PITRCK,Deploy 2024_10,10/16/2024,After,209000132788,0,Riffle 0,23,212,185,97,180,3800,Cobble,LC1,NA,NA,NA,NA,Trimble,
51072,2808354.76,1266538.21,7465.32,PITRCK,Deploy 2024_10,10/16/2024,After,226001370347,0,Riffle 0,12,24,20,15,22.6,9,Gravel,CG1,NA,NA,NA,NA,Trimble,
51073,2808356.07,1266533.17,7465.86,PITRCK,Deploy 2024_10,10/16/2024,After,230000111517,0,Riffle 0,32,142,136,46,128,1173,Cobble,SC2,NA,NA,NA,NA,Trimble,
51074,2808356.29,1266529.08,7465.55,PITRCK,Deploy 2024_10,10/16/2024,After,231000039772,0,Riffle 0,14,42,34,21,45,80.5,Gravel,VCG1,NA,NA,NA,NA,Trimble,
51075,2808356.27,1266523.73,7465.76,PITRCK,Deploy 2024_10,10/16/2024,After,226001370354,0,Riffle 0,12,24,19,13,16,5,Gravel,MG2,NA,NA,NA,NA,Trimble,
51076,2808356.66,1266518.23,7466.06,PITRCK,Deploy 2024_10,10/16/2024,After,230000111736,0,Riffle 0,32,155,109,66,128,1789,Cobble,SC2,NA,NA,NA,NA,Trimble,
51077,2808356.87,1266512.44,7466.21,PITRCK,Deploy 2024_10,10/16/2024,After,226001370279,0,Riffle 0,12,60,38,19,32,65.5,Gravel,CG2,NA,NA,NA,NA,Trimble,
51078,2808356.74,1266505.48,7466.16,PITRCK,Deploy 2024_10,10/16/2024,After,226001370323,0,Riffle 0,12,31,19,13,16,9,Gravel,MG2,NA,NA,NA,NA,Trimble,
51079,2808356.86,1266499.85,7466.7,PITRCK,Deploy 2024_10,10/16/2024,After,230000111618,0,Riffle 0,32,115,108,78,128,1109,Cobble,SC2,NA,NA,NA,NA,Trimble,
51080,2808338.2,1266498.06,7466.01,PITRCK,Deploy 2024_10,10/16/2024,After,209000133163,0,Riffle 0,23,61,56,41,64,218.5,Gravel,VCG2,NA,NA,NA,NA,Trimble,
51081,2808337.37,1266504.24,7465.95,PITRCK,Deploy 2024_10,10/16/2024,After,230000111556,0,Riffle 0,32,116,113,59,128,1187,Cobble,SC2,NA,NA,NA,NA,Trimble,
51082,2808336.67,1266509.14,7465.85,PITRCK,Deploy 2024_10,10/16/2024,After,226001370231,0,Riffle 0,12,35,34,20,32,32.5,Gravel,CG2,NA,NA,NA,NA,Trimble,
51083,2808336.1,1266513.88,7466.04,PITRCK,Deploy 2024_10,10/16/2024,After,230000111737,0,Riffle 0,32,169,138,82,128,2929,Cobble,SC2,NA,NA,NA,NA,Trimble,"used to be in riffle 1, now gravel aug"
51084,2808335.16,1266519.84,7465.72,PITRCK,Deploy 2024_10,10/16/2024,After,226001370209,0,Riffle 0,12,52,34,27,32,50.5,Gravel,CG2,NA,NA,NA,NA,Trimble,
51085,2808335.26,1266525.56,7465.7,PITRCK,Deploy 2024_10,10/16/2024,After,230000111642,0,Riffle 0,32,190,98,44,90,1225,Cobble,SC1,NA,NA,NA,NA,Trimble,
51086,2808335.13,1266530.16,7465.38,PITRCK,Deploy 2024_10,10/16/2024,After,226001370288,0,Riffle 0,12,39,38,15,32,31.5,Gravel,CG2,NA,NA,NA,NA,Trimble,
51087,2808334.28,1266534.29,7466.05,PITRCK,Deploy 2024_10,10/16/2024,After,209000132715,0,Riffle 0,23,340,209,196,>256,27100,Boulder,SB1,NA,NA,NA,NA,Trimble,
51088,2808334.27,1266539.17,7465.4,PITRCK,Deploy 2024_10,10/16/2024,After,231000039721,0,Riffle 0,14,44,35,18,45,57.5,Gravel,VCG1,NA,NA,NA,NA,Trimble,
51089,2808333.81,1266545.38,7465.24,PITRCK,Deploy 2024_10,10/16/2024,After,230000111693,0,Riffle 0,32,154,92,58,90,1342,Cobble,SC1,NA,NA,NA,NA,Trimble,
51090,2808333.37,1266550.6,7465.64,PITRCK,Deploy 2024_10,10/16/2024,After,230000111552,0,Riffle 0,32,120,126,78,128,2224,Cobble,SC2,NA,NA,NA,NA,Trimble,
51091,2808332.39,1266555.45,7465.66,PITRCK,Deploy 2024_10,10/16/2024,After,230000111720,0,Riffle 0,32,119,100,43,90,741,Cobble,SC1,NA,NA,NA,NA,Trimble,
51092,2808332.41,1266559.94,7465.53,PITRCK,Deploy 2024_10,10/16/2024,After,230000111641,0,Riffle 0,32,124,104,56,90,1093,Cobble,SC1,NA,NA,NA,NA,Trimble,
51093,2808331.57,1266565.3,7465.22,PITRCK,Deploy 2024_10,10/16/2024,After,226001370369,0,Riffle 0,12,26,19,15,22.6,9,Gravel,CG1,NA,NA,NA,NA,Trimble,
51094,2808331.54,1266570.26,7465.82,PITRCK,Deploy 2024_10,10/16/2024,After,209000132755,0,Riffle 0,23,214,173,90,180,5000,Cobble,LC1,NA,NA,NA,NA,Trimble,
51095,2808330.92,1266575,7465.72,PITRCK,Deploy 2024_10,10/16/2024,After,226001370320,0,Riffle 0,12,38,30,19,32,31,Gravel,CG2,NA,NA,NA,NA,Trimble,
51096,2808330.42,1266579.48,7466.09,PITRCK,Deploy 2024_10,10/16/2024,After,230000111503,0,Riffle 0,32,156,92,43,90,895,Cobble,SC1,NA,NA,NA,NA,Trimble,
51097,2808329.44,1266584.27,7466.23,PITRCK,Deploy 2024_10,10/16/2024,After,228000607502,0,Riffle 0,23,118,54,52,64,615,Gravel,VCG2,NA,NA,NA,NA,Trimble,
51098,2808328.33,1266589.32,7466.33,PITRCK,Deploy 2024_10,10/16/2024,After,226001370227,0,Riffle 0,12,50,27,21,32,33,Gravel,CG2,NA,NA,NA,NA,Trimble,
51099,2808326.18,1266594.01,7466.84,PITRCK,Deploy 2024_10,10/16/2024,After,230000111535,0,Riffle 0,32,168,101,97,128,1715,Cobble,SC2,NA,NA,NA,NA,Trimble,
51100,2802537.03,1266135.59,7447.71,PITRCK,Deploy 2024_10,10/16/2024,After,230000111574,3,Riffle 3,32,122,118,43,128,1033,Cobble,SC2,NA,NA,NA,NA,Trimble,
51101,2802540.27,1266131.84,7447.11,PITRCK,Deploy 2024_10,10/16/2024,After,230000111529,3,Riffle 3,32,248,168,104,180,5200,Cobble,LC1,NA,NA,NA,NA,Trimble,
51102,2802543.33,1266127.66,7446.46,PITRCK,Deploy 2024_10,10/16/2024,After,231000039749,3,Riffle 3,14,53,28,12,32,43.5,Gravel,CG2,NA,NA,NA,NA,Trimble,
51103,2802545.74,1266123.79,7446.64,PITRCK,Deploy 2024_10,10/16/2024,After,209000133173,3,Riffle 3,23,81,60,51,64,370.5,Gravel,VCG2,NA,NA,NA,NA,Trimble,
51104,2802548.85,1266119.46,7446.35,PITRCK,Deploy 2024_10,10/16/2024,After,230000111745,3,Riffle 3,32,96,94,43,90,833,Cobble,SC1,NA,NA,NA,NA,Trimble,
51105,2802551.94,1266115.96,7446.03,PITRCK,Deploy 2024_10,10/16/2024,After,231000039767,3,Riffle 3,14,50,35,21,32,67,Gravel,CG2,NA,NA,NA,NA,Trimble,
51106,2802555.6,1266112.88,7445.95,PITRCK,Deploy 2024_10,10/16/2024,After,230000111633,3,Riffle 3,32,123,109,74,128,1530,Cobble,SC2,NA,NA,NA,NA,Trimble,
51107,2802558.53,1266110.27,7445.92,PITRCK,Deploy 2024_10,10/16/2024,After,230000111542,3,Riffle 3,32,102,71,69,90,796,Cobble,SC1,NA,NA,NA,NA,Trimble,
51108,2802561.23,1266106.27,7445.83,PITRCK,Deploy 2024_10,10/16/2024,After,209000133189,3,Riffle 3,23,79,57,39,64,274.5,Gravel,VCG2,NA,NA,NA,NA,Trimble,
51109,2802563.73,1266102.45,7445.96,PITRCK,Deploy 2024_10,10/16/2024,After,226001370211,3,Riffle 3,12,33,30,14,32,36,Gravel,CG2,NA,NA,NA,NA,Trimble,
51110,2802566.87,1266096.64,7446.28,PITRCK,Deploy 2024_10,10/16/2024,After,226001370263,3,Riffle 3,12,17,17,11,16,3.727,Gravel,MG2,NA,NA,NA,NA,Trimble,
51111,2802569.36,1266091.16,7447.21,PITRCK,Deploy 2024_10,10/16/2024,After,209000133198,3,Riffle 3,23,75,56,45,64,317.5,Gravel,VCG2,NA,NA,NA,NA,Trimble,
51112,2802574.64,1266082.63,7447.73,PITRCK,Deploy 2024_10,10/16/2024,After,226001370297,3,Riffle 3,12,20,15,14,16,5.694,Gravel,MG2,NA,NA,NA,NA,Trimble,
51113,2802581.17,1266071.95,7447.62,PITRCK,Deploy 2024_10,10/16/2024,After,209000133195,3,Riffle 3,23,73,46,44,64,207,Gravel,VCG2,NA,NA,NA,NA,Trimble,
51114,2802585.08,1266063.74,7447.39,PITRCK,Deploy 2024_10,10/16/2024,After,230000111635,3,Riffle 3,32,100,86,60,90,643,Cobble,SC1,NA,NA,NA,NA,Trimble,
51115,2802568.57,1266048.71,7446.95,PITRCK,Deploy 2024_10,10/16/2024,After,209000133112,3,Riffle 3,23,70,45,32,45,113.5,Gravel,VCG1,NA,NA,NA,NA,Trimble,
51116,2802564.52,1266054.56,7446.72,PITRCK,Deploy 2024_10,10/16/2024,After,226001370254,3,Riffle 3,12,22,14,12,16,5.005,Gravel,MG2,NA,NA,NA,NA,Trimble,
51117,2802559.95,1266062.36,7447.16,PITRCK,Deploy 2024_10,10/16/2024,After,230000298018,3,Riffle 3,32,260,185,115,256,6600,Cobble,LC2,NA,NA,NA,NA,Trimble,
51118,2802555.23,1266068.51,7446.75,PITRCK,Deploy 2024_10,10/16/2024,After,209000133139,3,Riffle 3,23,55,38,22,45,128,Gravel,VCG1,NA,NA,NA,NA,Trimble,
51119,2802551.25,1266075.75,7446.43,PITRCK,Deploy 2024_10,10/16/2024,After,226001370258,3,Riffle 3,12,20,13,11,16,4.263,Gravel,MG2,NA,NA,NA,NA,Trimble,
51120,2802547.07,1266082.3,7446.29,PITRCK,Deploy 2024_10,10/16/2024,After,230000111597,3,Riffle 3,32,130,76,70,90,1058,Cobble,SC1,NA,NA,NA,NA,Trimble,
51121,2802543.97,1266088.32,7445.63,PITRCK,Deploy 2024_10,10/16/2024,After,230000111706,3,Riffle 3,32,120,105,62,128,1063,Cobble,SC2,NA,NA,NA,NA,Trimble,
51122,2802541.04,1266093.87,7445.41,PITRCK,Deploy 2024_10,10/16/2024,After,226001370265,3,Riffle 3,12,21,18,11,16,4.056,Gravel,MG2,NA,NA,NA,NA,Trimble,
51123,2802537.3,1266099.68,7445.6,PITRCK,Deploy 2024_10,10/16/2024,After,230000111627,3,Riffle 3,32,151,80,39,90,787,Cobble,SC1,NA,NA,NA,NA,Trimble,
51124,2802532.21,1266105.19,7446.1,PITRCK,Deploy 2024_10,10/16/2024,After,209000133133,3,Riffle 3,23,88,51,35,64,230.5,Gravel,VCG2,NA,NA,NA,NA,Trimble,
51125,2802529.82,1266109.55,7446.15,PITRCK,Deploy 2024_10,10/16/2024,After,209000133122,3,Riffle 3,23,90,52,44,64,332.5,Gravel,VCG2,NA,NA,NA,NA,Trimble,
51126,2802526.38,1266114.19,7446.46,PITRCK,Deploy 2024_10,10/16/2024,After,226001370252,3,Riffle 3,12,25,18,10,16,4.005,Gravel,MG2,NA,NA,NA,NA,Trimble,
51127,2802523.32,1266118.47,7447.47,PITRCK,Deploy 2024_10,10/16/2024,After,230000111674,3,Riffle 3,32,297,226,193,256,27800,Cobble,LC2,NA,NA,NA,NA,Trimble,
51128,2802520.37,1266121.99,7446.79,PITRCK,Deploy 2024_10,10/16/2024,After,231000039796,3,Riffle 3,14,52,35,16,32,58,Gravel,CG2,NA,NA,NA,NA,Trimble,
51129,2802517.46,1266126.11,7447.49,PITRCK,Deploy 2024_10,10/16/2024,After,209000133154,3,Riffle 3,23,86,55,34,64,294.5,Gravel,VCG2,NA,NA,NA,NA,Trimble,
51130,2802502.66,1266113.85,7447.41,PITRCK,Deploy 2024_10,10/16/2024,After,231000039708,3,Riffle 3,14,45,32,25,32,60.5,Gravel,CG2,NA,NA,NA,NA,Trimble,
51131,2802505.71,1266109.34,7446.93,PITRCK,Deploy 2024_10,10/16/2024,After,230000111514,3,Riffle 3,32,107,96,62,90,894,Cobble,SC1,NA,NA,NA,NA,Trimble,
51132,2802509.74,1266103.83,7446.98,PITRCK,Deploy 2024_10,10/16/2024,After,230000111612,3,Riffle 3,32,135,99,82,128,1821,Cobble,SC2,NA,NA,NA,NA,Trimble,
51133,2802514.36,1266098.69,7446.54,PITRCK,Deploy 2024_10,10/16/2024,After,230000111661,3,Riffle 3,32,141,67,45,90,711,Cobble,SC1,NA,NA,NA,NA,Trimble,
51134,2802517.78,1266094.32,7446.1,PITRCK,Deploy 2024_10,10/16/2024,After,226001370260,3,Riffle 3,12,30,26,12,32,33.5,Gravel,CG2,NA,NA,NA,NA,Trimble,
51135,2802520.74,1266090.62,7445.98,PITRCK,Deploy 2024_10,10/16/2024,After,230000111649,3,Riffle 3,32,150,87,55,90,1202,Cobble,SC1,NA,NA,NA,NA,Trimble,
51136,2802524.03,1266086.73,7445.76,PITRCK,Deploy 2024_10,10/16/2024,After,230000111538,3,Riffle 3,32,186,126,93,128,2956,Cobble,SC2,NA,NA,NA,NA,Trimble,
51137,2802526.75,1266083.26,7446.19,PITRCK,Deploy 2024_10,10/16/2024,After,230000111640,3,Riffle 3,32,336,221,183,256,18800,Cobble,LC2,NA,NA,NA,NA,Trimble,
51138,2802530.65,1266079.6,7445.76,PITRCK,Deploy 2024_10,10/16/2024,After,230000111601,3,Riffle 3,32,129,115,45,128,1232,Cobble,SC2,NA,NA,NA,NA,Trimble,
51139,2802533.7,1266075.12,7445.53,PITRCK,Deploy 2024_10,10/16/2024,After,230000111663,3,Riffle 3,32,96,77,43,90,526,Cobble,SC1,NA,NA,NA,NA,Trimble,
51140,2802537.32,1266070.6,7445.88,PITRCK,Deploy 2024_10,10/16/2024,After,209000133145,3,Riffle 3,23,84,71,35,64,359,Gravel,VCG2,NA,NA,NA,NA,Trimble,
51141,2802541.73,1266062.93,7446.2,PITRCK,Deploy 2024_10,10/16/2024,After,226001370370,3,Riffle 3,12,25,17,13,16,9.352,Gravel,MG2,NA,NA,NA,NA,Trimble,
51142,2802547.05,1266051.76,7446.75,PITRCK,Deploy 2024_10,10/16/2024,After,209000133202,3,Riffle 3,23,70,55,44,64,225,Gravel,VCG2,NA,NA,NA,NA,Trimble,
51143,2802550.52,1266044.35,7447.04,PITRCK,Deploy 2024_10,10/16/2024,After,230000111512,3,Riffle 3,32,135,102,78,128,1872,Cobble,SC2,NA,NA,NA,NA,Trimble,
51144,2802533.91,1266031.05,7446.63,PITRCK,Deploy 2024_10,10/16/2024,After,231000039743,3,Riffle 3,14,54,35,18,32,51.5,Gravel,CG2,NA,NA,NA,NA,Trimble,
51145,2802528.64,1266039.52,7446.43,PITRCK,Deploy 2024_10,10/16/2024,After,209000133166,3,Riffle 3,23,51,44,24,45,70.5,Gravel,VCG1,NA,NA,NA,NA,Trimble,
51146,2802525.23,1266046.43,7446.7,PITRCK,Deploy 2024_10,10/16/2024,After,230000111500,3,Riffle 3,32,265,245,90,256,12100,Cobble,LC2,NA,NA,NA,NA,Trimble,
51147,2802522.24,1266052.19,7445.97,PITRCK,Deploy 2024_10,10/16/2024,After,231000039789,3,Riffle 3,14,60,31,24,32,57,Gravel,CG2,NA,NA,NA,NA,Trimble,
51148,2802518.59,1266057.89,7445.51,PITRCK,Deploy 2024_10,10/16/2024,After,230000111580,3,Riffle 3,32,115,103,61,90,1055,Cobble,SC1,NA,NA,NA,NA,Trimble,
51149,2802516.05,1266062.4,7445.42,PITRCK,Deploy 2024_10,10/16/2024,After,230000111702,3,Riffle 3,32,115,108,100,128,1144,Cobble,SC2,NA,NA,NA,NA,Trimble,
51150,2802513.43,1266066.03,7445.91,PITRCK,Deploy 2024_10,10/16/2024,After,230000298019,3,Riffle 3,32,299,252,120,256,14900,Cobble,LC2,NA,NA,NA,NA,Trimble,
51151,2802510.85,1266071.26,7445.57,PITRCK,Deploy 2024_10,10/16/2024,After,230000111524,3,Riffle 3,32,154,89,64,90,1292,Cobble,SC1,NA,NA,NA,NA,Trimble,
51152,2802508.92,1266076.08,7446.15,PITRCK,Deploy 2024_10,10/16/2024,After,230000111554,3,Riffle 3,32,375,265,193,>256,22700,Boulder,SB1,NA,NA,NA,NA,Trimble,
51153,2802504.76,1266081.12,7446.16,PITRCK,Deploy 2024_10,10/16/2024,After,228000607568,3,Riffle 3,23,91,69,40,64,384,Gravel,VCG2,NA,NA,NA,NA,Trimble,
51154,2802501.71,1266085.66,7446.13,PITRCK,Deploy 2024_10,10/16/2024,After,209000133150,3,Riffle 3,23,65,36,24,45,94,Gravel,VCG1,NA,NA,NA,NA,Trimble,
51155,2802498.16,1266089.31,7446.94,PITRCK,Deploy 2024_10,10/16/2024,After,230000298009,3,Riffle 3,32,225,149,112,256,6900,Cobble,LC2,NA,NA,NA,NA,Trimble,
51156,2802495.01,1266093.32,7446.33,PITRCK,Deploy 2024_10,10/16/2024,After,226001370246,3,Riffle 3,12,21,17,11,16,5.37,Gravel,MG2,NA,NA,NA,NA,Trimble,
51157,2802492.85,1266096.22,7446.81,PITRCK,Deploy 2024_10,10/16/2024,After,230000111616,3,Riffle 3,32,153,135,74,128,2113,Cobble,SC2,NA,NA,NA,NA,Trimble,
51158,2802456.84,1266074.61,7446.79,PITRCK,Deploy 2024_10,10/16/2024,After,226001370229,3,Riffle 3,12,26,16,9,16,4.223,Gravel,MG2,NA,NA,NA,NA,Trimble,
51159,2802460.05,1266068.23,7446.54,PITRCK,Deploy 2024_10,10/16/2024,After,209000133186,3,Riffle 3,23,73,60,35,64,286,Gravel,VCG2,NA,NA,NA,NA,Trimble,
51160,2802462.79,1266062.99,7446.09,PITRCK,Deploy 2024_10,10/16/2024,After,226001370270,3,Riffle 3,12,39,29,12,32,33,Gravel,CG2,NA,NA,NA,NA,Trimble,
51161,2802465.8,1266057.78,7446.17,PITRCK,Deploy 2024_10,10/16/2024,After,230000111565,3,Riffle 3,32,311,241,149,256,13100,Cobble,LC2,NA,NA,NA,NA,Trimble,
51162,2802469.11,1266053.54,7445.65,PITRCK,Deploy 2024_10,10/16/2024,After,230000111628,3,Riffle 3,32,180,98,45,90,1341,Cobble,SC1,NA,NA,NA,NA,Trimble,
51163,2802471.57,1266049.45,7445.25,PITRCK,Deploy 2024_10,10/16/2024,After,231000039793,3,Riffle 3,14,61,35,26,32,81.5,Gravel,CG2,NA,NA,NA,NA,Trimble,
51164,2802474.2,1266046.43,7445.03,PITRCK,Deploy 2024_10,10/16/2024,After,230000111543,3,Riffle 3,32,109,88,33,90,649,Cobble,SC1,NA,NA,NA,NA,Trimble,
51165,2802477.04,1266042.4,7444.99,PITRCK,Deploy 2024_10,10/16/2024,After,226001370226,3,Riffle 3,12,41,22,14,32,31,Gravel,CG2,NA,NA,NA,NA,Trimble,
51166,2802480.58,1266038.33,7445.36,PITRCK,Deploy 2024_10,10/16/2024,After,230000298015,3,Riffle 3,32,178,165,46,256,57000,Cobble,LC2,NA,NA,NA,NA,Trimble,
51167,2802483.36,1266035.48,7444.99,PITRCK,Deploy 2024_10,10/16/2024,After,230000111626,3,Riffle 3,32,105,101,55,90,874,Cobble,SC1,NA,NA,NA,NA,Trimble,
51168,2802486.69,1266031.63,7445.03,PITRCK,Deploy 2024_10,10/16/2024,After,226001370300,3,Riffle 3,12,24,15,13,16,5.791,Gravel,MG2,NA,NA,NA,NA,Trimble,
51169,2802488.93,1266027.09,7445.67,PITRCK,Deploy 2024_10,10/16/2024,After,228000607575,3,Riffle 3,23,105,71,43,64,522,Gravel,VCG2,NA,NA,NA,NA,Trimble,
51170,2802491.75,1266021.63,7445.95,PITRCK,Deploy 2024_10,10/16/2024,After,209000133170,3,Riffle 3,23,122,76,38,64,542.5,Gravel,VCG2,NA,NA,NA,NA,Trimble,
51171,2802495.01,1266013.49,7446.29,PITRCK,Deploy 2024_10,10/16/2024,After,209000133193,3,Riffle 3,23,70,64,45,64,346.5,Gravel,VCG2,NA,NA,NA,NA,Trimble,
51172,2802479.49,1266000.97,7446.25,PITRCK,Deploy 2024_10,10/16/2024,After,226001370268,3,Riffle 3,12,18,16,12,16,4.506,Gravel,MG2,NA,NA,NA,NA,Trimble,
51173,2802474.97,1266007.69,7445.83,PITRCK,Deploy 2024_10,10/16/2024,After,226001370248,3,Riffle 3,12,28,28,26,32,45,Gravel,CG2,NA,NA,NA,NA,Trimble,
51174,2802472.43,1266012.72,7445.58,PITRCK,Deploy 2024_10,10/16/2024,After,226001370282,3,Riffle 3,12,39,28,18,32,53,Gravel,CG2,NA,NA,NA,NA,Trimble,
51175,2802469.49,1266017.41,7445.04,PITRCK,Deploy 2024_10,10/16/2024,After,226001370283,3,Riffle 3,12,30,29,17,32,41.5,Gravel,CG2,NA,NA,NA,NA,Trimble,
51176,2802466.7,1266021.11,7444.68,PITRCK,Deploy 2024_10,10/16/2024,After,209000133178,3,Riffle 3,23,76,60,33,64,245.5,Gravel,VCG2,NA,NA,NA,NA,Trimble,
51177,2802464.87,1266025.94,7444.96,PITRCK,Deploy 2024_10,10/16/2024,After,230000111617,3,Riffle 3,32,327,250,89,256,9000,Cobble,LC2,NA,NA,NA,NA,Trimble,
51178,2802461.29,1266031.78,7444.69,PITRCK,Deploy 2024_10,10/16/2024,After,230000111659,3,Riffle 3,32,164,139,68,128,2411,Cobble,SC2,NA,NA,NA,NA,Trimble,
51179,2802458.43,1266036.93,7445.02,PITRCK,Deploy 2024_10,10/16/2024,After,226001370202,3,Riffle 3,12,20,16,15,16,5.569,Gravel,MG2,NA,NA,NA,NA,Trimble,
51180,2802455.23,1266041.49,7445.52,PITRCK,Deploy 2024_10,10/16/2024,After,230000111505,3,Riffle 3,32,117,77,71,90,941,Cobble,SC1,NA,NA,NA,NA,Trimble,
51181,2802452.21,1266045.9,7445.82,PITRCK,Deploy 2024_10,10/16/2024,After,226001370242,3,Riffle 3,12,24,21,12,16,4.828,Gravel,MG2,NA,NA,NA,NA,Trimble,
51182,2802449.67,1266049.95,7446.02,PITRCK,Deploy 2024_10,10/16/2024,After,230000111513,3,Riffle 3,32,148,93,75,90,1599,Cobble,SC1,NA,NA,NA,NA,Trimble,
51183,2802446.26,1266054.89,7446.1,PITRCK,Deploy 2024_10,10/16/2024,After,231000039794,3,Riffle 3,14,42,33,21,45,79.5,Gravel,VCG1,NA,NA,NA,NA,Trimble,
51184,2802443.81,1266059.09,7446.42,PITRCK,Deploy 2024_10,10/16/2024,After,230000111579,3,Riffle 3,32,121,89,53,90,906,Cobble,SC1,NA,NA,NA,NA,Trimble,
51185,2802441.31,1266063.49,7446.8,PITRCK,Deploy 2024_10,10/16/2024,After,230000111610,3,Riffle 3,32,130,85,56,90,936,Cobble,SC1,NA,NA,NA,NA,Trimble,
51186,2802421.3,1266053.35,7447.28,PITRCK,Deploy 2024_10,10/16/2024,After,230000111520,3,Riffle 3,32,134,95,42,90,1088,Cobble,SC1,NA,NA,NA,NA,Trimble,
51187,2802424.27,1266048.06,7446.44,PITRCK,Deploy 2024_10,10/16/2024,After,226001370220,3,Riffle 3,12,22,15,10,16,4.661,Gravel,MG2,NA,NA,NA,NA,Trimble,
51188,2802428.3,1266042.04,7446.21,PITRCK,Deploy 2024_10,10/16/2024,After,230000111533,3,Riffle 3,32,98,93,48,90,686,Cobble,SC1,NA,NA,NA,NA,Trimble,
51189,2802432.69,1266034,7445.82,PITRCK,Deploy 2024_10,10/16/2024,After,209000133177,3,Riffle 3,23,87,66,41,64,368,Gravel,VCG2,NA,NA,NA,NA,Trimble,
51190,2802436.22,1266029.57,7445.6,PITRCK,Deploy 2024_10,10/16/2024,After,209000133492,3,Riffle 3,23,68,54,45,64,212,Gravel,VCG2,NA,NA,NA,NA,Trimble,
51191,2802438.67,1266025.91,7445.18,PITRCK,Deploy 2024_10,10/16/2024,After,226001370217,3,Riffle 3,12,39,31,14,32,44.5,Gravel,CG2,NA,NA,NA,NA,Trimble,
51192,2802440.37,1266021.26,7445.27,PITRCK,Deploy 2024_10,10/16/2024,After,230000111557,3,Riffle 3,32,330,277,129,>256,17300,Boulder,SB1,NA,NA,NA,NA,Trimble,
51193,2802443.45,1266017.23,7444.84,PITRCK,Deploy 2024_10,10/16/2024,After,209000133196,3,Riffle 3,23,76,62,40,64,296,Gravel,VCG2,NA,NA,NA,NA,Trimble,
51194,2802446.51,1266012.96,7444.95,PITRCK,Deploy 2024_10,10/16/2024,After,230000111637,3,Riffle 3,32,168,104,67,128,1687,Cobble,SC2,NA,NA,NA,NA,Trimble,
51195,2802448.25,1266009.37,7445.18,PITRCK,Deploy 2024_10,10/16/2024,After,230000298010,3,Riffle 3,32,310,175,65,256,10400,Cobble,LC2,NA,NA,NA,NA,Trimble,
51196,2802450.63,1266005.96,7445.15,PITRCK,Deploy 2024_10,10/16/2024,After,230000111699,3,Riffle 3,32,185,124,79,128,3653,Cobble,SC2,NA,NA,NA,NA,Trimble,
51197,2802453.68,1266002.13,7445.1,PITRCK,Deploy 2024_10,10/16/2024,After,230000111561,3,Riffle 3,32,125,98,59,90,1054,Cobble,SC1,NA,NA,NA,NA,Trimble,
51198,2802456.95,1265996.36,7445.39,PITRCK,Deploy 2024_10,10/16/2024,After,226001370385,3,Riffle 3,12,22,17,13,16,6.371,Gravel,MG2,NA,NA,NA,NA,Trimble,
51199,2802460.42,1265991.57,7445.95,PITRCK,Deploy 2024_10,10/16/2024,After,209000133201,3,Riffle 3,23,94,65,45,64,461.5,Gravel,VCG2,NA,NA,NA,NA,Trimble,
51201,2804605.01,1266608.73,7455.53,PITRCK,Deploy 2024_10,10/16/2024,After,230000111519,2A,Riffle 2A,32,151,141,52,128,1937,Cobble,SC2,NA,NA,NA,NA,Trimble,Field Sheet DeployID includes 2A/2B. 
51202,2804605.83,1266603.03,7455.05,PITRCK,Deploy 2024_10,10/16/2024,After,230000111591,2A,Riffle 2A,32,150,122,61,128,1204,Cobble,SC2,NA,NA,NA,NA,Trimble,Field Sheet DeployID includes 2A/2B. 
51203,2804606.53,1266598.12,7454.82,PITRCK,Deploy 2024_10,10/16/2024,After,230000111585,2A,Riffle 2A,32,115,105,33,90,770,Cobble,SC1,NA,NA,NA,NA,Trimble,Field Sheet DeployID includes 2A/2B. 
51204,2804607,1266593.38,7454.68,PITRCK,Deploy 2024_10,10/16/2024,After,230000111537,2A,Riffle 2A,32,158,99,67,128,1856,Cobble,SC2,NA,NA,NA,NA,Trimble,Field Sheet DeployID includes 2A/2B. 
51205,2804607.44,1266588.69,7454.23,PITRCK,Deploy 2024_10,10/16/2024,After,231000039792,2A,Riffle 2A,14,42,29,23,32,40.5,Gravel,CG2,NA,NA,NA,NA,Trimble,Field Sheet DeployID includes 2A/2B. 
51206,2804608.59,1266583.71,7454.68,PITRCK,Deploy 2024_10,10/16/2024,After,230000111573,2A,Riffle 2A,32,137,93,55,90,1165,Cobble,SC1,NA,NA,NA,NA,Trimble,Field Sheet DeployID includes 2A/2B. 
51207,2804609.27,1266578.32,7454.89,PITRCK,Deploy 2024_10,10/16/2024,After,230000111697,2A,Riffle 2A,32,115,89,65,128,985,Cobble,SC2,NA,NA,NA,NA,Trimble,Field Sheet DeployID includes 2A/2B. 
51208,2804610.97,1266572.44,7455.05,PITRCK,Deploy 2024_10,10/16/2024,After,230000111670,2A,Riffle 2A,32,95,80,51,90,627,Cobble,SC1,NA,NA,NA,NA,Trimble,Field Sheet DeployID includes 2A/2B. 
51209,2804610.81,1266567.43,7455.35,PITRCK,Deploy 2024_10,10/16/2024,After,230000111652,2A,Riffle 2A,32,120,78,71,90,861,Cobble,SC1,NA,NA,NA,NA,Trimble,Field Sheet DeployID includes 2A/2B. 
51210,2804611.68,1266560.83,7455.72,PITRCK,Deploy 2024_10,10/16/2024,After,230000111742,2A,Riffle 2A,32,111,72,46,90,646,Cobble,SC1,NA,NA,NA,NA,Trimble,Field Sheet DeployID includes 2A/2B. 
51211,2804592.02,1266552.7,7455.23,PITRCK,Deploy 2024_10,10/16/2024,After,226001370241,2A,Riffle 2A,12,22,16,12,16,5.082,Gravel,MG2,NA,NA,NA,NA,Trimble,Field Sheet DeployID includes 2A/2B. 
51212,2804590.66,1266559.43,7455.46,PITRCK,Deploy 2024_10,10/16/2024,After,230000111731,2A,Riffle 2A,32,145,98,56,128,1335,Cobble,SC2,NA,NA,NA,NA,Trimble,Field Sheet DeployID includes 2A/2B. 
51213,2804589.56,1266565.29,7455.33,PITRCK,Deploy 2024_10,10/16/2024,After,209000132772,2A,Riffle 2A,23,186,132,87,128,3700,Cobble,SC2,NA,NA,NA,NA,Trimble,Field Sheet DeployID includes 2A/2B. This point was added in from field sheet. 
51214,2804588.87,1266570.28,7454.83,PITRCK,Deploy 2024_10,10/16/2024,After,230000111713,2A,Riffle 2A,32,104,86,45,90,730,Cobble,SC1,NA,NA,NA,NA,Trimble,Field Sheet DeployID includes 2A/2B. 
51215,2804588.41,1266575.94,7454.76,PITRCK,Deploy 2024_10,10/16/2024,After,230000111747,2A,Riffle 2A,32,110,100,59,128,897,Cobble,SC2,NA,NA,NA,NA,Trimble,Field Sheet DeployID includes 2A/2B. 
51216,2804588.29,1266581.03,7454.74,PITRCK,Deploy 2024_10,10/16/2024,After,230000111589,2A,Riffle 2A,32,125,113,95,128,2284,Cobble,SC2,NA,NA,NA,NA,Trimble,Field Sheet DeployID includes 2A/2B. 
51217,2804587.69,1266586.21,7454.88,PITRCK,Deploy 2024_10,10/16/2024,After,230000111564,2A,Riffle 2A,32,109,85,42,90,747,Cobble,SC1,NA,NA,NA,NA,Trimble,Field Sheet DeployID includes 2A/2B. 
51218,2804587.16,1266591.63,7455.27,PITRCK,Deploy 2024_10,10/16/2024,After,209000132797,2A,Riffle 2A,23,411,280,220,>256,29700,Boulder,SB1,NA,NA,NA,NA,Trimble,Field Sheet DeployID includes 2A/2B. 
51219,2804587.07,1266596.91,7454.93,PITRCK,Deploy 2024_10,10/16/2024,After,209000133113,2A,Riffle 2A,23,100,59,51,90,629,Cobble,SC1,NA,NA,NA,NA,Trimble,Field Sheet DeployID includes 2A/2B. 
51220,2804586.23,1266602.87,7454.84,PITRCK,Deploy 2024_10,10/16/2024,After,230000111619,2A,Riffle 2A,32,95,64,54,90,460,Cobble,SC1,NA,NA,NA,NA,Trimble,Field Sheet DeployID includes 2A/2B. 
51221,2804585.21,1266607.64,7455.13,PITRCK,Deploy 2024_10,10/16/2024,After,228000607542,2A,Riffle 2A,23,119,64,45,64,469,Gravel,VCG2,NA,NA,NA,NA,Trimble,Field Sheet DeployID includes 2A/2B. 
51222,2804566.06,1266609.7,7455.26,PITRCK,Deploy 2024_10,10/16/2024,After,230000111743,2A,Riffle 2A,32,119,97,74,90,1151,Cobble,SC1,NA,NA,NA,NA,Trimble,Field Sheet DeployID includes 2A/2B. 
51223,2804567.2,1266603.63,7454.81,PITRCK,Deploy 2024_10,10/16/2024,After,228000607574,2A,Riffle 2A,23,62,43,32,64,140,Gravel,VCG2,NA,NA,NA,NA,Trimble,Field Sheet DeployID includes 2A/2B. 
51224,2804569.27,1266597.74,7454.75,PITRCK,Deploy 2024_10,10/16/2024,After,230000111620,2A,Riffle 2A,32,159,120,46,128,1290,Cobble,SC2,NA,NA,NA,NA,Trimble,Field Sheet DeployID includes 2A/2B. 
51225,2804570.42,1266592.45,7455.12,PITRCK,Deploy 2024_10,10/16/2024,After,230000111672,2A,Riffle 2A,32,102,80,55,90,831,Cobble,SC1,NA,NA,NA,NA,Trimble,Field Sheet DeployID includes 2A/2B. 
51226,2804571.51,1266587.85,7454.76,PITRCK,Deploy 2024_10,10/16/2024,After,230000111593,2A,Riffle 2A,32,165,66,54,90,1192,Cobble,SC1,NA,NA,NA,NA,Trimble,Field Sheet DeployID includes 2A/2B. 
51227,2804572.74,1266583.52,7454.72,PITRCK,Deploy 2024_10,10/16/2024,After,230000111625,2A,Riffle 2A,32,118,106,77,128,1218,Cobble,SC2,NA,NA,NA,NA,Trimble,Field Sheet DeployID includes 2A/2B. 
51228,2804574.05,1266577.68,7454.62,PITRCK,Deploy 2024_10,10/16/2024,After,228000607518,2A,Riffle 2A,23,86,66,38,64,NA,Gravel,VCG2,NA,NA,NA,NA,Trimble,Field Sheet DeployID includes 2A/2B. 
51229,2804574.44,1266572.83,7454.58,PITRCK,Deploy 2024_10,10/16/2024,After,226001370201,2A,Riffle 2A,12,26,16,7,16,3.799,Gravel,MG2,NA,NA,NA,NA,Trimble,Field Sheet DeployID includes 2A/2B. 
51230,2804575.89,1266567.82,7455.01,PITRCK,Deploy 2024_10,10/16/2024,After,230000111707,2A,Riffle 2A,32,151,98,58,90,1186,Cobble,SC1,NA,NA,NA,NA,Trimble,Field Sheet DeployID includes 2A/2B. 
51231,2804577.51,1266562.97,7455.01,PITRCK,Deploy 2024_10,10/16/2024,After,226001370208,2A,Riffle 2A,12,20,18,15,22.6,5.638,Gravel,CG1,NA,NA,NA,NA,Trimble,Field Sheet DeployID includes 2A/2B. 
51232,2804578.87,1266557.32,7455.22,PITRCK,Deploy 2024_10,10/16/2024,After,230000111546,2A,Riffle 2A,32,135,108,38,128,1187,Cobble,SC2,NA,NA,NA,NA,Trimble,Field Sheet DeployID includes 2A/2B. 
51233,2804579.92,1266552.35,7455.34,PITRCK,Deploy 2024_10,10/16/2024,After,230000111682,2A,Riffle 2A,32,110,97,52,90,812,Cobble,SC1,NA,NA,NA,NA,Trimble,Field Sheet DeployID includes 2A/2B. 
51234,2804547.94,1266546.07,7455.24,PITRCK,Deploy 2024_10,10/16/2024,After,230000111506,2A,Riffle 2A,32,110,108,41,128,941,Cobble,SC2,NA,NA,NA,NA,Trimble,Field Sheet DeployID includes 2A/2B. 
51235,2804546.55,1266552.04,7455.04,PITRCK,Deploy 2024_10,10/16/2024,After,230000111526,2A,Riffle 2A,32,119,101,43,90,1036,Cobble,SC1,NA,NA,NA,NA,Trimble,Field Sheet DeployID includes 2A/2B. 
51236,2804545.72,1266557.49,7454.55,PITRCK,Deploy 2024_10,10/16/2024,After,230000111739,2A,Riffle 2A,32,99,86,33,90,557,Cobble,SC1,NA,NA,NA,NA,Trimble,Field Sheet DeployID includes 2A/2B. 
51237,2804542.47,1266568.7,7454.34,PITRCK,Deploy 2024_10,10/16/2024,After,230000111501,2A,Riffle 2A,32,148,110,100,128,2344,Cobble,SC2,NA,NA,NA,NA,Trimble,Field Sheet DeployID includes 2A/2B. 
51238,2804542.71,1266573.2,7454.07,PITRCK,Deploy 2024_10,10/16/2024,After,230000111727,2A,Riffle 2A,32,165,125,60,128,2087,Cobble,SC2,NA,NA,NA,NA,Trimble,Field Sheet DeployID includes 2A/2B. 
51239,2804542.18,1266578.73,7454.16,PITRCK,Deploy 2024_10,10/16/2024,After,230000111636,2A,Riffle 2A,32,141,97,83,128,2024,Cobble,SC2,NA,NA,NA,NA,Trimble,Field Sheet DeployID includes 2A/2B. 
51240,2804541.24,1266583.89,7454.38,PITRCK,Deploy 2024_10,10/16/2024,After,230000111685,2A,Riffle 2A,32,110,96,55,90,873,Cobble,SC1,NA,NA,NA,NA,Trimble,Field Sheet DeployID includes 2A/2B. 
51241,2804539.62,1266589.24,7454.41,PITRCK,Deploy 2024_10,10/16/2024,After,230000111665,2A,Riffle 2A,32,83,68,48,90,400,Cobble,SC1,NA,NA,NA,NA,Trimble,Field Sheet DeployID includes 2A/2B. 
51242,2804538.46,1266595.04,7454.56,PITRCK,Deploy 2024_10,10/16/2024,After,230000111632,2A,Riffle 2A,32,124,96,53,90,802,Cobble,SC1,NA,NA,NA,NA,Trimble,Field Sheet DeployID includes 2A/2B. 
51243,2804536.68,1266599.78,7454.54,PITRCK,Deploy 2024_10,10/16/2024,After,230000111622,2A,Riffle 2A,32,122,66,42,90,555,Cobble,SC1,NA,NA,NA,NA,Trimble,Field Sheet DeployID includes 2A/2B. 
51250,2804263.42,1266610.99,7454.84,PITRCK,Deploy 2024_10,10/16/2024,After,230000111598,2B,Riffle 2B,32,142,104,54,128,1046,Cobble,SC2,NA,NA,NA,NA,Trimble,Field Sheet DeployID includes 2A/2B. 
51251,2804262.02,1266605.15,7454.29,PITRCK,Deploy 2024_10,10/16/2024,After,230000111691,2B,Riffle 2B,32,145,105,63,128,1716,Cobble,SC2,NA,NA,NA,NA,Trimble,Field Sheet DeployID includes 2A/2B. 
51252,2804260.94,1266598.98,7453.21,PITRCK,Deploy 2024_10,10/16/2024,After,230000111724,2B,Riffle 2B,32,169,128,69,128,2436,Cobble,SC2,NA,NA,NA,NA,Trimble,Field Sheet DeployID includes 2A/2B. 
51253,2804259.69,1266591.89,7452.99,PITRCK,Deploy 2024_10,10/16/2024,After,230000111654,2B,Riffle 2B,32,114,105,95,128,1678,Cobble,SC2,NA,NA,NA,NA,Trimble,Field Sheet DeployID includes 2A/2B. 
51254,2804257.7,1266586.9,7452.96,PITRCK,Deploy 2024_10,10/16/2024,After,228000607523,2B,Riffle 2B,23,112,60,45,64,579,Gravel,VCG2,NA,NA,NA,NA,Trimble,Field Sheet DeployID includes 2A/2B. 
51255,2804256.91,1266581.46,7452.87,PITRCK,Deploy 2024_10,10/16/2024,After,230000111569,2B,Riffle 2B,32,94,71,67,90,638,Cobble,SC1,NA,NA,NA,NA,Trimble,Field Sheet DeployID includes 2A/2B. 
51256,2804256.28,1266577.09,7452.73,PITRCK,Deploy 2024_10,10/16/2024,After,230000111740,2B,Riffle 2B,32,145,94,62,90,1384,Cobble,SC1,NA,NA,NA,NA,Trimble,Field Sheet DeployID includes 2A/2B. 
51257,2804255.57,1266572.61,7453,PITRCK,Deploy 2024_10,10/16/2024,After,230000111680,2B,Riffle 2B,32,131,112,71,128,1468,Cobble,SC2,NA,NA,NA,NA,Trimble,Field Sheet DeployID includes 2A/2B. 
51258,2804253.9,1266568.34,7453.45,PITRCK,Deploy 2024_10,10/16/2024,After,230000111710,2B,Riffle 2B,32,107,85,63,90,830,Cobble,SC1,NA,NA,NA,NA,Trimble,Field Sheet DeployID includes 2A/2B. 
51259,2804252.87,1266562.13,7453.78,PITRCK,Deploy 2024_10,10/16/2024,After,230000111582,2B,Riffle 2B,32,115,113,51,90,1007,Cobble,SC1,NA,NA,NA,NA,Trimble,Field Sheet DeployID includes 2A/2B. 
51260,2804251.91,1266556.99,7453.8,PITRCK,Deploy 2024_10,10/16/2024,After,230000111630,2B,Riffle 2B,32,115,98,59,90,1042,Cobble,SC1,NA,NA,NA,NA,Trimble,Field Sheet DeployID includes 2A/2B. 
51261,2804250.07,1266551.52,7454.3,PITRCK,Deploy 2024_10,10/16/2024,After,230000111600,2B,Riffle 2B,32,107,90,49,90,709,Cobble,SC1,NA,NA,NA,NA,Trimble,Field Sheet DeployID includes 2A/2B. 
51262,2804227.92,1266555.96,7454.28,PITRCK,Deploy 2024_10,10/16/2024,After,230000111662,2B,Riffle 2B,32,136,83,60,90,1117,Cobble,SC1,NA,NA,NA,NA,Trimble,Field Sheet DeployID includes 2A/2B. 
51263,2804229.89,1266563.65,7453.8,PITRCK,Deploy 2024_10,10/16/2024,After,209000132723,2B,Riffle 2B,23,207,204,91,180,5526,Cobble,LC1,NA,NA,NA,NA,Trimble,Field Sheet DeployID includes 2A/2B. 
51264,2804231.48,1266569.42,7453.02,PITRCK,Deploy 2024_10,10/16/2024,After,230000111511,2B,Riffle 2B,32,106,93,80,90,1175,Cobble,SC1,NA,NA,NA,NA,Trimble,Field Sheet DeployID includes 2A/2B. 
51265,2804232.45,1266574.92,7452.8,PITRCK,Deploy 2024_10,10/16/2024,After,230000111613,2B,Riffle 2B,32,136,112,43,90,1002,Cobble,SC1,NA,NA,NA,NA,Trimble,Field Sheet DeployID includes 2A/2B. 
51266,2804234.07,1266580.57,7452.57,PITRCK,Deploy 2024_10,10/16/2024,After,226001370276,2B,Riffle 2B,12,25,20,10,16,5.391,Gravel,MG2,NA,NA,NA,NA,Trimble,Field Sheet DeployID includes 2A/2B. 
51267,2804235.57,1266586.02,7452.65,PITRCK,Deploy 2024_10,10/16/2024,After,230000111607,2B,Riffle 2B,32,113,100,63,90,1093,Cobble,SC1,NA,NA,NA,NA,Trimble,Field Sheet DeployID includes 2A/2B. 
51268,2804237.36,1266594.89,7453.03,PITRCK,Deploy 2024_10,10/16/2024,After,230000111721,2B,Riffle 2B,32,187,97,51,90,1395,Cobble,SC1,NA,NA,NA,NA,Trimble,Field Sheet DeployID includes 2A/2B. 
51269,2804239.33,1266603.4,7453.26,PITRCK,Deploy 2024_10,10/16/2024,After,226001370273,2B,Riffle 2B,12,18,15,9,16,2.443,Gravel,MG2,NA,NA,NA,NA,Trimble,Field Sheet DeployID includes 2A/2B. 
51270,2804240.53,1266611.15,7454.07,PITRCK,Deploy 2024_10,10/16/2024,After,228000607555,2B,Riffle 2B,23,73,52,40,64,263,Gravel,VCG2,NA,NA,NA,NA,Trimble,Field Sheet DeployID includes 2A/2B. 
51271,2804205.81,1266628.39,7453.95,PITRCK,Deploy 2024_10,10/16/2024,After,209000132802,2B,Riffle 2B,23,184,155,105,180,4768,Cobble,LC1,NA,NA,NA,NA,Trimble,Field Sheet DeployID includes 2A/2B. 
51272,2804203.54,1266621.3,7453.53,PITRCK,Deploy 2024_10,10/16/2024,After,228000607553,2B,Riffle 2B,23,76,59,50,64,435,Gravel,VCG2,NA,NA,NA,NA,Trimble,Field Sheet DeployID includes 2A/2B. 
51273,2804202.5,1266616.56,7453.52,PITRCK,Deploy 2024_10,10/16/2024,After,230000111692,2B,Riffle 2B,32,111,81,77,90,969,Cobble,SC1,NA,NA,NA,NA,Trimble,Field Sheet DeployID includes 2A/2B. 
51274,2804199.75,1266611.12,7453.59,PITRCK,Deploy 2024_10,10/16/2024,After,230000111687,2B,Riffle 2B,32,167,118,59,128,1363,Cobble,SC2,NA,NA,NA,NA,Trimble,Field Sheet DeployID includes 2A/2B. 
51275,2804198.03,1266603.57,7452.64,PITRCK,Deploy 2024_10,10/16/2024,After,226001370225,2B,Riffle 2B,12,22,15,13,16,5.19,Gravel,MG2,NA,NA,NA,NA,Trimble,Field Sheet DeployID includes 2A/2B. 
51276,2804196.92,1266597.91,7452.33,PITRCK,Deploy 2024_10,10/16/2024,After,226001370247,2B,Riffle 2B,12,22,15,10,16,3.018,Gravel,MG2,NA,NA,NA,NA,Trimble,Field Sheet DeployID includes 2A/2B. 
51277,2804195.18,1266591.18,7452.83,PITRCK,Deploy 2024_10,10/16/2024,After,230000111518,2B,Riffle 2B,32,129,102,56,90,1168,Cobble,SC1,NA,NA,NA,NA,Trimble,Field Sheet DeployID includes 2A/2B. 
51278,2804192.28,1266584.64,7452.97,PITRCK,Deploy 2024_10,10/16/2024,After,230000111748,2B,Riffle 2B,32,154,99,80,128,1669,Cobble,SC2,NA,NA,NA,NA,Trimble,Field Sheet DeployID includes 2A/2B. 
51279,2804190.1,1266579.53,7452.74,PITRCK,Deploy 2024_10,10/16/2024,After,230000111539,2B,Riffle 2B,32,153,112,75,128,1871,Cobble,SC2,NA,NA,NA,NA,Trimble,Field Sheet DeployID includes 2A/2B. 
51280,2804186.91,1266572.34,7453.61,PITRCK,Deploy 2024_10,10/16/2024,After,230000111528,2B,Riffle 2B,32,116,93,67,90,1027,Cobble,SC1,NA,NA,NA,NA,Trimble,Field Sheet DeployID includes 2A/2B. 
51281,2804162.27,1266577.17,7453.72,PITRCK,Deploy 2024_10,10/16/2024,After,230000111744,2B,Riffle 2B,32,113,96,57,90,914,Cobble,SC1,NA,NA,NA,NA,Trimble,Field Sheet DeployID includes 2A/2B. 
51282,2804165.34,1266583.47,7453.08,PITRCK,Deploy 2024_10,10/16/2024,After,230000111571,2B,Riffle 2B,32,126,87,39,90,849,Cobble,SC1,NA,NA,NA,NA,Trimble,Field Sheet DeployID includes 2A/2B. 
51283,2804169.28,1266589.62,7452.82,PITRCK,Deploy 2024_10,10/16/2024,After,230000111559,2B,Riffle 2B,32,104,81,74,90,892,Cobble,SC1,NA,NA,NA,NA,Trimble,Field Sheet DeployID includes 2A/2B. 
51284,2804170.79,1266595.46,7452.41,PITRCK,Deploy 2024_10,10/16/2024,After,230000111558,2B,Riffle 2B,32,145,118,52,128,1424,Cobble,SC2,NA,NA,NA,NA,Trimble,Field Sheet DeployID includes 2A/2B. 
51285,2804175.15,1266600.81,7452.92,PITRCK,Deploy 2024_10,10/16/2024,After,230000111749,2B,Riffle 2B,32,157,125,80,128,1961,Cobble,SC2,NA,NA,NA,NA,Trimble,Field Sheet DeployID includes 2A/2B. 
51286,2804177.76,1266607.56,7453.14,PITRCK,Deploy 2024_10,10/16/2024,After,230000111679,2B,Riffle 2B,32,141,105,79,128,1381,Cobble,SC2,NA,NA,NA,NA,Trimble,Field Sheet DeployID includes 2A/2B. 
51287,2804179.72,1266612.68,7453.43,PITRCK,Deploy 2024_10,10/16/2024,After,230000111550,2B,Riffle 2B,32,107,91,42,90,571,Cobble,SC1,NA,NA,NA,NA,Trimble,Field Sheet DeployID includes 2A/2B. 
51288,2804182.8,1266618.79,7453.18,PITRCK,Deploy 2024_10,10/16/2024,After,230000111667,2B,Riffle 2B,32,153,114,52,128,1347,Cobble,SC2,NA,NA,NA,NA,Trimble,Field Sheet DeployID includes 2A/2B. 
51289,2804184.8,1266624.15,7453.17,PITRCK,Deploy 2024_10,10/16/2024,After,230000111563,2B,Riffle 2B,32,114,62,54,90,634,Cobble,SC1,NA,NA,NA,NA,Trimble,Field Sheet DeployID includes 2A/2B. 
51290,2804186.78,1266629.67,7453.5,PITRCK,Deploy 2024_10,10/16/2024,After,230000111509,2B,Riffle 2B,32,103,99,48,90,750,Cobble,SC1,NA,NA,NA,NA,Trimble,Field Sheet DeployID includes 2A/2B. 
51291,2804188.37,1266635.54,7453.86,PITRCK,Deploy 2024_10,10/16/2024,After,230000111688,2B,Riffle 2B,32,116,90,40,90,655,Cobble,SC1,NA,NA,NA,NA,Trimble,Field Sheet DeployID includes 2A/2B. 
51300,2806339.83,1266540.49,7460.25,PITRCK,Relocate 2025,9/16/2025,After,230000111712,1,Riffle 1,32,176,113,74,128,2062,Cobble,SC2,0,0,0,0,Trimble,
51301,2806340.35,1266546.54,7459,PITRCK,Relocate 2025,9/16/2025,After,231000039738,1,Riffle 1,14,45,34,23,32,53.5,Gravel,CG2,0,0,0,1,Trimble, Approximate recap location.
51302,2806338.28,1266554.27,7458.66,PITRCK,Relocate 2025,9/16/2025,After,230000111683,1,Riffle 1,32,132,90,80,128,1427,Cobble,SC2,0,0,0,1,Trimble, Approximate recap location.
51303,2806064.48,1266520.15,7456.88,PITRCK,Relocate 2025,9/16/2025,After,231000039714,1,Riffle 1,14,55,24,20,32,52.5,Gravel,CG2,0,0,0,0,Trimble,
51305,2806331.49,1266566.36,7459.28,PITRCK,Relocate 2025,9/16/2025,After,230000111708,1,Riffle 1,32,181,124,84,128,2277,Cobble,SC2,0,0,0,0,Trimble,
51307,2806333.56,1266578.16,7459.73,PITRCK,Relocate 2025,9/16/2025,After,230000111578,1,Riffle 1,32,374,275,144,>256,19700,Boulder,SB1,0,0,0,0,Trimble,
51308,2806328.94,1266581.22,7459,PITRCK,Relocate 2025,9/16/2025,After,228000607513,1,Riffle 1,23,91,60,38,64,273,Gravel,VCG2,0,0,0,1,Trimble, Approximate recap location.
51309,2806313.77,1266585.77,7458.71,PITRCK,Relocate 2025,9/16/2025,After,226001370256,1,Riffle 1,12,20,17,7,16,2.964,Gravel,MG2,0,0,0,1,Trimble, Approximate recap location.
51310,2806334.84,1266594.6,7459.37,PITRCK,Relocate 2025,9/16/2025,After,230000111717,1,Riffle 1,32,135,93,59,90,1398,Cobble,SC1,0,0,0,0,Trimble,
51311,2805607.47,1266527.9,7458.6,PITRCK,Relocate 2025,9/16/2025,After,231000039702,1,Riffle 1,14,42,38,25,32,42,Gravel,CG2,0,0,0,1,Trimble, Approximate recap location.
51312,2806332.46,1266607.87,7459.02,PITRCK,Relocate 2025,9/16/2025,After,230000111562,1,Riffle 1,32,197,169,68,180,3575,Cobble,LC1,0,1,0,0,Trimble,
51313,2806326.74,1266611.9,7459.23,PITRCK,Relocate 2025,9/16/2025,After,230000111746,1,Riffle 1,32,111,68,59,90,775,Cobble,SC1,0,0,0,0,Trimble,
51314,2806330.54,1266620.33,7459.77,PITRCK,Relocate 2025,9/16/2025,After,230000111725,1,Riffle 1,32,312,245,140,256,18500,Cobble,LC2,0,0,0,0,Trimble,
51316,2806208.88,1266599.15,7457.95,PITRCK,Relocate 2025,9/16/2025,After,230000111631,1,Riffle 1,32,97,56,50,64,363,Gravel,VCG2,0,0,0,0,Trimble,
51317,2806267.56,1266622.23,7458.11,PITRCK,Relocate 2025,9/16/2025,After,228000607546,1,Riffle 1,23,97,71,35,64,338,Gravel,VCG2,0,0,0,0,Trimble,
51318,2806328.93,1266653.79,7459.33,PITRCK,Relocate 2025,9/16/2025,After,228000607532,1,Riffle 1,23,90,55,42,64,446,Gravel,VCG2,0,1,0,0,Trimble,
51320,2806314.03,1266538.73,7459.8,PITRCK,Relocate 2025,9/16/2025,After,230000111596,1,Riffle 1,32,86,73,64,90,548,Cobble,SC1,0,0,0,0,Trimble,
51321,2805553.31,1266497.01,7456.8,PITRCK,Relocate 2025,9/16/2025,After,226001370376,1,Riffle 1,12,25,17,7,16,5.594,Gravel,MG2,0,0,0,1,Trimble, Approximate recap location.
51322,2806307.55,1266549.98,7458.47,PITRCK,Relocate 2025,9/16/2025,After,230000111581,1,Riffle 1,32,113,101,43,90,755,Cobble,SC1,0,0,0,1,Trimble,
51323,2806120.77,1266531.88,7456.97,PITRCK,Relocate 2025,9/22/2025,After,231000039733,1,Riffle 1,14,47,37,20,32,50,Gravel,CG2,1,0,0,1,Trimble,
51324,2806309.02,1266556.72,7458.56,PITRCK,Relocate 2025,9/16/2025,After,230000111734,1,Riffle 1,32,120,104,64,128,1233,Cobble,SC2,0,0,1,0,Trimble,
51328,2806304.43,1266592.45,7459.03,PITRCK,Relocate 2025,9/16/2025,After,230000111575,1,Riffle 1,32,135,96,53,90,1034,Cobble,SC1,0,0,0,1,Trimble,
51329,2806311.88,1266599.6,7459.93,PITRCK,Relocate 2025,9/16/2025,After,230000111733,1,Riffle 1,32,303,265,148,>256,15900,Boulder,SB1,0,0,0,0,Trimble,
51331,2806271.68,1266620.8,7458.68,PITRCK,Relocate 2025,9/16/2025,After,230000111700,1,Riffle 1,32,131,82,56,90,709,Cobble,SC1,0,0,0,0,Trimble,
51332,2806207.74,1266595.61,7457.56,PITRCK,Relocate 2025,9/16/2025,After,231000039758,1,Riffle 1,14,40,33,18,32,40.5,Gravel,CG2,0,0,0,1,Trimble,
51333,2806304.22,1266626.32,7458.94,PITRCK,Relocate 2025,9/16/2025,After,230000111668,1,Riffle 1,32,177,112,67,128,1929,Cobble,SC2,0,0,0,0,Trimble,
51334,2806259.58,1266616.69,7458.53,PITRCK,Relocate 2025,9/16/2025,After,228000607552,1,Riffle 1,23,75,64,54,64,543,Gravel,VCG2,0,0,0,0,Trimble,
51336,2806293.31,1266642.91,7457.95,PITRCK,Relocate 2025,9/16/2025,After,230000111545,1,Riffle 1,32,121,71,58,90,829,Cobble,SC1,0,1,0,0,Trimble,
51337,2806303.76,1266653.45,7458.99,PITRCK,Relocate 2025,9/16/2025,After,230000111540,1,Riffle 1,32,119,82,59,90,734,Cobble,SC1,0,0,0,0,Trimble,
51338,2806300.61,1266660.14,7459.26,PITRCK,Relocate 2025,9/16/2025,After,230000111735,1,Riffle 1,32,141,117,56,128,1706,Cobble,SC2,0,1,0,0,Trimble,
51339,2806108.07,1266588.98,7457.34,PITRCK,Relocate 2025,9/22/2025,After,226001370243,1,Riffle 1,12,20,18,11,16,4.967,Gravel,MG2,0,0,0,1,Trimble,
51340,2806299.77,1266541.77,7459.13,PITRCK,Relocate 2025,9/16/2025,After,230000111686,1,Riffle 1,32,110,78,34,90,601,Cobble,SC1,0,0,0,0,Trimble,
51341,2806214.32,1266536.37,7457.99,PITRCK,Relocate 2025,9/16/2025,After,231000039765,1,Riffle 1,14,46,30,22,32,44,Gravel,CG2,0,0,0,1,Trimble,"tag could be damaged, trouble detecting. "
51342,2806298.16,1266551.92,7458.92,PITRCK,Relocate 2025,9/16/2025,After,230000111592,1,Riffle 1,32,213,113,49,128,2412,Cobble,SC2,0,0,0,0,Trimble,
51343,2806297.72,1266560.22,7458.42,PITRCK,Relocate 2025,9/16/2025,After,231000039781,1,Riffle 1,14,52,28,24,32,57.5,Gravel,CG2,0,0,0,1,Trimble, Approximate recap location.
51344,2806285.96,1266569.33,7458.87,PITRCK,Relocate 2025,9/16/2025,After,230000111695,1,Riffle 1,32,120,97,77,90,1034,Cobble,SC1,1,0,0,0,Trimble,
51346,2806293.25,1266584.43,7458.6,PITRCK,Relocate 2025,9/16/2025,After,230000111555,1,Riffle 1,32,109,71,69,90,826,Cobble,SC1,0,1,0,0,Trimble,
51347,2806293.69,1266594.59,7459.16,PITRCK,Relocate 2025,9/16/2025,After,228000607507,1,Riffle 1,23,65,45,42,64,197,Gravel,VCG2,0,0,0,1,Trimble, Approximate recap location.
51348,2806286.35,1266598.99,7458.83,PITRCK,Relocate 2025,9/16/2025,After,230000111644,1,Riffle 1,32,135,93,72,90,1442,Cobble,SC1,0,0,0,1,Trimble,
51349,2806210.14,1266582.67,7457.7,PITRCK,Relocate 2025,9/16/2025,After,230000111698,1,Riffle 1,32,89,82,70,90,771,Cobble,SC1,1,0,0,0,Trimble,
51350,2806289.87,1266613.38,7458.97,PITRCK,Relocate 2025,9/22/2025,After,230000111614,1,Riffle 1,32,306,205,256,256,18900,Cobble,LC2,0,0,0,0,Trimble,
51351,2806288.64,1266621.61,7458.06,PITRCK,Relocate 2025,9/22/2025,After,228000607509,1,Riffle 1,23,106,64,36,64,440,Gravel,VCG2,0,0,0,1,Trimble, Approximate recap location.
51352,2806136.26,1266595.7,7457.72,PITRCK,Relocate 2025,9/22/2025,After,228000607549,1,Riffle 1,23,72,50,38,64,185,Gravel,VCG2,0,1,0,0,Trimble,
51353,2806264.59,1266618.67,7458.14,PITRCK,Relocate 2025,9/16/2025,After,228000607571,1,Riffle 1,23,127,71,31,64,415,Gravel,VCG2,0,0,0,0,Trimble,
51355,2806288.38,1266646.55,7458.31,PITRCK,Relocate 2025,9/16/2025,After,228000607534,1,Riffle 1,23,70,63,55,64,654,Gravel,VCG2,1,0,0,1,Trimble,
51356,2806287.53,1266649.89,7458.57,PITRCK,Relocate 2025,9/16/2025,After,228000607577,1,Riffle 1,23,94,66,23,64,361,Gravel,VCG2,0,0,0,0,Trimble,
51357,2806285.49,1266652.52,7458.68,PITRCK,Relocate 2025,9/16/2025,After,226001370244,1,Riffle 1,12,17,15,9,16,3.148,Gravel,MG2,1,0,0,1,Trimble, Approximate recap location.
51358,2806286.23,1266658.8,7459.16,PITRCK,Relocate 2025,9/16/2025,After,228000607517,1,Riffle 1,23,68,56,43,64,241,Gravel,VCG2,0,0,0,0,Trimble,
51359,2806287.69,1266663.07,7459.17,PITRCK,Relocate 2025,9/16/2025,After,228000607560,1,Riffle 1,23,82,64,37,64,407,Gravel,VCG2,0,0,0,0,Trimble,
51360,2806252.28,1266533.76,7458.25,PITRCK,Relocate 2025,9/16/2025,After,230000111560,1,Riffle 1,32,91,75,50,64,337,Gravel,VCG2,1,0,0,0,Trimble,
51361,2806257.55,1266537.89,7458.66,PITRCK,Relocate 2025,9/16/2025,After,231000039735,1,Riffle 1,14,61,31,28,32,87.5,Gravel,CG2,0,0,0,1,Trimble,
51362,2806257.56,1266542.21,7458.61,PITRCK,Relocate 2025,9/16/2025,After,230000111566,1,Riffle 1,32,134,115,43,128,1003,Cobble,SC2,0,0,0,0,Trimble,
51363,2806145.86,1266538.05,7457.22,PITRCK,Relocate 2025,9/16/2025,After,228000607573,1,Riffle 1,23,102,61,48,64,550,Gravel,VCG2,0,0,0,0,Trimble,
51365,2806253.33,1266560.13,7459.26,PITRCK,Relocate 2025,9/16/2025,After,230000298013,1,Riffle 1,32,225,170,104,256,9100,Cobble,LC2,0,0,0,0,Trimble,
51366,2806218.94,1266564.61,7458.04,PITRCK,Relocate 2025,9/16/2025,After,228000607524,1,Riffle 1,23,86,68,54,64,562,Gravel,VCG2,0,1,0,0,Trimble,
51367,2806165.98,1266560.49,7457.26,PITRCK,Relocate 2025,9/22/2025,After,228000607535,1,Riffle 1,23,74,54,36,64,254,Gravel,VCG2,0,0,0,1,Trimble,
51368,2806248.74,1266580.44,7458.46,PITRCK,Relocate 2025,9/22/2025,After,230000111643,1,Riffle 1,32,184,125,58,128,2352,Cobble,SC2,1,0,0,0,Trimble,
51369,2806247.51,1266581.69,7458.34,PITRCK,Relocate 2025,9/16/2025,After,228000607505,1,Riffle 1,23,94,61,41,64,336,Gravel,VCG2,0,0,0,0,Trimble,
51371,2806247.99,1266595.64,7458.44,PITRCK,Relocate 2025,9/16/2025,After,230000111534,1,Riffle 1,32,157,135,130,180,3638,Cobble,LC1,0,0,0,0,Trimble,
51372,2806246.56,1266603.21,7458.34,PITRCK,Relocate 2025,9/16/2025,After,228000607565,1,Riffle 1,23,94,58,56,64,433,Gravel,VCG2,0,0,0,1,Trimble,
51373,2806174.68,1266583.85,7457.48,PITRCK,Relocate 2025,9/22/2025,After,228000607520,1,Riffle 1,23,90,64,52,64,543,Gravel,VCG2,0,0,0,0,Trimble,
51374,2806241.62,1266614.79,7458.11,PITRCK,Relocate 2025,9/16/2025,After,230000111541,1,Riffle 1,32,356,290,138,>256,14100,Boulder,SB1,0,0,0,0,Trimble,
51375,2806245.03,1266621.94,7458.58,PITRCK,Relocate 2025,9/16/2025,After,230000111523,1,Riffle 1,32,150,109,78,128,1992,Cobble,SC2,0,0,0,1,Trimble,
51377,2806210.9,1266616.16,7458.66,PITRCK,Relocate 2025,9/16/2025,After,230000111684,1,Riffle 1,32,198,117,64,128,2248,Cobble,SC2,0,0,0,0,Trimble,
51378,2805480.69,1266562.86,7457.21,PITRCK,Relocate 2025,9/16/2025,After,226001370342,1,Riffle 1,12,29,17,10,16,7.81,Gravel,MG2,0,0,0,1,Trimble,
51379,2806058.85,1266586.25,7457.51,PITRCK,Relocate 2025,9/16/2025,After,230000111527,1,Riffle 1,32,139,76,75,90,1153,Cobble,SC1,0,1,0,0,Trimble,
51380,2806239.35,1266524.5,7459.14,PITRCK,Relocate 2025,9/16/2025,After,228000607516,1,Riffle 1,23,81,63,55,64,514,Gravel,VCG2,0,0,0,0,Trimble,
51381,2806022.68,1266526.02,7457.19,PITRCK,Relocate 2025,9/16/2025,After,231000039720,1,Riffle 1,14,88,39,14,32,82,Gravel,CG2,0,0,0,1,Trimble,
51382,2806237.3,1266539.51,7458.52,PITRCK,Relocate 2025,9/16/2025,After,230000111728,1,Riffle 1,32,165,123,75,180,2327,Cobble,LC1,0,0,0,0,Trimble,
51383,2806219.94,1266543.54,7458.08,PITRCK,Relocate 2025,9/16/2025,After,228000607537,1,Riffle 1,23,95,61,35,64,458,Gravel,VCG2,0,1,0,0,Trimble,
51384,2806232.32,1266549.74,7458.39,PITRCK,Relocate 2025,9/16/2025,After,230000298011,1,Riffle 1,32,235,210,63,256,7400,Cobble,LC2,0,0,0,0,Trimble,
51386,2806087.42,1266540.52,7457.02,PITRCK,Relocate 2025,9/16/2025,After,228000607533,1,Riffle 1,23,89,65,52,64,400,Gravel,VCG2,0,1,0,0,Trimble,
51387,2806229.55,1266567.03,7458.88,PITRCK,Relocate 2025,9/16/2025,After,230000111510,1,Riffle 1,32,460,230,125,256,17100,Cobble,LC2,0,0,0,0,Trimble,
51388,2806224.29,1266571.95,7458.51,PITRCK,Relocate 2025,9/16/2025,After,230000111624,1,Riffle 1,32,157,152,82,180,2584,Cobble,LC1,1,0,0,0,Trimble,
51389,2806195.93,1266576.75,7457.63,PITRCK,Relocate 2025,9/16/2025,After,230000111677,1,Riffle 1,32,90,78,69,90,608,Cobble,SC1,0,0,0,0,Trimble,
51390,2806229.86,1266586.24,7457.96,PITRCK,Relocate 2025,9/16/2025,After,230000111548,1,Riffle 1,32,90,76,52,90,530,Cobble,SC1,0,0,0,1,Trimble,
51391,2806216.64,1266594.45,7457.64,PITRCK,Relocate 2025,9/16/2025,After,230000111570,1,Riffle 1,32,218,94,50,128,2142,Cobble,SC2,0,0,0,0,Trimble,
51392,2806227.4,1266601.35,7457.85,PITRCK,Relocate 2025,9/16/2025,After,230000111716,1,Riffle 1,32,129,116,60,128,1338,Cobble,SC2,0,1,0,0,Trimble,
51393,2806225.39,1266607.62,7458.57,PITRCK,Relocate 2025,9/16/2025,After,230000111507,1,Riffle 1,32,331,236,143,256,11400,Cobble,LC2,1,0,0,0,Trimble,
51395,2806219.33,1266616.74,7458.18,PITRCK,Relocate 2025,9/16/2025,After,230000111594,1,Riffle 1,32,135,67,55,90,911,Cobble,SC1,0,0,0,0,Trimble,
51397,2806221.89,1266629.07,7458.34,PITRCK,Relocate 2025,9/16/2025,After,230000111567,1,Riffle 1,32,128,104,33,90,645,Cobble,SC1,0,0,0,0,Trimble,
51399,2806148.72,1266610.72,7458.48,PITRCK,Relocate 2025,9/16/2025,After,230000111648,1,Riffle 1,32,101,88,34,90,508,Cobble,SC1,0,0,0,1,Trimble,
51400,2804575.59,1266602.9,7454.93,PITRCK,Relocate 2025,9/17/2025,After,230000111599,2A,Riffle 2A,32,135,120,75,128,1877,Cobble,SC2,1,0,0,0,Trimble,
51401,2803566.59,1266623.52,7448.51,PITRCK,Relocate 2025,9/17/2025,After,228000607528,2A,Riffle 2A,23,84,69,41,64,409,Gravel,VCG2,1,0,0,0,Trimble,
51402,2804567.22,1266592.71,7454.62,PITRCK,Relocate 2025,9/17/2025,After,230000111738,2A,Riffle 2A,32,140,110,77,128,1999,Cobble,SC2,0,1,0,0,Trimble,
51404,2803117.73,1266475.24,7448.74,PITRCK,Relocate 2025,9/17/2025,After,228000607576,2A,Riffle 2A,23,104,64,43,64,599,Gravel,VCG2,0,0,0,0,Trimble,"correct point, R1. "
51405,2804614.54,1266585.91,7454.78,PITRCK,Relocate 2025,9/17/2025,After,230000111634,2A,Riffle 2A,32,367,215,128,256,16700,Cobble,LC2,0,0,0,0,Trimble,
51407,2803614.96,1266656.6,7448.32,PITRCK,Relocate 2025,9/17/2025,After,230000111658,2A,Riffle 2A,32,90,83,56,90,732,Cobble,SC1,0,0,0,1,Trimble,
51410,2803233.53,1266490.85,7449.56,PITRCK,Relocate 2025,9/17/2025,After,231000039756,2A,Riffle 2A,14,51,31,27,32,59,Gravel,CG2,0,0,0,0,Trimble,pit tag no longer attatched to rock removed from river. 
51411,2804626.44,1266556.24,7456.18,PITRCK,Relocate 2025,9/17/2025,After,230000111645,2A,Riffle 2A,32,134,101,91,128,2037,Cobble,SC2,0,0,0,0,Trimble,
51412,2804604.65,1266552.78,7456.01,PITRCK,Relocate 2025,9/17/2025,After,228000607564,2A,Riffle 2A,23,108,64,45,64,477,Gravel,VCG2,0,0,0,0,Trimble,
51414,2804603.86,1266563.62,7455.46,PITRCK,Relocate 2025,9/17/2025,After,230000111719,2A,Riffle 2A,32,165,110,61,128,1712,Cobble,SC2,0,0,0,0,Trimble,
51417,2803791.62,1266666.12,7448.59,PITRCK,Relocate 2025,9/17/2025,After,230000111694,2A,Riffle 2A,32,150,109,88,128,1738,Cobble,SC2,0,0,0,0,Trimble,
51418,2804600.19,1266587.02,7454.75,PITRCK,Relocate 2025,9/17/2025,After,230000111729,2A,Riffle 2A,32,346,280,115,>256,21300,Boulder,SB1,0,0,0,0,Trimble,
51419,2803785.63,1266659.59,7448.7,PITRCK,Relocate 2025,9/17/2025,After,230000111660,2A,Riffle 2A,32,112,87,57,90,727,Cobble,SC1,0,0,0,1,Trimble,
51421,2804578.38,1266601.03,7454.89,PITRCK,Relocate 2025,9/17/2025,After,230000111629,2A,Riffle 2A,32,155,132,54,128,1834,Cobble,SC2,0,0,0,0,Trimble,
51422,2804451.99,1266568.62,7453.36,PITRCK,Relocate 2025,9/17/2025,After,226001370257,2A,Riffle 2A,12,26,20,9,16,4.179,Gravel,MG2,0,0,0,1,Trimble, Approximate recap location.
51423,2803326.43,1266565.1,7448.95,PITRCK,Relocate 2025,9/17/2025,After,230000111718,2A,Riffle 2A,32,85,72,57,90,509,Cobble,SC1,1,0,0,0,Trimble,
51425,2804573.76,1266610.52,7455.29,PITRCK,Relocate 2025,9/17/2025,After,230000111603,2A,Riffle 2A,32,181,125,100,128,3827,Cobble,SC2,0,0,0,0,Trimble,
51426,2803866.35,1266671.14,7450.83,PITRCK,Relocate 2025,9/17/2025,After,231000039788,2A,Riffle 2A,14,51,36,18,32,65,Gravel,CG2,0,0,0,1,Trimble,
51427,2804554.85,1266592.06,7454.36,PITRCK,Relocate 2025,9/17/2025,After,230000111605,2A,Riffle 2A,32,140,121,59,128,1380,Cobble,SC2,0,0,0,0,Trimble,
51428,2804572.47,1266594.36,7455.37,PITRCK,Relocate 2025,9/17/2025,After,230000111515,2A,Riffle 2A,32,395,265,205,362,27100,Boulder,SB1,0,0,0,0,Trimble,
51429,2804559.7,1266580.51,7454.46,PITRCK,Relocate 2025,9/17/2025,After,230000111586,2A,Riffle 2A,32,135,97,68,128,1766,Cobble,SC2,1,0,0,0,Trimble,
51430,2803112.06,1266390.15,7448.73,PITRCK,Relocate 2025,9/17/2025,After,230000111583,2A,Riffle 2A,32,85,61,55,90,493,Cobble,SC1,0,0,0,1,Trimble, Approximate recap location.
51432,2804543.31,1266564.06,7454.43,PITRCK,Relocate 2025,9/17/2025,After,230000111547,2A,Riffle 2A,32,168,111,53,90,1488,Cobble,SC1,0,0,0,0,Trimble,
51436,2804576.85,1266551.12,7455.26,PITRCK,Relocate 2025,9/17/2025,After,230000111621,2A,Riffle 2A,32,118,79,65,90,1151,Cobble,SC1,0,0,0,0,Trimble,
51437,2804510,1266596.12,7455.71,PITRCK,Relocate 2025,9/17/2025,After,230000111657,2A,Riffle 2A,32,100,72,42,64,379,Gravel,VCG2,0,1,0,0,Trimble,
51439,2804519.56,1266585.08,7454.76,PITRCK,Relocate 2025,9/17/2025,After,230000111709,2A,Riffle 2A,32,201,182,58,180,3584,Cobble,LC1,0,0,0,0,Trimble,
51440,2803868.49,1266660.88,7450.5,PITRCK,Relocate 2025,9/17/2025,After,231000039715,2A,Riffle 2A,14,61,31,17,32,42,Gravel,CG2,0,0,0,1,Trimble,
51442,2803815.33,1266673.44,7449.7,PITRCK,Relocate 2025,9/17/2025,After,230000111732,2A,Riffle 2A,32,210,158,107,180,3929,Cobble,LC1,0,0,0,0,Trimble,
51443,2804524.9,1266563.16,7454.08,PITRCK,Relocate 2025,9/17/2025,After,230000111587,2A,Riffle 2A,32,320,235,105,256,11600,Cobble,LC2,0,0,0,0,Trimble,
51444,2803657.68,1266626.39,7448.28,PITRCK,Relocate 2025,9/17/2025,After,228000607539,2A,Riffle 2A,23,110,63,31,64,372,Gravel,VCG2,0,0,0,0,Trimble, Approximate recap location.
51445,2804496.13,1266541.9,7453.26,PITRCK,Relocate 2025,9/17/2025,After,230000111602,2A,Riffle 2A,32,178,155,48,180,2087,Cobble,LC1,0,0,0,0,Trimble,
51446,2804035.15,1266630.35,7452.26,PITRCK,Relocate 2025,9/17/2025,After,226001370298,2A,Riffle 2A,12,18,17,10,16,4.49,Gravel,MG2,0,0,0,1,Trimble, Approximate recap location.
51447,2804490.12,1266541.85,7453.09,PITRCK,Relocate 2025,9/17/2025,After,228000607569,2A,Riffle 2A,23,99,78,44,64,493,Gravel,VCG2,1,0,0,0,Trimble,
51448,2803575.03,1266619.6,7448.4,PITRCK,Relocate 2025,9/17/2025,After,228000607561,2A,Riffle 2A,23,106,53,49,64,350,Gravel,VCG2,0,0,0,0,Trimble,
51449,2804515.49,1266536.06,7455.02,PITRCK,Relocate 2025,9/17/2025,After,228000607547,2A,Riffle 2A,23,80,70,43,64,370,Gravel,VCG2,1,0,0,0,Trimble,
51450,2804253.29,1266614.2,7454.12,PITRCK,Relocate 2025,9/17/2025,After,228000607511,2B,Riffle 2B,23,120,75,50,64,466,Gravel,VCG2,0,0,0,1,Trimble, Approximate recap location.
51451,2804251.38,1266610.48,7453.39,PITRCK,Relocate 2025,9/17/2025,After,228000607570,2B,Riffle 2B,23,75,63,48,64,338,Gravel,VCG2,0,0,0,1,Trimble,
51452,2804234.38,1266614.23,7454.13,PITRCK,Relocate 2025,9/17/2025,After,231000039736,2B,Riffle 2B,14,49,36,20,32,55.5,Gravel,CG2,0,0,0,0,Trimble,
51453,2803768.74,1266651.21,7448.51,PITRCK,Relocate 2025,9/17/2025,After,230000111669,2B,Riffle 2B,32,151,137,65,128,2083,Cobble,SC2,0,0,0,1,Trimble, Approximate recap location.
51454,2803530.34,1266641.49,7448.19,PITRCK,Relocate 2025,9/17/2025,After,230000111584,2B,Riffle 2B,32,145,141,67,128,2105,Cobble,SC2,0,0,0,1,Trimble, Approximate recap location.
51455,2803790.5,1266630.51,7448.51,PITRCK,Relocate 2025,9/17/2025,After,230000298004,2B,Riffle 2B,32,285,182,120,256,11600,Cobble,LC2,1,0,0,0,Trimble,
51456,2803471.37,1266663.57,7449.11,PITRCK,Relocate 2025,9/17/2025,After,228000607554,2B,Riffle 2B,23,81,64,30,64,213,Gravel,VCG2,0,0,0,1,Trimble, Approximate recap location.
51457,2803807.67,1266652.84,7449.37,PITRCK,Relocate 2025,9/17/2025,After,230000111568,2B,Riffle 2B,32,133,87,49,90,784,Cobble,SC1,0,0,0,1,Trimble, Approximate recap location.
51459,2803938.03,1266622.87,7452.02,PITRCK,Relocate 2025,9/17/2025,After,231000039740,2B,Riffle 2B,14,50,33,20,32,41,Gravel,CG2,0,0,0,1,Trimble, Approximate recap location.
51462,2803694.38,1266666.58,7448.02,PITRCK,Relocate 2025,9/17/2025,After,228000607527,2B,Riffle 2B,23,70,74,55,64,425,Gravel,VCG2,0,0,0,0,Trimble, Approximate recap location.
51463,2803547.89,1266644.97,7448.53,PITRCK,Relocate 2025,9/17/2025,After,230000111606,2B,Riffle 2B,32,147,108,64,128,1636,Cobble,SC2,0,0,0,0,Trimble,
51465,2803826.12,1266657.77,7450.04,PITRCK,Relocate 2025,9/17/2025,After,230000111572,2B,Riffle 2B,32,162,104,67,128,1710,Cobble,SC2,0,0,0,1,Trimble, Approximate recap location.
51467,2803516.8,1266659.94,7448.24,PITRCK,Relocate 2025,9/17/2025,After,230000298005,2B,Riffle 2B,32,183,158,100,256,4300,Cobble,LC2,0,0,0,1,Trimble, Approximate recap location.
51468,2804146.54,1266631.54,7452.96,PITRCK,Relocate 2025,9/17/2025,After,230000111522,2B,Riffle 2B,32,295,250,174,256,16100,Cobble,LC2,0,0,0,0,Trimble,
51469,2803118.39,1266449.58,7449.8,PITRCK,Relocate 2025,9/17/2025,After,228000607504,2B,Riffle 2B,23,77,65,40,64,362,Gravel,VCG2,0,0,0,1,Trimble, Approximate recap location.
51471,2803754.57,1266646.92,7448.37,PITRCK,Relocate 2025,9/17/2025,After,230000111504,2B,Riffle 2B,32,166,128,81,128,2127,Cobble,SC2,0,0,0,1,Trimble,
51474,2803122.85,1266464.17,7449.13,PITRCK,Relocate 2025,9/17/2025,After,228000607540,2B,Riffle 2B,23,100,67,46,64,506,Gravel,VCG2,0,0,0,1,Trimble, Approximate recap location.
51475,2803145.43,1266458.19,7448.05,PITRCK,Relocate 2025,9/17/2025,After,228000607526,2B,Riffle 2B,23,117,74,43,64,561,Gravel,VCG2,0,0,0,1,Trimble, Approximate recap location.
51476,2804171.14,1266637.59,7453.52,PITRCK,Relocate 2025,9/17/2025,After,230000298012,2B,Riffle 2B,32,193,120,84,256,4900,Cobble,LC2,0,0,0,0,Trimble,
51478,2804190.47,1266621.4,7453.79,PITRCK,Relocate 2025,9/17/2025,After,230000111666,2B,Riffle 2B,32,321,290,200,>256,18300,Boulder,SB1,0,0,0,0,Trimble,
51480,2803651.29,1266642.6,7448.49,PITRCK,Relocate 2025,9/17/2025,After,230000111705,2B,Riffle 2B,32,160,84,69,90,1747,Cobble,SC1,0,0,0,0,Trimble,
51483,2804003.74,1266655.94,7451.42,PITRCK,Relocate 2025,9/17/2025,After,230000111508,2B,Riffle 2B,32,256,214,190,256,16900,Cobble,LC2,0,0,0,0,Trimble,
51485,2803846.66,1266650.71,7450.6,PITRCK,Relocate 2025,9/17/2025,After,230000111703,2B,Riffle 2B,32,114,85,37,90,604,Cobble,SC1,0,0,0,1,Trimble, Approximate recap location.
51487,2802849.18,1266239.12,7447.66,PITRCK,Relocate 2025,9/17/2025,After,230000111696,2B,Riffle 2B,32,103,89,59,90,759,Cobble,SC1,0,0,0,1,Trimble, Approximate recap location.
51491,2803441.54,1266630.79,7448.42,PITRCK,Relocate 2025,9/17/2025,After,230000111604,2B,Riffle 2B,32,195,62,56,90,1437,Cobble,SC1,1,0,0,0,Trimble,
51493,2804144.96,1266630.22,7453.16,PITRCK,Relocate 2025,9/17/2025,After,230000111726,2B,Riffle 2B,32,330,285,138,362,32000,Boulder,SB1,0,0,0,0,Trimble,
51494,2803279.76,1266545.24,7448.87,PITRCK,Relocate 2025,9/17/2025,After,230000111681,2B,Riffle 2B,32,100,65,55,90,572,Cobble,SC1,0,0,0,1,Trimble,
51497,2803464.59,1266629.99,7448.46,PITRCK,Relocate 2025,9/17/2025,After,230000111673,2B,Riffle 2B,32,139,96,75,128,1437,Cobble,SC2,1,0,0,0,Trimble,
51499,2804171.09,1266643.34,7453.75,PITRCK,Relocate 2025,9/17/2025,After,230000111664,2B,Riffle 2B,32,116,88,67,90,904,Cobble,SC1,1,0,0,0,Trimble,
51501,2804605.13,1266608.7,7455.55,PITRCK,Relocate 2025,9/17/2025,After,230000111519,2A,Riffle 2A,32,151,141,52,128,1937,Cobble,SC2,0,0,0,0,Trimble,
51502,2804605.85,1266602.92,7455.03,PITRCK,Relocate 2025,9/17/2025,After,230000111591,2A,Riffle 2A,32,150,122,61,128,1204,Cobble,SC2,0,0,0,0,Trimble,
51503,2804606.22,1266598.2,7454.72,PITRCK,Relocate 2025,9/17/2025,After,230000111585,2A,Riffle 2A,32,115,105,33,90,770,Cobble,SC1,0,0,0,0,Trimble,
51504,2804607.2,1266593.33,7454.67,PITRCK,Relocate 2025,9/17/2025,After,230000111537,2A,Riffle 2A,32,158,99,67,128,1856,Cobble,SC2,0,0,0,0,Trimble,
51505,2804607.51,1266588.68,7454.23,PITRCK,Relocate 2025,9/17/2025,After,231000039792,2A,Riffle 2A,14,42,29,23,32,40.5,Gravel,CG2,0,0,0,0,Trimble,
51506,2804608.73,1266583.48,7454.69,PITRCK,Relocate 2025,9/17/2025,After,230000111573,2A,Riffle 2A,32,137,93,55,90,1165,Cobble,SC1,1,0,0,0,Trimble,
51507,2804608.69,1266578.75,7454.94,PITRCK,Relocate 2025,9/17/2025,After,230000111697,2A,Riffle 2A,32,115,89,65,128,985,Cobble,SC2,1,0,0,0,Trimble,
51508,2804611,1266572.41,7455.07,PITRCK,Relocate 2025,9/17/2025,After,230000111670,2A,Riffle 2A,32,95,80,51,90,627,Cobble,SC1,0,0,0,1,Trimble,
51509,2804610.66,1266567.53,7455.39,PITRCK,Relocate 2025,9/17/2025,After,230000111652,2A,Riffle 2A,32,120,78,71,90,861,Cobble,SC1,0,0,0,0,Trimble,
51510,2804610.39,1266561.04,7455.67,PITRCK,Relocate 2025,9/17/2025,After,230000111742,2A,Riffle 2A,32,111,72,46,90,646,Cobble,SC1,1,0,0,0,Trimble,
51511,2804591.98,1266552.5,7455.26,PITRCK,Relocate 2025,9/17/2025,After,226001370241,2A,Riffle 2A,12,22,16,12,16,5.082,Gravel,MG2,0,0,0,0,Trimble,
51512,2804590.66,1266559.44,7455.46,PITRCK,Relocate 2025,9/17/2025,After,230000111731,2A,Riffle 2A,32,145,98,56,128,1335,Cobble,SC2,0,0,0,0,Trimble,
51513,2804589.48,1266565.29,7455.38,PITRCK,Relocate 2025,9/17/2025,After,209000132772,2A,Riffle 2A,23,186,132,87,128,3700,Cobble,SC2,0,0,0,0,Trimble,
51514,2804588.76,1266570.25,7454.86,PITRCK,Relocate 2025,9/17/2025,After,230000111713,2A,Riffle 2A,32,104,86,45,90,730,Cobble,SC1,0,0,0,0,Trimble,
51515,2804587.1,1266576.08,7454.71,PITRCK,Relocate 2025,9/17/2025,After,230000111747,2A,Riffle 2A,32,110,100,59,128,897,Cobble,SC2,1,0,0,0,Trimble,
51516,2804588.27,1266580.83,7454.75,PITRCK,Relocate 2025,9/17/2025,After,230000111589,2A,Riffle 2A,32,125,113,95,128,2284,Cobble,SC2,0,0,0,0,Trimble,
51517,2804587.65,1266586.17,7454.96,PITRCK,Relocate 2025,9/17/2025,After,230000111564,2A,Riffle 2A,32,109,85,42,90,747,Cobble,SC1,0,0,0,0,Trimble,
51518,2804587.03,1266591.63,7455.29,PITRCK,Relocate 2025,9/17/2025,After,209000132797,2A,Riffle 2A,23,411,280,220,>256,29700,Boulder,SB1,0,0,0,0,Trimble,
51519,2804587.06,1266596.83,7455,PITRCK,Relocate 2025,9/17/2025,After,209000133113,2A,Riffle 2A,23,100,59,51,90,629,Cobble,SC1,0,0,0,0,Trimble,
51520,2804586.14,1266602.65,7454.83,PITRCK,Relocate 2025,9/17/2025,After,230000111619,2A,Riffle 2A,32,95,64,54,90,460,Cobble,SC1,1,1,0,0,Trimble,
51521,2804585.09,1266607.72,7455.22,PITRCK,Relocate 2025,9/17/2025,After,228000607542,2A,Riffle 2A,23,119,64,45,64,469,Gravel,VCG2,0,0,0,0,Trimble,
51522,2804566.17,1266609.7,7455.27,PITRCK,Relocate 2025,9/17/2025,After,230000111743,2A,Riffle 2A,32,119,97,74,90,1151,Cobble,SC1,0,0,0,0,Trimble,
51523,2804567.16,1266603.63,7454.86,PITRCK,Relocate 2025,9/17/2025,After,228000607574,2A,Riffle 2A,23,62,43,32,64,140,Gravel,VCG2,0,0,0,0,Trimble,
51524,2804569.34,1266597.75,7454.75,PITRCK,Relocate 2025,9/17/2025,After,230000111620,2A,Riffle 2A,32,159,120,46,128,1290,Cobble,SC2,0,0,0,0,Trimble,
51525,2804570.31,1266592.35,7455.13,PITRCK,Relocate 2025,9/17/2025,After,230000111672,2A,Riffle 2A,32,102,80,55,90,831,Cobble,SC1,0,0,0,0,Trimble,
51526,2804571.55,1266587.83,7454.77,PITRCK,Relocate 2025,9/17/2025,After,230000111593,2A,Riffle 2A,32,165,66,54,90,1192,Cobble,SC1,0,0,0,0,Trimble,
51527,2804572.43,1266583.25,7454.77,PITRCK,Relocate 2025,9/17/2025,After,230000111625,2A,Riffle 2A,32,118,106,77,128,1218,Cobble,SC2,1,0,0,0,Trimble,
51528,2804573.9,1266577.73,7454.55,PITRCK,Relocate 2025,9/17/2025,After,228000607518,2A,Riffle 2A,23,86,66,38,64,NA,Gravel,VCG2,1,1,0,0,Trimble,
51529,2804574.36,1266572.85,7454.57,PITRCK,Relocate 2025,9/17/2025,After,226001370201,2A,Riffle 2A,12,26,16,7,16,3.799,Gravel,MG2,0,0,0,0,Trimble,
51530,2804575.7,1266567.93,7455,PITRCK,Relocate 2025,9/17/2025,After,230000111707,2A,Riffle 2A,32,151,98,58,90,1186,Cobble,SC1,1,0,0,0,Trimble,
51531,2804575.21,1266562.84,7454.71,PITRCK,Relocate 2025,9/17/2025,After,226001370208,2A,Riffle 2A,12,20,18,15,22.6,5.638,Gravel,CG1,1,0,0,0,Trimble,
51532,2804578.78,1266557.45,7455.24,PITRCK,Relocate 2025,9/17/2025,After,230000111546,2A,Riffle 2A,32,135,108,38,128,1187,Cobble,SC2,0,0,0,0,Trimble,
51533,2804579.14,1266552.09,7455.34,PITRCK,Relocate 2025,9/17/2025,After,230000111682,2A,Riffle 2A,32,110,97,52,90,812,Cobble,SC1,0,0,0,0,Trimble,
51534,2804547.84,1266545.88,7455.24,PITRCK,Relocate 2025,9/17/2025,After,230000111506,2A,Riffle 2A,32,110,108,41,128,941,Cobble,SC2,1,0,0,0,Trimble,
51535,2804546.57,1266552.02,7455.03,PITRCK,Relocate 2025,9/17/2025,After,230000111526,2A,Riffle 2A,32,119,101,43,90,1036,Cobble,SC1,0,0,0,0,Trimble,
51536,2804545.79,1266557.51,7454.57,PITRCK,Relocate 2025,9/17/2025,After,230000111739,2A,Riffle 2A,32,99,86,33,90,557,Cobble,SC1,0,0,0,0,Trimble,
51537,2804542.56,1266568.55,7454.37,PITRCK,Relocate 2025,9/17/2025,After,230000111501,2A,Riffle 2A,32,148,110,100,128,2344,Cobble,SC2,1,0,0,0,Trimble,
51538,2804542.72,1266573.21,7454.14,PITRCK,Relocate 2025,9/17/2025,After,230000111727,2A,Riffle 2A,32,165,125,60,128,2087,Cobble,SC2,0,0,0,0,Trimble,
51539,2804542.15,1266578.64,7454.15,PITRCK,Relocate 2025,9/17/2025,After,230000111636,2A,Riffle 2A,32,141,97,83,128,2024,Cobble,SC2,0,0,0,0,Trimble,
51540,2804541.33,1266583.83,7454.31,PITRCK,Relocate 2025,9/17/2025,After,230000111685,2A,Riffle 2A,32,110,96,55,90,873,Cobble,SC1,0,0,0,0,Trimble,
51541,2804539.31,1266589.18,7454.3,PITRCK,Relocate 2025,9/17/2025,After,230000111665,2A,Riffle 2A,32,83,68,48,90,400,Cobble,SC1,1,0,0,0,Trimble,
51542,2804538.5,1266595.16,7454.51,PITRCK,Relocate 2025,9/17/2025,After,230000111632,2A,Riffle 2A,32,124,96,53,90,802,Cobble,SC1,0,0,0,1,Trimble,
51543,2804536.62,1266599.88,7454.41,PITRCK,Relocate 2025,9/17/2025,After,230000111622,2A,Riffle 2A,32,122,66,42,90,555,Cobble,SC1,0,0,0,1,Trimble,
51550,2804263.27,1266611,7454.83,PITRCK,Relocate 2025,9/17/2025,After,230000111598,2B,Riffle 2B,32,142,104,54,128,1046,Cobble,SC2,0,0,0,0,Trimble,
51551,2804261.81,1266604.82,7454.23,PITRCK,Relocate 2025,9/17/2025,After,230000111691,2B,Riffle 2B,32,145,105,63,128,1716,Cobble,SC2,1,0,0,0,Trimble,
51552,2804260.5,1266599.08,7453.23,PITRCK,Relocate 2025,9/17/2025,After,230000111724,2B,Riffle 2B,32,169,128,69,128,2436,Cobble,SC2,1,0,0,0,Trimble,
51553,2804259.75,1266591.94,7452.97,PITRCK,Relocate 2025,9/17/2025,After,230000111654,2B,Riffle 2B,32,114,105,95,128,1678,Cobble,SC2,1,0,0,0,Trimble,
51554,2804257.62,1266586.93,7452.95,PITRCK,Relocate 2025,9/17/2025,After,228000607523,2B,Riffle 2B,23,112,60,45,64,579,Gravel,VCG2,0,1,0,0,Trimble,
51555,2804256.42,1266581.91,7452.8,PITRCK,Relocate 2025,9/17/2025,After,230000111569,2B,Riffle 2B,32,94,71,67,90,638,Cobble,SC1,1,0,0,0,Trimble,
51556,2804256.28,1266576.93,7452.82,PITRCK,Relocate 2025,9/17/2025,After,230000111740,2B,Riffle 2B,32,145,94,62,90,1384,Cobble,SC1,0,0,0,0,Trimble,
51557,2804255.44,1266572.8,7452.93,PITRCK,Relocate 2025,9/17/2025,After,230000111680,2B,Riffle 2B,32,131,112,71,128,1468,Cobble,SC2,1,0,0,0,Trimble,
51558,2804253.94,1266568.46,7453.44,PITRCK,Relocate 2025,9/17/2025,After,230000111710,2B,Riffle 2B,32,107,85,63,90,830,Cobble,SC1,0,0,0,0,Trimble,
51559,2804252.93,1266562.05,7453.76,PITRCK,Relocate 2025,9/17/2025,After,230000111582,2B,Riffle 2B,32,115,113,51,90,1007,Cobble,SC1,0,0,0,0,Trimble,
51560,2804252.04,1266557.51,7453.78,PITRCK,Relocate 2025,9/17/2025,After,230000111630,2B,Riffle 2B,32,115,98,59,90,1042,Cobble,SC1,1,0,0,0,Trimble,
51561,2804250.18,1266551.6,7454.33,PITRCK,Relocate 2025,9/17/2025,After,230000111600,2B,Riffle 2B,32,107,90,49,90,709,Cobble,SC1,0,0,0,0,Trimble,
51562,2804227.81,1266556.55,7454.27,PITRCK,Relocate 2025,9/17/2025,After,230000111662,2B,Riffle 2B,32,136,83,60,90,1117,Cobble,SC1,1,0,0,0,Trimble,
51563,2804229.92,1266563.65,7453.82,PITRCK,Relocate 2025,9/17/2025,After,209000132723,2B,Riffle 2B,23,207,204,91,180,5526,Cobble,LC1,0,0,0,0,Trimble,
51564,2804231.49,1266569.32,7453.02,PITRCK,Relocate 2025,9/17/2025,After,230000111511,2B,Riffle 2B,32,106,93,80,90,1175,Cobble,SC1,0,0,0,0,Trimble,
51565,2804232.45,1266574.84,7452.67,PITRCK,Relocate 2025,9/17/2025,After,230000111613,2B,Riffle 2B,32,136,112,43,90,1002,Cobble,SC1,0,1,0,0,Trimble,
51566,2804234.21,1266580.53,7452.45,PITRCK,Relocate 2025,9/17/2025,After,226001370276,2B,Riffle 2B,12,25,20,10,16,5.391,Gravel,MG2,0,0,0,1,Trimble, Approximate recap location.
51567,2804235.62,1266586,7452.71,PITRCK,Relocate 2025,9/17/2025,After,230000111607,2B,Riffle 2B,32,113,100,63,90,1093,Cobble,SC1,0,1,0,0,Trimble,
51568,2804237.48,1266594.83,7453.06,PITRCK,Relocate 2025,9/17/2025,After,230000111721,2B,Riffle 2B,32,187,97,51,90,1395,Cobble,SC1,0,1,0,0,Trimble,
51569,2804239.3,1266603.31,7453.2,PITRCK,Relocate 2025,9/17/2025,After,226001370273,2B,Riffle 2B,12,18,15,9,16,2.443,Gravel,MG2,0,0,0,0,Trimble, Approximate recap location.
51571,2804205.93,1266628.38,7453.94,PITRCK,Relocate 2025,9/17/2025,After,209000132802,2B,Riffle 2B,23,184,155,105,180,4768,Cobble,LC1,0,0,0,0,Trimble,
51572,2804203.64,1266621.48,7453.42,PITRCK,Relocate 2025,9/17/2025,After,228000607553,2B,Riffle 2B,23,76,59,50,64,435,Gravel,VCG2,0,0,0,0,Trimble,
51573,2804202.04,1266617.61,7453.69,PITRCK,Relocate 2025,9/17/2025,After,230000111692,2B,Riffle 2B,32,111,81,77,90,969,Cobble,SC1,1,0,0,0,Trimble,
51574,2804199.71,1266611.02,7453.58,PITRCK,Relocate 2025,9/17/2025,After,230000111687,2B,Riffle 2B,32,167,118,59,128,1363,Cobble,SC2,0,0,0,0,Trimble,
51575,2804197.5,1266603.45,7452.59,PITRCK,Relocate 2025,9/17/2025,After,226001370225,2B,Riffle 2B,12,22,15,13,16,5.19,Gravel,MG2,1,0,0,0,Trimble, Approximate recap location.
51576,2804196.95,1266598.34,7452.25,PITRCK,Relocate 2025,9/17/2025,After,226001370247,2B,Riffle 2B,12,22,15,10,16,3.018,Gravel,MG2,1,0,0,1,Trimble,
51577,2804195.23,1266591.17,7452.8,PITRCK,Relocate 2025,9/17/2025,After,230000111518,2B,Riffle 2B,32,129,102,56,90,1168,Cobble,SC1,1,0,0,0,Trimble,
51578,2804192.21,1266584.39,7452.92,PITRCK,Relocate 2025,9/17/2025,After,230000111748,2B,Riffle 2B,32,154,99,80,128,1669,Cobble,SC2,1,0,0,0,Trimble,
51579,2804190.02,1266579.64,7452.76,PITRCK,Relocate 2025,9/17/2025,After,230000111539,2B,Riffle 2B,32,153,112,75,128,1871,Cobble,SC2,1,0,0,0,Trimble,
51580,2804186.81,1266572.26,7453.62,PITRCK,Relocate 2025,9/17/2025,After,230000111528,2B,Riffle 2B,32,116,93,67,90,1027,Cobble,SC1,0,0,0,0,Trimble,
51581,2804162.17,1266576.98,7453.82,PITRCK,Relocate 2025,9/17/2025,After,230000111744,2B,Riffle 2B,32,113,96,57,90,914,Cobble,SC1,1,0,0,0,Trimble,
51582,2804165.33,1266583.3,7453.08,PITRCK,Relocate 2025,9/17/2025,After,230000111571,2B,Riffle 2B,32,126,87,39,90,849,Cobble,SC1,0,0,0,0,Trimble,
51583,2804168.68,1266589.95,7452.87,PITRCK,Relocate 2025,9/17/2025,After,230000111559,2B,Riffle 2B,32,104,81,74,90,892,Cobble,SC1,1,0,0,0,Trimble,
51584,2804170.89,1266595.29,7452.45,PITRCK,Relocate 2025,9/17/2025,After,230000111558,2B,Riffle 2B,32,145,118,52,128,1424,Cobble,SC2,0,0,0,0,Trimble,
51585,2804175.06,1266600.78,7452.97,PITRCK,Relocate 2025,9/17/2025,After,230000111749,2B,Riffle 2B,32,157,125,80,128,1961,Cobble,SC2,0,0,0,0,Trimble,
51586,2804177.65,1266607.36,7453.13,PITRCK,Relocate 2025,9/17/2025,After,230000111679,2B,Riffle 2B,32,141,105,79,128,1381,Cobble,SC2,0,0,0,0,Trimble,
51587,2804177.34,1266613.85,7453.27,PITRCK,Relocate 2025,9/17/2025,After,230000111550,2B,Riffle 2B,32,107,91,42,90,571,Cobble,SC1,1,0,0,0,Trimble,
51588,2804182.78,1266618.93,7453.24,PITRCK,Relocate 2025,9/17/2025,After,230000111667,2B,Riffle 2B,32,153,114,52,128,1347,Cobble,SC2,0,0,0,0,Trimble,
51589,2804184.83,1266624.08,7453.18,PITRCK,Relocate 2025,9/17/2025,After,230000111563,2B,Riffle 2B,32,114,62,54,90,634,Cobble,SC1,0,0,0,0,Trimble,
51590,2804186.85,1266629.62,7453.53,PITRCK,Relocate 2025,9/17/2025,After,230000111509,2B,Riffle 2B,32,103,99,48,90,750,Cobble,SC1,0,0,0,0,Trimble,
51591,2804188.48,1266635.69,7453.86,PITRCK,Relocate 2025,9/17/2025,After,230000111688,2B,Riffle 2B,32,116,90,40,90,655,Cobble,SC1,0,0,0,0,Trimble,
51600,2805198.23,1266508.86,7457.87,PITRCK,Relocate 2025,9/17/2025,After,209000133204,GA1,Gravel Augmentation,23,66,55,45,64,207.5,Gravel,VCG2,0,0,0,0,Trimble,
51602,2805214.93,1266496.83,7457.57,PITRCK,Relocate 2025,9/17/2025,After,209000133209,GA1,Gravel Augmentation,23,124,118,87,128,1659.5,Cobble,SC2,0,0,0,0,Trimble,
51603,2805192.4,1266517.23,7456.61,PITRCK,Relocate 2025,9/17/2025,After,209000133181,GA1,Gravel Augmentation,23,115,81,58,90,893,Cobble,SC1,0,0,0,0,Trimble,
51605,2805185.81,1266502.85,7457.59,PITRCK,Relocate 2025,9/17/2025,After,230000298006,GA1,Gravel Augmentation,32,264,167,82,256,8600,Cobble,LC2,1,0,0,0,Trimble,
51606,2805177.74,1266497.95,7454.97,PITRCK,Relocate 2025,9/17/2025,After,209000133155,GA1,Gravel Augmentation,23,118,85,39,90,868,Cobble,SC1,0,0,0,0,Trimble,
51608,2805162.24,1266514.5,7456.97,PITRCK,Relocate 2025,9/17/2025,After,209000133126,GA1,Gravel Augmentation,23,196,92,78,128,2591,Cobble,SC2,1,0,0,0,Trimble,
51609,2805158.42,1266509.67,7455.31,PITRCK,Relocate 2025,9/17/2025,After,209000133194,GA1,Gravel Augmentation,23,85,66,42,64,348,Gravel,VCG2,0,0,0,0,Trimble,
51610,2804793.68,1266584.34,7454.48,PITRCK,Relocate 2025,9/17/2025,After,209000133134,GA2,Gravel Augmentation,23,63,51,34,64,157,Gravel,VCG2,0,0,0,1,Trimble, Approximate recap location.
51612,2803750.82,1266647.15,7448.64,PITRCK,Relocate 2025,9/17/2025,After,209000133192,GA2,Gravel Augmentation,32,117,105,60,128,1101,Cobble,SC2,0,0,0,1,Trimble, Approximate recap location.
51614,2804898.23,1266460.64,7455.88,PITRCK,Relocate 2025,9/17/2025,After,209000133185,GA3,Gravel Augmentation,23,99,63,40,64,407,Gravel,VCG2,0,0,0,0,Trimble, Approximate recap location.
51616,2804904.04,1266470.27,7457.12,PITRCK,Relocate 2025,9/17/2025,After,209000133175,GA3,Gravel Augmentation,23,159,105,68,128,2043,Cobble,SC2,0,0,0,1,Trimble, Approximate recap location.
51617,2804748.11,1266627.65,7456.24,PITRCK,Relocate 2025,9/17/2025,After,209000133130,GA4,Gravel Augmentation,23,80,60,36,64,289,Gravel,VCG2,0,0,0,1,Trimble, Approximate recap location.
51619,2803709.68,1266658.22,7448.12,PITRCK,Relocate 2025,9/17/2025,After,209000133137,GA4,Gravel Augmentation,23,165,74,64,90,1338.5,Cobble,SC1,0,0,0,1,Trimble, Approximate recap location.
51620,2804135.38,1266641.17,7452.67,PITRCK,Relocate 2025,9/17/2025,After,209000133179,GA4,Gravel Augmentation,23,84,58,47,64,371,Gravel,VCG2,0,0,0,0,Trimble,
51621,2804483.3,1266576.25,7454.37,PITRCK,Relocate 2025,9/17/2025,After,209000133147,GA5,Gravel Augmentation,23,65,61,41,64,265.5,Gravel,VCG2,1,0,0,0,Trimble,
51622,2804657.08,1266599.51,7454.95,PITRCK,Relocate 2025,9/17/2025,After,230000298016,GA5,Gravel Augmentation,32,250,175,98,256,9700,Cobble,LC2,0,0,0,0,Trimble,
51624,2804584.35,1266590.95,7454.81,PITRCK,Relocate 2025,9/17/2025,After,209000133187,GA5,Gravel Augmentation,23,95,94,40,90,630.5,Cobble,SC1,0,0,0,0,Trimble,
51626,2804173.73,1266623.44,7452.85,PITRCK,Relocate 2025,9/17/2025,After,209000133110,GA6,Gravel Augmentation,23,131,92,72,128,1429,Cobble,SC2,0,0,0,1,Trimble,
51628,2804367.67,1266553.17,7452.89,PITRCK,Relocate 2025,9/17/2025,After,209000133191,GA6,Gravel Augmentation,23,92,52,50,64,543,Gravel,VCG2,0,0,0,0,Trimble,
51629,2804188.56,1266604.1,7452.88,PITRCK,Relocate 2025,9/17/2025,After,209000133151,GA6,Gravel Augmentation,23,90,58,40,64,295.5,Gravel,VCG2,0,0,0,0,Trimble,
51630,2804193.22,1266526,7455.43,PITRCK,Relocate 2025,9/17/2025,After,226001370205,Overflow 1C,Gravel Augmentation,12,35,25,18,32,45,Gravel,CG2,0,0,0,1,Trimble,
51631,2804196.42,1266527.41,7455.36,PITRCK,Relocate 2025,9/17/2025,After,226001370222,Overflow 1C,Gravel Augmentation,12,26,18,11,16,7.0078,Gravel,MG2,0,0,0,1,Trimble,
51632,2804197.69,1266532.79,7455.18,PITRCK,Relocate 2025,9/17/2025,After,226001370230,Overflow 1C,Gravel Augmentation,12,47,29,16,32,59,Gravel,CG2,0,0,0,1,Trimble,
51636,2804583.87,1266514.09,7456.21,PITRCK,Relocate 2025,9/17/2025,After,226001370291,Overflow 1A,Gravel Augmentation,12,36,29,10,32,32,Gravel,CG2,1,0,0,0,Trimble,
51639,2802889.83,1266288.09,7448.82,PITRCK,Relocate 2025,9/17/2025,After,226001370204,Overflow 1A,Gravel Augmentation,12,21,18,10,16,5.067,Gravel,MG2,0,0,0,1,Trimble,
51651,2803123.48,1266408.44,7449.04,PITRCK,Relocate 2025,9/17/2025,After,231000039766,GA7,Gravel Augmentation,14,38,35,26,32,44,Gravel,CG2,0,0,0,1,Trimble, Approximate recap location.
51652,2803478.34,1266595.27,7451.06,PITRCK,Relocate 2025,9/17/2025,After,230000111608,GA7,Gravel Augmentation,32,160,123,71,128,2236,Cobble,SC2,0,0,0,0,Trimble,
51654,2803091.96,1266382.4,7448.64,PITRCK,Relocate 2025,9/17/2025,After,209000132730,GA9,Gravel Augmentation,23,213,165,116,180,6700,Cobble,LC1,0,0,0,0,Trimble,
51656,2803095.79,1266397.76,7450.06,PITRCK,Relocate 2025,9/17/2025,After,230000111711,GA9,Gravel Augmentation,32,155,106,45,128,990,Cobble,SC2,0,0,0,0,Trimble,
51659,2803037,1266435.64,7449.14,PITRCK,Relocate 2025,9/17/2025,After,230000111611,GA8,Gravel Augmentation,32,105,76,43,90,548,Cobble,SC1,0,0,0,1,Trimble,
51661,2803057.2,1266429.77,7450.51,PITRCK,Relocate 2025,9/17/2025,After,228000607522,GA8,Gravel Augmentation,23,136,61,33,64,516,Gravel,VCG2,0,0,0,1,Trimble,
51662,2802562.87,1266085.16,7447.13,PITRCK,Relocate 2025,9/17/2025,After,228000607519,GA11,Gravel Augmentation,23,81,64,41,64,437,Gravel,VCG2,1,0,0,0,Trimble,
51664,2802576.72,1266071.87,7447.46,PITRCK,Relocate 2025,9/17/2025,After,230000111502,GA11,Gravel Augmentation,32,148,121,63,128,2125,Cobble,SC2,0,0,0,0,Trimble,
51666,2801639.2,1265852.94,7443.06,PITRCK,Relocate 2025,9/17/2025,After,228000607500,GA10,Gravel Augmentation,23,102,64,55,64,373,Gravel,VCG2,1,0,0,1,Trimble,
51667,2802592,1266171.47,7449.1,PITRCK,Relocate 2025,9/17/2025,After,209000132759,GA10,Gravel Augmentation,23,185,175,98,180,5000,Cobble,LC1,0,0,0,0,Trimble,
51671,2802009.73,1265834.77,7443.52,PITRCK,Relocate 2025,9/17/2025,After,230000111553,GA12,Gravel Augmentation,32,144,123,55,128,1551,Cobble,SC2,1,0,0,0,Trimble,
51700,2802537,1266135.43,7447.87,PITRCK,Relocate 2025,9/18/2025,After,230000111574,3,Riffle 3,32,122,118,43,128,1033,Cobble,SC2,0,0,0,0,Trimble,
51701,2802540.33,1266131.84,7447.05,PITRCK,Relocate 2025,9/18/2025,After,230000111529,3,Riffle 3,32,248,168,104,180,5200,Cobble,LC1,0,0,0,0,Trimble,
51702,2802543.37,1266127.61,7446.62,PITRCK,Relocate 2025,9/18/2025,After,231000039749,3,Riffle 3,14,53,28,12,32,43.5,Gravel,CG2,0,1,0,0,Trimble,
51703,2802545.67,1266123.77,7446.84,PITRCK,Relocate 2025,9/18/2025,After,209000133173,3,Riffle 3,23,81,60,51,64,370.5,Gravel,VCG2,0,0,0,0,Trimble,
51704,2802547.98,1266118.59,7446.49,PITRCK,Relocate 2025,9/18/2025,After,230000111745,3,Riffle 3,32,96,94,43,90,833,Cobble,SC1,1,0,0,0,Trimble,
51705,2802552.06,1266115.99,7446.05,PITRCK,Relocate 2025,9/18/2025,After,231000039767,3,Riffle 3,14,50,35,21,32,67,Gravel,CG2,0,0,0,0,Trimble, Approximate recap location.
51706,2802552.62,1266111.36,7445.44,PITRCK,Relocate 2025,9/18/2025,After,230000111633,3,Riffle 3,32,123,109,74,128,1530,Cobble,SC2,1,0,0,0,Trimble,
51707,2802557.75,1266108.59,7445.9,PITRCK,Relocate 2025,9/18/2025,After,230000111542,3,Riffle 3,32,102,71,69,90,796,Cobble,SC1,1,0,0,0,Trimble,
51708,2802559.33,1266103.96,7445.52,PITRCK,Relocate 2025,9/18/2025,After,209000133189,3,Riffle 3,23,79,57,39,64,274.5,Gravel,VCG2,1,0,0,0,Trimble,
51709,2802563.43,1266102.66,7445.79,PITRCK,Relocate 2025,9/18/2025,After,226001370211,3,Riffle 3,12,33,30,14,32,36,Gravel,CG2,1,0,0,1,Trimble,
51710,2802566.59,1266096.21,7446.19,PITRCK,Relocate 2025,9/18/2025,After,226001370263,3,Riffle 3,12,17,17,11,16,3.727,Gravel,MG2,1,0,0,1,Trimble, Approximate recap location.
51711,2802569.25,1266091.41,7447.15,PITRCK,Relocate 2025,9/18/2025,After,209000133198,3,Riffle 3,23,75,56,45,64,317.5,Gravel,VCG2,1,0,0,0,Trimble,
51712,2802575.29,1266082.75,7447.49,PITRCK,Relocate 2025,9/18/2025,After,226001370297,3,Riffle 3,12,20,15,14,16,5.694,Gravel,MG2,1,0,0,1,Trimble,
51713,2802581.02,1266071.71,7447.59,PITRCK,Relocate 2025,9/18/2025,After,209000133195,3,Riffle 3,23,73,46,44,64,207,Gravel,VCG2,1,0,0,0,Trimble,
51714,2802581.95,1266063.09,7447.35,PITRCK,Relocate 2025,9/18/2025,After,230000111635,3,Riffle 3,32,100,86,60,90,643,Cobble,SC1,1,0,0,0,Trimble,
51715,2802569.21,1266048.51,7446.84,PITRCK,Relocate 2025,9/18/2025,After,209000133112,3,Riffle 3,23,70,45,32,45,113.5,Gravel,VCG1,1,0,0,1,Trimble,
51716,2802564.46,1266054.02,7446.56,PITRCK,Relocate 2025,9/18/2025,After,226001370254,3,Riffle 3,12,22,14,12,16,5.005,Gravel,MG2,1,0,0,1,Trimble, Approximate recap location.
51717,2802559.82,1266062.42,7447.16,PITRCK,Relocate 2025,9/18/2025,After,230000298018,3,Riffle 3,32,260,185,115,256,6600,Cobble,LC2,0,0,0,0,Trimble,
51718,2802555.25,1266068.52,7446.66,PITRCK,Relocate 2025,9/18/2025,After,209000133139,3,Riffle 3,23,55,38,22,45,128,Gravel,VCG1,0,1,0,0,Trimble,
51719,2802551.22,1266075.62,7446.25,PITRCK,Relocate 2025,9/18/2025,After,226001370258,3,Riffle 3,12,20,13,11,16,4.263,Gravel,MG2,0,0,0,1,Trimble,
51720,2802545.35,1266080.26,7446.33,PITRCK,Relocate 2025,9/18/2025,After,230000111597,3,Riffle 3,32,130,76,70,90,1058,Cobble,SC1,1,0,0,0,Trimble,
51721,2802544.01,1266088.23,7445.65,PITRCK,Relocate 2025,9/18/2025,After,230000111706,3,Riffle 3,32,120,105,62,128,1063,Cobble,SC2,0,0,0,0,Trimble,
51722,2802541.18,1266094.01,7445.39,PITRCK,Relocate 2025,9/18/2025,After,226001370265,3,Riffle 3,12,21,18,11,16,4.056,Gravel,MG2,0,0,0,0,Trimble, Approximate recap location.
51723,2802537.51,1266099.61,7445.54,PITRCK,Relocate 2025,9/18/2025,After,230000111627,3,Riffle 3,32,151,80,39,90,787,Cobble,SC1,0,0,0,0,Trimble,
51724,2802533.32,1266104.62,7446.11,PITRCK,Relocate 2025,9/18/2025,After,209000133133,3,Riffle 3,23,88,51,35,64,230.5,Gravel,VCG2,1,0,0,0,Trimble,
51725,2802529.99,1266109.48,7446.05,PITRCK,Relocate 2025,9/18/2025,After,209000133122,3,Riffle 3,23,90,52,44,64,332.5,Gravel,VCG2,0,0,0,0,Trimble,
51726,2802526.81,1266114.59,7446.44,PITRCK,Relocate 2025,9/18/2025,After,226001370252,3,Riffle 3,12,25,18,10,16,4.005,Gravel,MG2,1,0,0,1,Trimble, Approximate recap location.
51727,2802523.4,1266118.44,7447.44,PITRCK,Relocate 2025,9/18/2025,After,230000111674,3,Riffle 3,32,297,226,193,256,27800,Cobble,LC2,0,0,0,0,Trimble,
51728,2802520.47,1266121.95,7446.77,PITRCK,Relocate 2025,9/18/2025,After,231000039796,3,Riffle 3,14,52,35,16,32,58,Gravel,CG2,0,0,0,0,Trimble,
51729,2802517.52,1266126.14,7447.44,PITRCK,Relocate 2025,9/18/2025,After,209000133154,3,Riffle 3,23,86,55,34,64,294.5,Gravel,VCG2,0,0,0,0,Trimble,
51730,2802502.61,1266113.79,7447.39,PITRCK,Relocate 2025,9/18/2025,After,231000039708,3,Riffle 3,14,45,32,25,32,60.5,Gravel,CG2,0,0,0,0,Trimble,
51731,2802505.59,1266109.2,7446.86,PITRCK,Relocate 2025,9/18/2025,After,230000111514,3,Riffle 3,32,107,96,62,90,894,Cobble,SC1,1,0,0,0,Trimble,
51732,2802508.56,1266103.74,7446.91,PITRCK,Relocate 2025,9/18/2025,After,230000111612,3,Riffle 3,32,135,99,82,128,1821,Cobble,SC2,1,0,0,0,Trimble,
51733,2802514.41,1266099.06,7446.59,PITRCK,Relocate 2025,9/18/2025,After,230000111661,3,Riffle 3,32,141,67,45,90,711,Cobble,SC1,1,0,0,0,Trimble,
51734,2802517.82,1266094.27,7446.16,PITRCK,Relocate 2025,9/18/2025,After,226001370260,3,Riffle 3,12,30,26,12,32,33.5,Gravel,CG2,0,0,0,0,Trimble,
51735,2802520.89,1266090.33,7445.89,PITRCK,Relocate 2025,9/18/2025,After,230000111649,3,Riffle 3,32,150,87,55,90,1202,Cobble,SC1,1,0,0,0,Trimble,
51736,2802524.05,1266086.68,7445.9,PITRCK,Relocate 2025,9/18/2025,After,230000111538,3,Riffle 3,32,186,126,93,128,2956,Cobble,SC2,0,0,0,0,Trimble,
51737,2802524.61,1266081.01,7445.91,PITRCK,Relocate 2025,9/18/2025,After,230000111640,3,Riffle 3,32,336,221,183,256,18800,Cobble,LC2,1,0,0,0,Trimble,
51738,2802530.04,1266078.96,7445.65,PITRCK,Relocate 2025,9/18/2025,After,230000111601,3,Riffle 3,32,129,115,45,128,1232,Cobble,SC2,1,0,0,0,Trimble,
51739,2802533.67,1266074.85,7445.24,PITRCK,Relocate 2025,9/18/2025,After,230000111663,3,Riffle 3,32,96,77,43,90,526,Cobble,SC1,1,0,0,0,Trimble,
51740,2802537.11,1266070.6,7445.86,PITRCK,Relocate 2025,9/18/2025,After,209000133145,3,Riffle 3,23,84,71,35,64,359,Gravel,VCG2,0,0,0,0,Trimble,
51741,2802541.52,1266062.85,7446.17,PITRCK,Relocate 2025,9/18/2025,After,226001370370,3,Riffle 3,12,25,17,13,16,9.352,Gravel,MG2,1,0,0,0,Trimble,
51742,2802547.09,1266051.87,7446.78,PITRCK,Relocate 2025,9/18/2025,After,209000133202,3,Riffle 3,23,70,55,44,64,225,Gravel,VCG2,0,0,0,0,Trimble,
51743,2802550.43,1266044.54,7446.9,PITRCK,Relocate 2025,9/18/2025,After,230000111512,3,Riffle 3,32,135,102,78,128,1872,Cobble,SC2,1,0,0,0,Trimble,
51744,2802533.86,1266031.04,7446.66,PITRCK,Relocate 2025,9/18/2025,After,231000039743,3,Riffle 3,14,54,35,18,32,51.5,Gravel,CG2,0,0,0,1,Trimble,
51745,2802528.79,1266039.86,7446.4,PITRCK,Relocate 2025,9/18/2025,After,209000133166,3,Riffle 3,23,51,44,24,45,70.5,Gravel,VCG1,0,0,0,0,Trimble,
51746,2802525.23,1266046.28,7446.7,PITRCK,Relocate 2025,9/18/2025,After,230000111500,3,Riffle 3,32,265,245,90,256,12100,Cobble,LC2,0,0,0,0,Trimble,
51747,2802522.34,1266052.24,7445.92,PITRCK,Relocate 2025,9/18/2025,After,231000039789,3,Riffle 3,14,60,31,24,32,57,Gravel,CG2,0,0,0,1,Trimble,
51748,2802518.67,1266057.81,7445.5,PITRCK,Relocate 2025,9/18/2025,After,230000111580,3,Riffle 3,32,115,103,61,90,1055,Cobble,SC1,0,0,0,0,Trimble,
51749,2802513.91,1266062.11,7445.21,PITRCK,Relocate 2025,9/18/2025,After,230000111702,3,Riffle 3,32,115,108,100,128,1144,Cobble,SC2,1,0,0,0,Trimble,
51750,2802513.55,1266064.96,7445.9,PITRCK,Relocate 2025,9/18/2025,After,230000298019,3,Riffle 3,32,299,252,120,256,14900,Cobble,LC2,1,0,0,0,Trimble,
51751,2802508.84,1266068.9,7445.23,PITRCK,Relocate 2025,9/18/2025,After,230000111524,3,Riffle 3,32,154,89,64,90,1292,Cobble,SC1,1,0,0,0,Trimble,
51752,2802509.01,1266075.83,7446.02,PITRCK,Relocate 2025,9/18/2025,After,230000111554,3,Riffle 3,32,375,265,193,>256,22700,Boulder,SB1,0,0,0,0,Trimble,
51753,2802504.8,1266081.17,7446.16,PITRCK,Relocate 2025,9/18/2025,After,228000607568,3,Riffle 3,23,91,69,40,64,384,Gravel,VCG2,0,0,0,0,Trimble,
51754,2802501.77,1266085.58,7446.11,PITRCK,Relocate 2025,9/18/2025,After,209000133150,3,Riffle 3,23,65,36,24,45,94,Gravel,VCG1,0,0,0,0,Trimble,
51755,2802497.4,1266087.4,7446.82,PITRCK,Relocate 2025,9/18/2025,After,230000298009,3,Riffle 3,32,225,149,112,256,6900,Cobble,LC2,1,0,0,0,Trimble,
51756,2802495.17,1266092.98,7446.22,PITRCK,Relocate 2025,9/18/2025,After,226001370246,3,Riffle 3,12,21,17,11,16,5.37,Gravel,MG2,1,0,0,0,Trimble,
51757,2802492.81,1266096.2,7446.76,PITRCK,Relocate 2025,9/18/2025,After,230000111616,3,Riffle 3,32,153,135,74,128,2113,Cobble,SC2,0,0,0,0,Trimble,
51758,2802455.64,1266075.46,7446.55,PITRCK,Relocate 2025,9/18/2025,After,226001370229,3,Riffle 3,12,26,16,9,16,4.223,Gravel,MG2,1,0,0,1,Trimble,
51759,2802460.08,1266068.15,7446.53,PITRCK,Relocate 2025,9/18/2025,After,209000133186,3,Riffle 3,23,73,60,35,64,286,Gravel,VCG2,0,0,0,0,Trimble,
51760,2802462.99,1266063.18,7445.93,PITRCK,Relocate 2025,9/18/2025,After,226001370270,3,Riffle 3,12,39,29,12,32,33,Gravel,CG2,1,0,0,1,Trimble,
51761,2802465.92,1266057.69,7446.15,PITRCK,Relocate 2025,9/18/2025,After,230000111565,3,Riffle 3,32,311,241,149,256,13100,Cobble,LC2,0,0,0,0,Trimble,
51762,2802469.1,1266053.52,7445.64,PITRCK,Relocate 2025,9/18/2025,After,230000111628,3,Riffle 3,32,180,98,45,90,1341,Cobble,SC1,0,0,0,0,Trimble,
51763,2802471.57,1266049.5,7445.17,PITRCK,Relocate 2025,9/18/2025,After,231000039793,3,Riffle 3,14,61,35,26,32,81.5,Gravel,CG2,0,0,0,0,Trimble, Approximate recap location.
51764,2802471.35,1266044.96,7445.14,PITRCK,Relocate 2025,9/18/2025,After,230000111543,3,Riffle 3,32,109,88,33,90,649,Cobble,SC1,1,0,0,0,Trimble,
51765,2802476.83,1266042.64,7444.72,PITRCK,Relocate 2025,9/18/2025,After,226001370226,3,Riffle 3,12,41,22,14,32,31,Gravel,CG2,0,0,0,0,Trimble, Approximate recap location.
51766,2802480.15,1266037.94,7445.17,PITRCK,Relocate 2025,9/18/2025,After,230000298015,3,Riffle 3,32,178,165,46,256,57000,Cobble,LC2,1,0,0,0,Trimble,
51768,2802486.69,1266031.57,7444.97,PITRCK,Relocate 2025,9/18/2025,After,226001370300,3,Riffle 3,12,24,15,13,16,5.791,Gravel,MG2,0,0,0,0,Trimble,
51769,2802488.6,1266026.96,7445.82,PITRCK,Relocate 2025,9/18/2025,After,228000607575,3,Riffle 3,23,105,71,43,64,522,Gravel,VCG2,1,0,0,0,Trimble,
51770,2802491.76,1266021.66,7445.99,PITRCK,Relocate 2025,9/18/2025,After,209000133170,3,Riffle 3,23,122,76,38,64,542.5,Gravel,VCG2,0,0,0,0,Trimble,
51771,2802494.92,1266013.47,7446.32,PITRCK,Relocate 2025,9/18/2025,After,209000133193,3,Riffle 3,23,70,64,45,64,346.5,Gravel,VCG2,0,0,0,1,Trimble,
51772,2802479.36,1266001.14,7446.27,PITRCK,Relocate 2025,9/18/2025,After,226001370268,3,Riffle 3,12,18,16,12,16,4.506,Gravel,MG2,0,0,0,0,Trimble,
51773,2802475.06,1266007.75,7445.66,PITRCK,Relocate 2025,9/18/2025,After,226001370248,3,Riffle 3,12,28,28,26,32,45,Gravel,CG2,0,1,0,0,Trimble,
51774,2802472.4,1266013.13,7445.48,PITRCK,Relocate 2025,9/18/2025,After,226001370282,3,Riffle 3,12,39,28,18,32,53,Gravel,CG2,1,0,0,0,Trimble,
51775,2802469.46,1266017.36,7445.02,PITRCK,Relocate 2025,9/18/2025,After,226001370283,3,Riffle 3,12,30,29,17,32,41.5,Gravel,CG2,0,0,0,0,Trimble,
51776,2802463.3,1266018.1,7444.61,PITRCK,Relocate 2025,9/18/2025,After,209000133178,3,Riffle 3,23,76,60,33,64,245.5,Gravel,VCG2,1,0,0,0,Trimble,
51777,2802464.77,1266025.69,7444.96,PITRCK,Relocate 2025,9/18/2025,After,230000111617,3,Riffle 3,32,327,250,89,256,9000,Cobble,LC2,0,0,0,0,Trimble,
51778,2802461.2,1266031.79,7444.76,PITRCK,Relocate 2025,9/18/2025,After,230000111659,3,Riffle 3,32,164,139,68,128,2411,Cobble,SC2,0,0,0,0,Trimble,
51779,2802458.25,1266037.09,7445,PITRCK,Relocate 2025,9/18/2025,After,226001370202,3,Riffle 3,12,20,16,15,16,5.569,Gravel,MG2,1,1,0,0,Trimble,
51780,2802455.31,1266041.39,7445.61,PITRCK,Relocate 2025,9/18/2025,After,230000111505,3,Riffle 3,32,117,77,71,90,941,Cobble,SC1,0,0,0,0,Trimble,
51781,2802449.95,1266045.36,7445.54,PITRCK,Relocate 2025,9/18/2025,After,226001370242,3,Riffle 3,12,24,21,12,16,4.828,Gravel,MG2,1,0,0,0,Trimble,moved by hand 1-2 ft.  Approximate recap location.
51782,2802449.67,1266049.87,7446.04,PITRCK,Relocate 2025,9/18/2025,After,230000111513,3,Riffle 3,32,148,93,75,90,1599,Cobble,SC1,0,0,0,0,Trimble,
51784,2802443.94,1266059.21,7446.44,PITRCK,Relocate 2025,9/18/2025,After,230000111579,3,Riffle 3,32,121,89,53,90,906,Cobble,SC1,0,0,0,0,Trimble,
51785,2802441.32,1266063.36,7446.75,PITRCK,Relocate 2025,9/18/2025,After,230000111610,3,Riffle 3,32,130,85,56,90,936,Cobble,SC1,0,0,0,0,Trimble,
51786,2802421.31,1266052.38,7447.2,PITRCK,Relocate 2025,9/18/2025,After,230000111520,3,Riffle 3,32,134,95,42,90,1088,Cobble,SC1,1,0,0,0,Trimble,
51787,2802424.34,1266048.12,7446.45,PITRCK,Relocate 2025,9/18/2025,After,226001370220,3,Riffle 3,12,22,15,10,16,4.661,Gravel,MG2,0,0,0,1,Trimble,
51788,2802428.23,1266041.8,7446.19,PITRCK,Relocate 2025,9/18/2025,After,230000111533,3,Riffle 3,32,98,93,48,90,686,Cobble,SC1,1,0,0,0,Trimble,
51789,2802432.74,1266033.95,7445.85,PITRCK,Relocate 2025,9/18/2025,After,209000133177,3,Riffle 3,23,87,66,41,64,368,Gravel,VCG2,0,0,0,0,Trimble,
51790,2802436.1,1266029.45,7445.54,PITRCK,Relocate 2025,9/18/2025,After,209000133492,3,Riffle 3,23,68,54,45,64,212,Gravel,VCG2,0,0,0,0,Trimble,
51791,2802438.71,1266025.65,7445.2,PITRCK,Relocate 2025,9/18/2025,After,226001370217,3,Riffle 3,12,39,31,14,32,44.5,Gravel,CG2,0,0,0,0,Trimble,
51792,2802440.01,1266020.94,7445.21,PITRCK,Relocate 2025,9/18/2025,After,230000111557,3,Riffle 3,32,330,277,129,>256,17300,Boulder,SB1,1,0,0,0,Trimble,
51793,2802443.64,1266017.25,7444.6,PITRCK,Relocate 2025,9/18/2025,After,209000133196,3,Riffle 3,23,76,62,40,64,296,Gravel,VCG2,0,0,0,0,Trimble,
51794,2802446.52,1266012.89,7444.96,PITRCK,Relocate 2025,9/18/2025,After,230000111637,3,Riffle 3,32,168,104,67,128,1687,Cobble,SC2,0,0,0,0,Trimble,
51795,2802447.39,1266009.13,7445.08,PITRCK,Relocate 2025,9/18/2025,After,230000298010,3,Riffle 3,32,310,175,65,256,10400,Cobble,LC2,1,0,0,0,Trimble,
51796,2802450.62,1266005.8,7445.11,PITRCK,Relocate 2025,9/18/2025,After,230000111699,3,Riffle 3,32,185,124,79,128,3653,Cobble,SC2,0,0,0,0,Trimble,
51797,2802453.69,1266002.18,7445.08,PITRCK,Relocate 2025,9/18/2025,After,230000111561,3,Riffle 3,32,125,98,59,90,1054,Cobble,SC1,0,0,0,0,Trimble,
51798,2802456.91,1265996.38,7445.4,PITRCK,Relocate 2025,9/18/2025,After,226001370385,3,Riffle 3,12,22,17,13,16,6.371,Gravel,MG2,0,0,0,1,Trimble,
51799,2802460.2,1265991.51,7446.01,PITRCK,Relocate 2025,9/18/2025,After,209000133201,3,Riffle 3,23,94,65,45,64,461.5,Gravel,VCG2,1,0,0,0,Trimble,
51800,2808424.04,1266599.58,7466.75,PITRCK,Relocate 2025,9/22/2025,After,230000111676,0,Riffle 0,32,145,84,71,90,1337,Cobble,SC1,0,0,0,0,Trimble,
51801,2808426.4,1266592.21,7466.38,PITRCK,Relocate 2025,9/22/2025,After,228000607556,0,Riffle 0,23,51,49,46,64,159,Gravel,VCG2,1,0,0,0,Trimble,
51802,2808426.51,1266584.62,7465.58,PITRCK,Relocate 2025,9/22/2025,After,230000111531,0,Riffle 0,32,123,113,67,128,1519,Cobble,SC2,0,0,0,0,Trimble,
51803,2808425.94,1266578.55,7466.34,PITRCK,Relocate 2025,9/22/2025,After,209000132800,0,Riffle 0,23,285,220,197,>256,24100,Boulder,SB1,1,0,0,0,Trimble,
51804,2808427.66,1266573.43,7465.79,PITRCK,Relocate 2025,9/22/2025,After,228000607510,0,Riffle 0,23,82,65,40,64,401,Gravel,VCG2,0,0,0,0,Trimble,
51805,2808428.38,1266568.52,7466.09,PITRCK,Relocate 2025,9/22/2025,After,209000132794,0,Riffle 0,23,129,126,110,180,3000,Cobble,LC1,0,0,0,0,Trimble,
51806,2808430.06,1266563.14,7466.01,PITRCK,Relocate 2025,9/22/2025,After,230000111651,0,Riffle 0,32,117,111,49,90,767,Cobble,SC1,0,0,0,0,Trimble,
51807,2808431.94,1266558.07,7466.18,PITRCK,Relocate 2025,9/22/2025,After,231000039742,0,Riffle 0,14,36,36,26,45,84,Gravel,VCG1,0,0,0,0,Trimble,
51808,2808432.77,1266552.9,7466.31,PITRCK,Relocate 2025,9/22/2025,After,230000111715,0,Riffle 0,32,168,117,70,128,2178,Cobble,SC2,0,0,0,0,Trimble,
51809,2808434.35,1266546.79,7466.08,PITRCK,Relocate 2025,9/22/2025,After,209000133171,0,Riffle 0,23,46,44,24,45,55,Gravel,VCG1,0,0,0,0,Trimble,
51810,2808434.88,1266542.8,7466.06,PITRCK,Relocate 2025,9/22/2025,After,230000111521,0,Riffle 0,32,203,83,83,90,2179,Cobble,SC1,0,0,0,0,Trimble,
51811,2808435.37,1266538.85,7465.92,PITRCK,Relocate 2025,9/22/2025,After,226001370295,0,Riffle 0,12,50,35,21,32,44,Gravel,CG2,0,0,0,0,Trimble,
51813,2808436.51,1266529.08,7466.24,PITRCK,Relocate 2025,9/22/2025,After,226001370301,0,Riffle 0,12,26,18,10,16,6,Gravel,MG2,0,0,0,1,Trimble,
51815,2808436.92,1266519.21,7466.67,PITRCK,Relocate 2025,9/22/2025,After,226001370381,0,Riffle 0,12,21,20,12,22.6,6.5,Gravel,CG1,1,1,0,0,Trimble,
51816,2808437.63,1266514.22,7467.04,PITRCK,Relocate 2025,9/22/2025,After,226001370287,0,Riffle 0,12,40,37,24,32,36,Gravel,CG2,0,0,0,1,Trimble,
51820,2808416.12,1266498.71,7467.31,PITRCK,Relocate 2025,9/22/2025,After,226001370357,0,Riffle 0,12,32,21,12,22.6,9.5,Gravel,CG1,1,0,0,1,Trimble,
51821,2808416.14,1266504.76,7467.39,PITRCK,Relocate 2025,9/22/2025,After,209000133207,0,Riffle 0,23,120,69,56,90,768.5,Cobble,SC1,1,0,0,0,Trimble,
51824,2808416.41,1266522.45,7466.21,PITRCK,Relocate 2025,9/22/2025,After,226001370238,0,Riffle 0,12,45,25,13,22.6,22.5,Gravel,CG1,1,1,0,0,Trimble,
51825,2808415.28,1266529.03,7466.44,PITRCK,Relocate 2025,9/22/2025,After,209000132778,0,Riffle 0,23,175,147,98,180,4500,Cobble,LC1,1,0,0,0,Trimble,
51826,2808413.5,1266534.31,7465.79,PITRCK,Relocate 2025,9/22/2025,After,226001370393,0,Riffle 0,12,31,17,12,16,9.5,Gravel,MG2,1,1,0,0,Trimble,
51827,2808407.71,1266536.45,7466.02,PITRCK,Relocate 2025,9/22/2025,After,230000111595,0,Riffle 0,32,158,98,49,90,939,Cobble,SC1,1,0,0,0,Trimble,
51828,2808413.37,1266545.6,7465.95,PITRCK,Relocate 2025,9/22/2025,After,226001370302,0,Riffle 0,12,28,18,10,22.6,7.5,Gravel,CG1,1,0,0,1,Trimble,
51829,2808411.29,1266549.43,7466.07,PITRCK,Relocate 2025,9/22/2025,After,228000607536,0,Riffle 0,23,70,68,51,64,373,Gravel,VCG2,1,1,0,0,Trimble,
51830,2808410.54,1266554.36,7466.01,PITRCK,Relocate 2025,9/22/2025,After,230000111741,0,Riffle 0,32,148,100,84,128,1958,Cobble,SC2,1,0,0,0,Trimble,
51831,2808412.17,1266559.09,7466.58,PITRCK,Relocate 2025,9/22/2025,After,209000132717,0,Riffle 0,23,318,176,124,180,9300,Cobble,LC1,0,0,0,1,Trimble,
51832,2808412.49,1266563.43,7465.73,PITRCK,Relocate 2025,9/22/2025,After,226001370384,0,Riffle 0,12,27,20,10,22.6,8,Gravel,CG1,1,0,0,1,Trimble,
51833,2808411.53,1266567.99,7466.1,PITRCK,Relocate 2025,9/22/2025,After,209000133200,0,Riffle 0,23,56,45,32,64,174,Gravel,VCG2,0,1,0,0,Trimble,
51836,2808408.76,1266581.33,7465.71,PITRCK,Relocate 2025,9/22/2025,After,226001370336,0,Riffle 0,12,26,15,13,16,7,Gravel,MG2,0,1,0,0,Trimble,
51838,2808406.57,1266593.25,7466.63,PITRCK,Relocate 2025,9/22/2025,After,226001370371,0,Riffle 0,12,25,23,13,22.6,7,Gravel,CG1,0,1,0,0,Trimble,
51839,2808405.14,1266599.83,7467.12,PITRCK,Relocate 2025,9/22/2025,After,230000111722,0,Riffle 0,32,81,59,42,64,385,Gravel,VCG2,0,0,0,0,Trimble,
51840,2808384.88,1266601.63,7467.07,PITRCK,Relocate 2025,9/22/2025,After,226001370307,0,Riffle 0,12,97,76,26,64,274.5,Gravel,VCG2,0,1,0,0,Trimble,
51841,2808384.02,1266596.8,7466.73,PITRCK,Relocate 2025,9/22/2025,After,226001370399,0,Riffle 0,12,42,26,23,32,33.5,Gravel,CG2,1,1,0,0,Trimble,
51842,2808385.65,1266590.83,7466.64,PITRCK,Relocate 2025,9/22/2025,After,228000607559,0,Riffle 0,23,63,54,45,64,235,Gravel,VCG2,0,1,0,0,Trimble,
51843,2808387.51,1266585.28,7466.41,PITRCK,Relocate 2025,9/22/2025,After,228000607501,0,Riffle 0,23,78,52,34,64,212,Gravel,VCG2,0,1,0,0,Trimble,
51844,2808387.61,1266580.28,7466.08,PITRCK,Relocate 2025,9/22/2025,After,228000607562,0,Riffle 0,23,74,50,36,45,173,Gravel,VCG1,0,1,0,0,Trimble,
51845,2808388.98,1266574.61,7465.92,PITRCK,Relocate 2025,9/22/2025,After,209000133128,0,Riffle 0,23,65,41,25,45,73,Gravel,VCG1,0,1,0,0,Trimble,
51846,2808389.83,1266570.31,7465.9,PITRCK,Relocate 2025,9/22/2025,After,226001370251,0,Riffle 0,12,49,32,16,32,32.5,Gravel,CG2,0,0,0,1,Trimble,
51847,2808390.17,1266566.11,7466.44,PITRCK,Relocate 2025,9/22/2025,After,209000132724,0,Riffle 0,23,214,160,80,180,4700,Cobble,LC1,1,0,0,0,Trimble,
51848,2808392.5,1266561.19,7466.06,PITRCK,Relocate 2025,9/22/2025,After,226001370362,0,Riffle 0,12,25,18,15,22.6,8,Gravel,CG1,0,0,0,1,Trimble,
51849,2808394.95,1266556.26,7466.66,PITRCK,Relocate 2025,9/22/2025,After,209000132728,0,Riffle 0,23,336,224,183,>256,26700,Boulder,SB1,0,0,0,0,Trimble,
51850,2808396.1,1266551.17,7465.63,PITRCK,Relocate 2025,9/22/2025,After,226001370239,0,Riffle 0,12,46,33,19,45,76,Gravel,VCG1,0,0,0,0,Trimble,
51851,2808396.12,1266547.16,7465.79,PITRCK,Relocate 2025,9/22/2025,After,230000111532,0,Riffle 0,32,134,126,67,128,1534,Cobble,SC2,0,0,0,0,Trimble,
51852,2808395.42,1266542.82,7465.8,PITRCK,Relocate 2025,9/22/2025,After,228000607566,0,Riffle 0,23,79,41,35,45,159,Gravel,VCG1,1,1,0,0,Trimble,
51853,2808396.2,1266536.98,7465.56,PITRCK,Relocate 2025,9/22/2025,After,226001370328,0,Riffle 0,12,28,17,16,22.6,10,Gravel,CG1,0,0,0,1,Trimble,
51854,2808395.69,1266532.04,7465.75,PITRCK,Relocate 2025,9/22/2025,After,226001370305,0,Riffle 0,12,66,33,18,32,55.5,Gravel,CG2,0,1,0,0,Trimble,
51855,2808393.92,1266525.91,7466.18,PITRCK,Relocate 2025,9/22/2025,After,230000111549,0,Riffle 0,32,82,76,75,90,643,Cobble,SC1,1,1,0,0,Trimble,
51856,2808395.46,1266521.2,7466.11,PITRCK,Relocate 2025,9/22/2025,After,226001370358,0,Riffle 0,12,38,24,19,32,29,Gravel,CG2,1,1,0,0,Trimble,
51857,2808398.52,1266512.21,7466.77,PITRCK,Relocate 2025,9/22/2025,After,230000111647,0,Riffle 0,32,170,140,55,128,2193,Cobble,SC2,1,0,0,0,Trimble,"moved upstream, likely tampered with. "
51858,2808397.13,1266509.08,7466.66,PITRCK,Relocate 2025,9/22/2025,After,231000039778,0,Riffle 0,14,54,33,22,45,61,Gravel,VCG1,1,0,0,1,Trimble,
51859,2808394.18,1266505.81,7466.75,PITRCK,Relocate 2025,9/22/2025,After,226001370274,0,Riffle 0,12,39,29,19,32,31,Gravel,CG2,1,1,0,0,Trimble,
51860,2808344.56,1266596.14,7466.8,PITRCK,Relocate 2025,9/22/2025,After,209000132746,0,Riffle 0,23,226,175,143,>256,10700,Boulder,SB1,1,1,0,0,Trimble,
51861,2808344.96,1266591.31,7466.3,PITRCK,Relocate 2025,9/22/2025,After,226001370255,0,Riffle 0,12,29,19,14,16,8.435,Gravel,MG2,0,0,0,1,Trimble,
51862,2808345.9,1266585.51,7466.59,PITRCK,Relocate 2025,9/22/2025,After,230000111701,0,Riffle 0,32,144,135,89,128,2792,Cobble,SC2,1,1,0,0,Trimble,
51863,2808347.39,1266580.07,7465.72,PITRCK,Relocate 2025,9/22/2025,After,209000133124,0,Riffle 0,23,61,53,25,45,110.5,Gravel,VCG1,0,0,0,1,Trimble,
51864,2808348.03,1266574.43,7465.69,PITRCK,Relocate 2025,9/22/2025,After,230000111689,0,Riffle 0,32,141,84,37,90,888,Cobble,SC1,0,1,0,0,Trimble,"used to be in riffle 1, now gravel aug"
51865,2808348.47,1266569.48,7465.42,PITRCK,Relocate 2025,9/22/2025,After,230000111615,0,Riffle 0,32,134,115,42,128,986,Cobble,SC2,0,1,0,0,Trimble,
51866,2808349.52,1266564.07,7465.55,PITRCK,Relocate 2025,9/22/2025,After,230000111609,0,Riffle 0,32,104,76,53,90,580,Cobble,SC1,0,1,0,0,Trimble,
51867,2808350.42,1266561.03,7465.65,PITRCK,Relocate 2025,9/22/2025,After,230000111730,0,Riffle 0,32,120,114,65,128,1278,Cobble,SC2,1,0,0,0,Trimble,
51868,2808350.86,1266556.32,7465.42,PITRCK,Relocate 2025,9/22/2025,After,230000111577,0,Riffle 0,32,102,78,45,90,546,Cobble,SC1,0,1,0,0,Trimble,
51869,2808351.04,1266551.28,7465.69,PITRCK,Relocate 2025,9/22/2025,After,209000132718,0,Riffle 0,23,210,149,100,180,3500,Cobble,LC1,1,0,0,0,Trimble,
51870,2808352.97,1266546.78,7465.51,PITRCK,Relocate 2025,9/22/2025,After,228000607515,0,Riffle 0,23,61,57,54,64,362,Gravel,VCG2,0,1,0,0,Trimble,
51871,2808353.59,1266543.3,7465.74,PITRCK,Relocate 2025,9/22/2025,After,209000132788,0,Riffle 0,23,212,185,97,180,3800,Cobble,LC1,0,1,0,0,Trimble,
51872,2808349.95,1266537.17,7465.05,PITRCK,Relocate 2025,9/22/2025,After,226001370347,0,Riffle 0,12,24,20,15,22.6,9,Gravel,CG1,1,0,0,1,Trimble,"Found rock, didn't read tag, may be damaged.  Approximate recap location."
51873,2808356.13,1266533.29,7465.84,PITRCK,Relocate 2025,9/22/2025,After,230000111517,0,Riffle 0,32,142,136,46,128,1173,Cobble,SC2,0,0,0,0,Trimble,
51874,2808353.22,1266529.51,7465.71,PITRCK,Relocate 2025,9/22/2025,After,231000039772,0,Riffle 0,14,42,34,21,45,80.5,Gravel,VCG1,0,0,0,1,Trimble,
51875,2808356.35,1266523.82,7465.76,PITRCK,Relocate 2025,9/22/2025,After,226001370354,0,Riffle 0,12,24,19,13,16,5,Gravel,MG2,0,0,0,1,Trimble,
51876,2808356.6,1266518.27,7466.13,PITRCK,Relocate 2025,9/22/2025,After,230000111736,0,Riffle 0,32,155,109,66,128,1789,Cobble,SC2,0,1,0,0,Trimble,
51877,2808356.75,1266512.17,7466.21,PITRCK,Relocate 2025,9/22/2025,After,226001370279,0,Riffle 0,12,60,38,19,32,65.5,Gravel,CG2,1,1,0,0,Trimble,
51878,2808356.64,1266505.53,7466.12,PITRCK,Relocate 2025,9/22/2025,After,226001370323,0,Riffle 0,12,31,19,13,16,9,Gravel,MG2,0,0,0,1,Trimble,
51879,2808356.85,1266499.95,7466.63,PITRCK,Relocate 2025,9/22/2025,After,230000111618,0,Riffle 0,32,115,108,78,128,1109,Cobble,SC2,0,1,0,0,Trimble,
51880,2808338.25,1266498.2,7465.96,PITRCK,Relocate 2025,9/22/2025,After,209000133163,0,Riffle 0,23,61,56,41,64,218.5,Gravel,VCG2,0,1,0,0,Trimble,
51881,2808337.46,1266504.38,7465.88,PITRCK,Relocate 2025,9/22/2025,After,230000111556,0,Riffle 0,32,116,113,59,128,1187,Cobble,SC2,0,0,0,0,Trimble,
51882,2808336.72,1266509.17,7465.89,PITRCK,Relocate 2025,9/22/2025,After,226001370231,0,Riffle 0,12,35,34,20,32,32.5,Gravel,CG2,0,1,0,0,Trimble,
51883,2808335.82,1266513.15,7466.22,PITRCK,Relocate 2025,9/22/2025,After,230000111737,0,Riffle 0,32,169,138,82,128,2929,Cobble,SC2,1,0,0,0,Trimble,"used to be in riffle 1, now gravel aug"
51884,2808334.32,1266520.03,7465.78,PITRCK,Relocate 2025,9/22/2025,After,226001370209,0,Riffle 0,12,52,34,27,32,50.5,Gravel,CG2,1,1,0,0,Trimble,
51885,2808334.89,1266526.33,7465.71,PITRCK,Relocate 2025,9/22/2025,After,230000111642,0,Riffle 0,32,190,98,44,90,1225,Cobble,SC1,1,0,0,0,Trimble,
51886,2808335.13,1266530.21,7465.46,PITRCK,Relocate 2025,9/22/2025,After,226001370288,0,Riffle 0,12,39,38,15,32,31.5,Gravel,CG2,0,0,0,1,Trimble,
51887,2808334.25,1266534.22,7466.07,PITRCK,Relocate 2025,9/22/2025,After,209000132715,0,Riffle 0,23,340,209,196,>256,27100,Boulder,SB1,0,0,0,0,Trimble,
51888,2808334.32,1266539.12,7465.43,PITRCK,Relocate 2025,9/22/2025,After,231000039721,0,Riffle 0,14,44,35,18,45,57.5,Gravel,VCG1,0,1,0,0,Trimble,
51889,2808333.81,1266545.39,7465.27,PITRCK,Relocate 2025,9/22/2025,After,230000111693,0,Riffle 0,32,154,92,58,90,1342,Cobble,SC1,0,1,0,0,Trimble,
51890,2808333.08,1266550.56,7465.7,PITRCK,Relocate 2025,9/22/2025,After,230000111552,0,Riffle 0,32,120,126,78,128,2224,Cobble,SC2,1,0,0,0,Trimble,
51891,2808332.49,1266555.36,7465.61,PITRCK,Relocate 2025,9/22/2025,After,230000111720,0,Riffle 0,32,119,100,43,90,741,Cobble,SC1,0,0,0,0,Trimble,
51892,2808332.77,1266560.1,7465.52,PITRCK,Relocate 2025,9/22/2025,After,230000111641,0,Riffle 0,32,124,104,56,90,1093,Cobble,SC1,1,0,0,0,Trimble,
51893,2808331.56,1266565.39,7465.08,PITRCK,Relocate 2025,9/22/2025,After,226001370369,0,Riffle 0,12,26,19,15,22.6,9,Gravel,CG1,0,0,0,1,Trimble,
51894,2808332.26,1266569.77,7465.75,PITRCK,Relocate 2025,9/22/2025,After,209000132755,0,Riffle 0,23,214,173,90,180,5000,Cobble,LC1,1,1,0,0,Trimble,
51895,2808330.88,1266574.95,7465.77,PITRCK,Relocate 2025,9/22/2025,After,226001370320,0,Riffle 0,12,38,30,19,32,31,Gravel,CG2,0,0,0,1,Trimble,
51896,2808330.4,1266579.56,7466.07,PITRCK,Relocate 2025,9/22/2025,After,230000111503,0,Riffle 0,32,156,92,43,90,895,Cobble,SC1,0,1,0,0,Trimble,
51897,2808329.34,1266584.24,7466.27,PITRCK,Relocate 2025,9/22/2025,After,228000607502,0,Riffle 0,23,118,54,52,64,615,Gravel,VCG2,0,0,0,0,Trimble,
51898,2808328.4,1266589.15,7466.23,PITRCK,Relocate 2025,9/22/2025,After,226001370227,0,Riffle 0,12,50,27,21,32,33,Gravel,CG2,1,0,0,1,Trimble,
51899,2808326.09,1266594,7466.92,PITRCK,Relocate 2025,9/22/2025,After,230000111535,0,Riffle 0,32,168,101,97,128,1715,Cobble,SC2,0,0,0,0,Trimble,
,,,,,,,,,,,,,,,,,,,,,,,,
